publication_id,score,compound,capped,total_hits_reported
US-20180098969-A1,22.55108,Brentuximab_vedotin,False,2613
CA-3040155-A1,22.263762,Brentuximab_vedotin,False,2613
WO-2018068832-A1,22.23938,Brentuximab_vedotin,False,2613
AU-2016426574-A1,22.21338,Brentuximab_vedotin,False,2613
US-20220280485-A1,22.155067,Brentuximab_vedotin,False,2613
US-11766424-B2,22.155067,Brentuximab_vedotin,False,2613
EP-3538221-B1,22.01306,Brentuximab_vedotin,False,2613
US-20240082220-A1,21.91951,Brentuximab_vedotin,False,2613
US-12440475-B2,21.91951,Brentuximab_vedotin,False,2613
WO-2019036632-A1,21.690008,Brentuximab_vedotin,False,2613
US-10335494-B2,21.665712,Brentuximab_vedotin,False,2613
IN-202421018988-A,21.610651,Brentuximab_vedotin,False,2613
AU-2016426574-B2,21.530354,Brentuximab_vedotin,False,2613
EP-3464368-B1,21.488838,Brentuximab_vedotin,False,2613
US-20230136346-A1,21.382294,Brentuximab_vedotin,False,2613
US-12303724-B2,21.382294,Brentuximab_vedotin,False,2613
AU-2017274444-B2,21.34748,Brentuximab_vedotin,False,2613
CA-3040155-C,21.167265,Brentuximab_vedotin,False,2613
US-11464869-B2,21.126701,Brentuximab_vedotin,False,2613
MX-2022009389-A,21.09142,Brentuximab_vedotin,False,2613
MX-2022014225-A,21.079172,Brentuximab_vedotin,False,2613
NZ-748650-A,21.02537,Brentuximab_vedotin,False,2613
AU-2018347406-B2,20.93941,Brentuximab_vedotin,False,2613
US-11266631-B2,20.860683,Brentuximab_vedotin,False,2613
US-11299543-B2,20.82837,Brentuximab_vedotin,False,2613
EP-4248989-A2,20.82837,Brentuximab_vedotin,False,2613
EP-3216859-B1,20.713757,Brentuximab_vedotin,False,2613
US-20190192559-A1,20.608524,Brentuximab_vedotin,False,2613
US-20160303249-A1,20.570063,Brentuximab_vedotin,False,2613
WO-2018027022-A1,20.527166,Brentuximab_vedotin,False,2613
EP-3493793-A1,20.527166,Brentuximab_vedotin,False,2613
CA-3032011-A1,20.527166,Brentuximab_vedotin,False,2613
US-20190290776-A1,20.475723,Brentuximab_vedotin,False,2613
WO-2018089890-A1,20.424038,Brentuximab_vedotin,False,2613
EP-3538221-A1,20.424038,Brentuximab_vedotin,False,2613
CA-3042889-A1,20.424038,Brentuximab_vedotin,False,2613
US-9844582-B2,20.382502,Brentuximab_vedotin,False,2613
WO-2015085289-A1,20.245485,Brentuximab_vedotin,False,2613
EP-3076963-A1,20.245485,Brentuximab_vedotin,False,2613
US-20200011876-A1,20.174625,Brentuximab_vedotin,False,2613
WO-2020257745-A1,20.153858,Brentuximab_vedotin,False,2613
EP-3986439-A1,20.153858,Brentuximab_vedotin,False,2613
US-20240245753-A1,20.13862,Brentuximab_vedotin,False,2613
US-20220226439-A1,20.13862,Brentuximab_vedotin,False,2613
HK-40085192-A,20.107845,Brentuximab_vedotin,False,2613
HK-40090524-A,20.104872,Brentuximab_vedotin,False,2613
WO-2025169056-A1,20.098095,Brentuximab_vedotin,False,2613
WO-2021231568-A1,20.089563,Brentuximab_vedotin,False,2613
EP-4149559-A1,20.089563,Brentuximab_vedotin,False,2613
US-20200397759-A1,20.075443,Brentuximab_vedotin,False,2613
WO-2021155129-A1,19.967361,Brentuximab_vedotin,False,2613
EP-4096713-A1,19.967361,Brentuximab_vedotin,False,2613
US-20220227815-A1,19.964752,Brentuximab_vedotin,False,2613
CA-3183602-A1,19.934172,Brentuximab_vedotin,False,2613
IL-315565-A,19.93206,Brentuximab_vedotin,False,2613
WO-2023154349-A2,19.875269,Brentuximab_vedotin,False,2613
US-20250283177-A1,19.875269,Brentuximab_vedotin,False,2613
EP-4476367-A2,19.875269,Brentuximab_vedotin,False,2613
AU-2023218995-A1,19.875269,Brentuximab_vedotin,False,2613
US-20190308000-A1,19.851124,Brentuximab_vedotin,False,2613
CA-3169661-A1,19.814423,Brentuximab_vedotin,False,2613
US-20200033348-A1,19.779352,Brentuximab_vedotin,False,2613
SG-11202003955U-A,19.7634,Brentuximab_vedotin,False,2613
WO-2019195389-A1,19.737654,Brentuximab_vedotin,False,2613
WO-2014194213-A1,19.722586,Brentuximab_vedotin,False,2613
CA-3243698-A1,19.721958,Brentuximab_vedotin,False,2613
AU-2015344125-B2,19.710049,Brentuximab_vedotin,False,2613
AU-2018359546-A1,19.611643,Brentuximab_vedotin,False,2613
US-20250163133-A1,19.586285,Brentuximab_vedotin,False,2613
US-20250026809-A1,19.586285,Brentuximab_vedotin,False,2613
WO-2019089870-A1,19.462458,Brentuximab_vedotin,False,2613
EP-3703761-A1,19.462458,Brentuximab_vedotin,False,2613
CA-2966576-C,19.457146,Brentuximab_vedotin,False,2613
CA-2840170-A1,19.368399,Brentuximab_vedotin,False,2613
AU-2012273182-A1,19.368399,Brentuximab_vedotin,False,2613
KR-102639313-B1,19.347048,Brentuximab_vedotin,False,2613
WO-2017021631-A1,19.344849,Brentuximab_vedotin,False,2613
FR-3039832-A1,19.344849,Brentuximab_vedotin,False,2613
EP-3331907-A1,19.344849,Brentuximab_vedotin,False,2613
WO-2024191807-A1,19.316032,Brentuximab_vedotin,False,2613
WO-2025165975-A1,19.304129,Brentuximab_vedotin,False,2613
US-12144791-B2,19.265661,Brentuximab_vedotin,False,2613
US-20250263496-A1,19.239687,Brentuximab_vedotin,False,2613
WO-2012177624-A2,19.225445,Brentuximab_vedotin,False,2613
EP-2723381-A2,19.225445,Brentuximab_vedotin,False,2613
WO-2024233781-A1,19.19308,Brentuximab_vedotin,False,2613
IN-202317042065-A,19.177195,Brentuximab_vedotin,False,2613
WO-2020190834-A1,19.166504,Brentuximab_vedotin,False,2613
EP-3941480-A1,19.166504,Brentuximab_vedotin,False,2613
EP-3409259-A1,19.166504,Brentuximab_vedotin,False,2613
US-10758526-B2,19.15641,Brentuximab_vedotin,False,2613
WO-2025019334-A2,19.134144,Brentuximab_vedotin,False,2613
US-20220041731-A1,19.132896,Brentuximab_vedotin,False,2613
US-20200102399-A1,19.132896,Brentuximab_vedotin,False,2613
US-11366118-B2,19.132711,Brentuximab_vedotin,False,2613
US-12304935-B2,19.05833,Brentuximab_vedotin,False,2613
US-20150344971-A1,19.05132,Brentuximab_vedotin,False,2613
WO-2024187122-A2,19.039673,Brentuximab_vedotin,False,2613
HK-1260462-B,19.025612,Brentuximab_vedotin,False,2613
HK-1260462-A1,19.025612,Brentuximab_vedotin,False,2613
EP-4080209-B1,18.983452,Brentuximab_vedotin,False,2613
US-20140155678-A1,18.978529,Brentuximab_vedotin,False,2613
US-20210346319-A1,18.947508,Brentuximab_vedotin,False,2613
EP-3412272-B1,18.88701,Brentuximab_vedotin,False,2613
US-20240109952-A1,18.86832,Brentuximab_vedotin,False,2613
US-20200110091-A1,18.858618,Brentuximab_vedotin,False,2613
US-20230190949-A1,18.847748,Brentuximab_vedotin,False,2613
AU-2021273256-A1,18.847748,Brentuximab_vedotin,False,2613
DE-102014226903-A1,18.829857,Brentuximab_vedotin,False,2613
SG-11202003352S-A,18.817669,Brentuximab_vedotin,False,2613
WO-2017210473-A1,18.79043,Brentuximab_vedotin,False,2613
US-20220298243-A1,18.79043,Brentuximab_vedotin,False,2613
EP-3464368-A1,18.79043,Brentuximab_vedotin,False,2613
CA-3026246-A1,18.79043,Brentuximab_vedotin,False,2613
EP-4606389-A1,18.756504,Brentuximab_vedotin,False,2613
WO-2020072311-A1,18.743633,Brentuximab_vedotin,False,2613
US-20180344569-A1,18.718647,Brentuximab_vedotin,False,2613
US-10369077-B2,18.718647,Brentuximab_vedotin,False,2613
SG-11202103342Q-A,18.718647,Brentuximab_vedotin,False,2613
US-20210145806-A1,18.714565,Brentuximab_vedotin,False,2613
US-20230090868-A1,18.67754,Brentuximab_vedotin,False,2613
AU-2021212193-A1,18.67754,Brentuximab_vedotin,False,2613
US-20230340499-A1,18.663933,Brentuximab_vedotin,False,2613
US-10022451-B2,18.658255,Brentuximab_vedotin,False,2613
NZ-788322-A,18.650757,Brentuximab_vedotin,False,2613
US-11400165-B2,18.645576,Brentuximab_vedotin,False,2613
WO-2020072519-A1,18.618196,Brentuximab_vedotin,False,2613
IL-269612-A,18.618196,Brentuximab_vedotin,False,2613
EP-3860658-A1,18.618196,Brentuximab_vedotin,False,2613
CA-3114922-A1,18.618196,Brentuximab_vedotin,False,2613
AU-2019355875-A1,18.618196,Brentuximab_vedotin,False,2613
WO-2019075168-A2,18.61561,Brentuximab_vedotin,False,2613
US-20210221901-A1,18.61561,Brentuximab_vedotin,False,2613
EP-3694559-A2,18.61561,Brentuximab_vedotin,False,2613
CA-3078737-A1,18.61561,Brentuximab_vedotin,False,2613
AU-2018347406-A1,18.61561,Brentuximab_vedotin,False,2613
CA-2902144-C,18.598719,Brentuximab_vedotin,False,2613
EP-3703718-B1,18.574757,Brentuximab_vedotin,False,2613
WO-2024003606-A1,18.563583,Brentuximab_vedotin,False,2613
US-20180071401-A1,18.510017,Brentuximab_vedotin,False,2613
US-10543283-B2,18.510017,Brentuximab_vedotin,False,2613
US-20150320885-A1,18.465172,Brentuximab_vedotin,False,2613
US-12331098-B2,18.464436,Brentuximab_vedotin,False,2613
SG-11202011503Y-A,18.446856,Brentuximab_vedotin,False,2613
HK-1214921-B,18.44286,Brentuximab_vedotin,False,2613
EP-2981169-B1,18.44286,Brentuximab_vedotin,False,2613
AU-2018254420-A1,18.44286,Brentuximab_vedotin,False,2613
WO-2016102179-A1,18.438145,Brentuximab_vedotin,False,2613
AU-2017261511-A1,18.420874,Brentuximab_vedotin,False,2613
WO-2021062122-A1,18.378918,Brentuximab_vedotin,False,2613
US-20220347313-A1,18.378918,Brentuximab_vedotin,False,2613
EP-4034154-A1,18.378918,Brentuximab_vedotin,False,2613
EP-3331902-B1,18.378918,Brentuximab_vedotin,False,2613
AU-2020351751-A1,18.378918,Brentuximab_vedotin,False,2613
EP-3375440-B1,18.378263,Brentuximab_vedotin,False,2613
HK-1198332-B,18.291603,Brentuximab_vedotin,False,2613
HK-1198332-A1,18.291603,Brentuximab_vedotin,False,2613
EP-3321281-B1,18.291603,Brentuximab_vedotin,False,2613
EP-2739649-B1,18.291603,Brentuximab_vedotin,False,2613
US-20240352526-A1,18.287073,Brentuximab_vedotin,False,2613
US-12241125-B2,18.287073,Brentuximab_vedotin,False,2613
CN-103796680-A,18.287073,Brentuximab_vedotin,False,2613
US-20240228574-A9,18.277847,Brentuximab_vedotin,False,2613
US-20240132567-A1,18.277847,Brentuximab_vedotin,False,2613
US-9890136-B2,18.276516,Brentuximab_vedotin,False,2613
US-20200199169-A1,18.254778,Brentuximab_vedotin,False,2613
GB-2587172-A,18.254778,Brentuximab_vedotin,False,2613
AU-2019291491-A1,18.254778,Brentuximab_vedotin,False,2613
CA-3155341-A1,18.246565,Brentuximab_vedotin,False,2613
WO-2018220487-A1,18.22818,Brentuximab_vedotin,False,2613
US-20190142694-A1,18.22818,Brentuximab_vedotin,False,2613
EP-3651719-A1,18.22818,Brentuximab_vedotin,False,2613
CA-3006758-A1,18.22818,Brentuximab_vedotin,False,2613
CA-2985042-C,18.22818,Brentuximab_vedotin,False,2613
CA-2985042-A1,18.22818,Brentuximab_vedotin,False,2613
BR-112018010964-A2,18.22818,Brentuximab_vedotin,False,2613
BR-102018002480-A2,18.22818,Brentuximab_vedotin,False,2613
AR-111984-A1,18.22818,Brentuximab_vedotin,False,2613
HK-40063153-A,18.208994,Brentuximab_vedotin,False,2613
EP-3897739-B1,18.208994,Brentuximab_vedotin,False,2613
US-20200157087-A1,18.195183,Brentuximab_vedotin,False,2613
WO-2023220336-A1,18.19112,Brentuximab_vedotin,False,2613
WO-2018195027-A1,18.185268,Brentuximab_vedotin,False,2613
US-20220003781-A9,18.185268,Brentuximab_vedotin,False,2613
US-20210132080-A1,18.185268,Brentuximab_vedotin,False,2613
IL-315350-A,18.099197,Brentuximab_vedotin,False,2613
US-20150293086-A1,18.097046,Brentuximab_vedotin,False,2613
US-20220287986-A1,18.092133,Brentuximab_vedotin,False,2613
EP-4028542-B1,18.081879,Brentuximab_vedotin,False,2613
US-20150099005-A1,18.081673,Brentuximab_vedotin,False,2613
WO-2019244050-A1,18.067137,Brentuximab_vedotin,False,2613
EP-3793544-A1,18.067137,Brentuximab_vedotin,False,2613
CA-3102051-A1,18.067137,Brentuximab_vedotin,False,2613
BR-112020025946-A2,18.067137,Brentuximab_vedotin,False,2613
WO-2017096024-A1,18.039957,Brentuximab_vedotin,False,2613
HK-1257836-B,18.039957,Brentuximab_vedotin,False,2613
HK-1257836-A1,18.039957,Brentuximab_vedotin,False,2613
EP-3383398-A1,18.039957,Brentuximab_vedotin,False,2613
BR-102018002480-B1,18.039957,Brentuximab_vedotin,False,2613
AU-2017261511-B2,18.039957,Brentuximab_vedotin,False,2613
WO-2018232502-A1,17.993431,Brentuximab_vedotin,False,2613
WO-2025096626-A1,17.985989,Brentuximab_vedotin,False,2613
CA-3223116-A1,17.985989,Brentuximab_vedotin,False,2613
EP-3612840-A1,17.935623,Brentuximab_vedotin,False,2613
CA-3059923-A1,17.935623,Brentuximab_vedotin,False,2613
WO-2015160834-A1,17.91345,Brentuximab_vedotin,False,2613
EP-3132265-A1,17.91345,Brentuximab_vedotin,False,2613
US-20180208577-A1,17.91188,Brentuximab_vedotin,False,2613
WO-2022251496-A1,17.910007,Brentuximab_vedotin,False,2613
WO-2018198076-A1,17.883778,Brentuximab_vedotin,False,2613
IN-201917046163-A,17.883778,Brentuximab_vedotin,False,2613
AU-2018260494-A1,17.883778,Brentuximab_vedotin,False,2613
EP-3409259-B1,17.85605,Brentuximab_vedotin,False,2613
WO-2020106886-A1,17.852047,Brentuximab_vedotin,False,2613
EP-3883610-A1,17.852047,Brentuximab_vedotin,False,2613
AU-2019385497-A1,17.852047,Brentuximab_vedotin,False,2613
BR-112018015979-A2,17.851608,Brentuximab_vedotin,False,2613
US-20250134837-A1,17.802305,Brentuximab_vedotin,False,2613
US-11666549-B2,17.796173,Brentuximab_vedotin,False,2613
CA-2926792-C,17.744976,Brentuximab_vedotin,False,2613
US-10501436-B2,17.735622,Brentuximab_vedotin,False,2613
US-20210340481-A1,17.733994,Brentuximab_vedotin,False,2613
EP-4177356-A1,17.733994,Brentuximab_vedotin,False,2613
DE-22199371-T1,17.733994,Brentuximab_vedotin,False,2613
AU-2018287514-B2,17.733994,Brentuximab_vedotin,False,2613
EP-3165237-A1,17.731066,Brentuximab_vedotin,False,2613
US-20170056504-A1,17.70456,Brentuximab_vedotin,False,2613
EP-3615548-A1,17.70456,Brentuximab_vedotin,False,2613
CA-3060537-A1,17.70456,Brentuximab_vedotin,False,2613
EP-3581206-B1,17.693562,Brentuximab_vedotin,False,2613
AU-2024219529-A1,17.676313,Brentuximab_vedotin,False,2613
AU-2016364753-A1,17.676313,Brentuximab_vedotin,False,2613
US-9272052-B2,17.630627,Brentuximab_vedotin,False,2613
AU-2016304794-B2,17.612183,Brentuximab_vedotin,False,2613
WO-2017136774-A1,17.611523,Brentuximab_vedotin,False,2613
US-20170224654-A1,17.611523,Brentuximab_vedotin,False,2613
EP-3411017-A1,17.611523,Brentuximab_vedotin,False,2613
CA-3013768-A1,17.611523,Brentuximab_vedotin,False,2613
US-20230046317-A1,17.61132,Brentuximab_vedotin,False,2613
US-20220242928-A1,17.61132,Brentuximab_vedotin,False,2613
US-20200165649-A1,17.61132,Brentuximab_vedotin,False,2613
WO-2025184499-A1,17.567049,Brentuximab_vedotin,False,2613
AU-2024211003-A1,17.55854,Brentuximab_vedotin,False,2613
US-20190175750-A1,17.557583,Brentuximab_vedotin,False,2613
US-10857289-B2,17.557583,Brentuximab_vedotin,False,2613
US-20170119902-A1,17.55304,Brentuximab_vedotin,False,2613
SG-11202104900S-A,17.552578,Brentuximab_vedotin,False,2613
CA-3119467-A1,17.552578,Brentuximab_vedotin,False,2613
EP-3165237-B1,17.55243,Brentuximab_vedotin,False,2613
WO-2022251516-A2,17.537296,Brentuximab_vedotin,False,2613
US-20220333073-A1,17.510038,Brentuximab_vedotin,False,2613
BR-112018074619-A2,17.440556,Brentuximab_vedotin,False,2613
US-20220151994-A1,17.432432,Brentuximab_vedotin,False,2613
AU-2020240091-A1,17.432432,Brentuximab_vedotin,False,2613
WO-2021150756-A1,17.430794,Brentuximab_vedotin,False,2613
US-20190218293-A1,17.430794,Brentuximab_vedotin,False,2613
AU-2024227762-A1,17.430794,Brentuximab_vedotin,False,2613
EP-4248989-A3,17.40713,Brentuximab_vedotin,False,2613
WO-2018045238-A1,17.393097,Brentuximab_vedotin,False,2613
EP-3506950-A1,17.393097,Brentuximab_vedotin,False,2613
CA-3035377-A1,17.393097,Brentuximab_vedotin,False,2613
AU-2017321798-A1,17.393097,Brentuximab_vedotin,False,2613
HK-40088812-B,17.389828,Brentuximab_vedotin,False,2613
HK-40088812-A,17.389828,Brentuximab_vedotin,False,2613
HK-40022901-B,17.389828,Brentuximab_vedotin,False,2613
HK-40022901-A,17.389828,Brentuximab_vedotin,False,2613
EP-4177356-B1,17.389828,Brentuximab_vedotin,False,2613
EP-3625368-B1,17.389828,Brentuximab_vedotin,False,2613
WO-2018234872-A1,17.386957,Brentuximab_vedotin,False,2613
EP-3642628-A1,17.386957,Brentuximab_vedotin,False,2613
CA-3068167-A1,17.386957,Brentuximab_vedotin,False,2613
AU-2018287514-A1,17.386957,Brentuximab_vedotin,False,2613
WO-2013016376-A2,17.372923,Brentuximab_vedotin,False,2613
US-20140207104-A1,17.372923,Brentuximab_vedotin,False,2613
EP-2736565-A2,17.372923,Brentuximab_vedotin,False,2613
WO-2019204434-A1,17.357983,Brentuximab_vedotin,False,2613
MX-2022003571-A,17.274857,Brentuximab_vedotin,False,2613
US-11013704-B2,17.269121,Brentuximab_vedotin,False,2613
US-11129836-B2,17.262169,Brentuximab_vedotin,False,2613
WO-2020191144-A1,17.256771,Brentuximab_vedotin,False,2613
US-20240377412-A1,17.256771,Brentuximab_vedotin,False,2613
EP-3941453-A1,17.256771,Brentuximab_vedotin,False,2613
CA-3133101-A1,17.256771,Brentuximab_vedotin,False,2613
CA-3166379-A1,17.254395,Brentuximab_vedotin,False,2613
AU-2017274444-A1,17.254395,Brentuximab_vedotin,False,2613
MX-390955-B,17.25303,Brentuximab_vedotin,False,2613
MX-2018014610-A,17.25303,Brentuximab_vedotin,False,2613
EP-3727379-B1,17.230848,Brentuximab_vedotin,False,2613
US-20180305451-A1,17.219116,Brentuximab_vedotin,False,2613
US-20220177461-A1,17.20454,Brentuximab_vedotin,False,2613
US-20170095575-A1,17.190367,Brentuximab_vedotin,False,2613
US-20190160021-A1,17.160748,Brentuximab_vedotin,False,2613
IL-316538-A,17.160748,Brentuximab_vedotin,False,2613
HK-40022763-B,17.160748,Brentuximab_vedotin,False,2613
HK-40022763-A,17.160748,Brentuximab_vedotin,False,2613
EP-3651719-B1,17.160748,Brentuximab_vedotin,False,2613
WO-2018067987-A1,17.145123,Brentuximab_vedotin,False,2613
US-20200024363-A1,17.145123,Brentuximab_vedotin,False,2613
EP-3522918-A1,17.145123,Brentuximab_vedotin,False,2613
US-20220373553-A1,17.091686,Brentuximab_vedotin,False,2613
US-20210008024-A1,17.085066,Brentuximab_vedotin,False,2613
US-10261083-B2,17.081984,Brentuximab_vedotin,False,2613
WO-2022098595-A1,17.042341,Brentuximab_vedotin,False,2613
EP-4240747-A1,17.042341,Brentuximab_vedotin,False,2613
CA-3200262-A1,17.042341,Brentuximab_vedotin,False,2613
AU-2021376246-A9,17.042341,Brentuximab_vedotin,False,2613
AU-2021376246-A1,17.042341,Brentuximab_vedotin,False,2613
AU-2018359546-B2,17.042341,Brentuximab_vedotin,False,2613
AU-2018301681-B2,17.042341,Brentuximab_vedotin,False,2613
WO-2022251541-A1,17.041683,Brentuximab_vedotin,False,2613
EP-3646862-A1,17.029324,Brentuximab_vedotin,False,2613
US-20220062195-A1,17.0274,Brentuximab_vedotin,False,2613
US-12011421-B2,17.0274,Brentuximab_vedotin,False,2613
WO-2013016376-A4,17.022282,Brentuximab_vedotin,False,2613
IL-297946-A,17.022282,Brentuximab_vedotin,False,2613
US-20200157114-A1,16.95445,Brentuximab_vedotin,False,2613
US-20140339088-A1,16.95445,Brentuximab_vedotin,False,2613
US-11266743-B2,16.95445,Brentuximab_vedotin,False,2613
IL-280642-B2,16.951996,Brentuximab_vedotin,False,2613
IL-280642-B1,16.951996,Brentuximab_vedotin,False,2613
US-11491132-B2,16.950237,Brentuximab_vedotin,False,2613
CA-3067452-A1,16.94377,Brentuximab_vedotin,False,2613
AU-2018205890-B2,16.93078,Brentuximab_vedotin,False,2613
WO-2022238962-A1,16.922485,Brentuximab_vedotin,False,2613
EP-3072957-B1,16.920338,Brentuximab_vedotin,False,2613
US-20160038456-A1,16.917181,Brentuximab_vedotin,False,2613
WO-2017184534-A1,16.913425,Brentuximab_vedotin,False,2613
US-20180362624-A1,16.89381,Brentuximab_vedotin,False,2613
US-11207392-B2,16.871979,Brentuximab_vedotin,False,2613
US-20250134996-A1,16.869211,Brentuximab_vedotin,False,2613
US-11197832-B2,16.869211,Brentuximab_vedotin,False,2613
WO-2015191610-A2,16.86588,Brentuximab_vedotin,False,2613
US-20250231192-A1,16.86588,Brentuximab_vedotin,False,2613
EP-4231017-A1,16.86588,Brentuximab_vedotin,False,2613
EP-3793544-B1,16.86588,Brentuximab_vedotin,False,2613
EP-3432905-B1,16.86588,Brentuximab_vedotin,False,2613
US-20140120083-A1,16.861452,Brentuximab_vedotin,False,2613
US-10383792-B2,16.839598,Brentuximab_vedotin,False,2613
MY-208273-A,16.839598,Brentuximab_vedotin,False,2613
WO-2021220253-A1,16.835472,Brentuximab_vedotin,False,2613
WO-2016077734-A2,16.835472,Brentuximab_vedotin,False,2613
EP-4142794-A1,16.835472,Brentuximab_vedotin,False,2613
US-11766442-B2,16.795044,Brentuximab_vedotin,False,2613
US-20240342288-A1,16.791449,Brentuximab_vedotin,False,2613
SG-11202100952Q-A,16.791449,Brentuximab_vedotin,False,2613
WO-2019118411-A2,16.790142,Brentuximab_vedotin,False,2613
IN-202017022282-A,16.790142,Brentuximab_vedotin,False,2613
EP-3723763-A2,16.790142,Brentuximab_vedotin,False,2613
WO-2014159500-A1,16.757626,Brentuximab_vedotin,False,2613
IN-2015DN09621-A,16.757626,Brentuximab_vedotin,False,2613
EP-2968260-A1,16.757626,Brentuximab_vedotin,False,2613
CA-2912518-A1,16.757626,Brentuximab_vedotin,False,2613
AU-2020223647-A1,16.757626,Brentuximab_vedotin,False,2613
AU-2019201369-A1,16.757626,Brentuximab_vedotin,False,2613
AU-2014240467-A1,16.757626,Brentuximab_vedotin,False,2613
CA-3004879-C,16.748594,Brentuximab_vedotin,False,2613
US-20190211063-A1,16.724586,Brentuximab_vedotin,False,2613
WO-2025074343-A2,16.72011,Brentuximab_vedotin,False,2613
US-12429405-B2,16.72011,Brentuximab_vedotin,False,2613
JP-6486316-B2,16.72011,Brentuximab_vedotin,False,2613
JP-2017114848-A5,16.72011,Brentuximab_vedotin,False,2613
IN-202017016850-A,16.72011,Brentuximab_vedotin,False,2613
EP-3107577-B1,16.72011,Brentuximab_vedotin,False,2613
CA-3077395-A1,16.72011,Brentuximab_vedotin,False,2613
AU-2018359214-A1,16.72011,Brentuximab_vedotin,False,2613
AU-2017214668-A1,16.719746,Brentuximab_vedotin,False,2613
US-20220054445-A1,16.717894,Brentuximab_vedotin,False,2613
US-20200289451-A1,16.717894,Brentuximab_vedotin,False,2613
US-12133966-B2,16.714317,Brentuximab_vedotin,False,2613
US-20210308265-A1,16.71246,Brentuximab_vedotin,False,2613
US-12416642-B2,16.71246,Brentuximab_vedotin,False,2613
IN-202137005928-A,16.71246,Brentuximab_vedotin,False,2613
US-20220404369-A1,16.70452,Brentuximab_vedotin,False,2613
US-20230165979-A1,16.695648,Brentuximab_vedotin,False,2613
US-20180133395-A1,16.695648,Brentuximab_vedotin,False,2613
US-20230073984-A1,16.682053,Brentuximab_vedotin,False,2613
US-10507165-B2,16.682053,Brentuximab_vedotin,False,2613
MD-3409259-T2,16.682053,Brentuximab_vedotin,False,2613
ES-2724408-T3,16.682053,Brentuximab_vedotin,False,2613
EP-3177645-B1,16.63566,Brentuximab_vedotin,False,2613
RU-2786699-C1,16.63431,Brentuximab_vedotin,False,2613
WO-2022251541-A9,16.626343,Brentuximab_vedotin,False,2613
AU-2014373773-C1,16.60328,Brentuximab_vedotin,False,2613
AU-2014373773-B2,16.60328,Brentuximab_vedotin,False,2613
WO-2025194100-A1,16.587366,Brentuximab_vedotin,False,2613
ES-2951650-T3,16.586119,Brentuximab_vedotin,False,2613
US-20170240613-A1,16.58284,Brentuximab_vedotin,False,2613
WO-2018213302-A1,16.58274,Brentuximab_vedotin,False,2613
US-20210085663-A1,16.58274,Brentuximab_vedotin,False,2613
IN-201937051373-A,16.58274,Brentuximab_vedotin,False,2613
EP-3624896-A1,16.58274,Brentuximab_vedotin,False,2613
CA-3063614-A1,16.58274,Brentuximab_vedotin,False,2613
AU-2018269982-A1,16.58274,Brentuximab_vedotin,False,2613
WO-2020132395-A1,16.566969,Brentuximab_vedotin,False,2613
WO-2020033788-A1,16.556988,Brentuximab_vedotin,False,2613
US-11160876-B2,16.556988,Brentuximab_vedotin,False,2613
EP-4080209-A1,16.556988,Brentuximab_vedotin,False,2613
EP-3833327-A1,16.556988,Brentuximab_vedotin,False,2613
CA-3108693-A1,16.556988,Brentuximab_vedotin,False,2613
AU-2014339816-B2,16.556988,Brentuximab_vedotin,False,2613
US-10722528-B2,16.555347,Brentuximab_vedotin,False,2613
WO-2023156583-A1,16.554966,Brentuximab_vedotin,False,2613
EP-4479751-A1,16.554966,Brentuximab_vedotin,False,2613
CA-3243073-A1,16.554966,Brentuximab_vedotin,False,2613
US-11279698-B2,16.549908,Brentuximab_vedotin,False,2613
JP-2025032032-A,16.549908,Brentuximab_vedotin,False,2613
JP-2022164894-A,16.549908,Brentuximab_vedotin,False,2613
WO-2019090242-A1,16.533504,Brentuximab_vedotin,False,2613
WO-2016081281-A1,16.533504,Brentuximab_vedotin,False,2613
EP-3703676-A1,16.533504,Brentuximab_vedotin,False,2613
AU-2021267477-A1,16.533504,Brentuximab_vedotin,False,2613
US-10159675-B2,16.527817,Brentuximab_vedotin,False,2613
US-20190004060-A1,16.52386,Brentuximab_vedotin,False,2613
CA-3082912-A1,16.482355,Brentuximab_vedotin,False,2613
WO-2025230982-A1,16.47316,Brentuximab_vedotin,False,2613
WO-2015017729-A1,16.47316,Brentuximab_vedotin,False,2613
CA-3124151-A1,16.47316,Brentuximab_vedotin,False,2613
AU-2025203092-A1,16.47316,Brentuximab_vedotin,False,2613
AU-2019411278-B2,16.47316,Brentuximab_vedotin,False,2613
US-10980859-B2,16.426949,Brentuximab_vedotin,False,2613
US-10596141-B2,16.419107,Brentuximab_vedotin,False,2613
CN-119236097-A,16.419107,Brentuximab_vedotin,False,2613
US-20210398607-A1,16.414017,Brentuximab_vedotin,False,2613
US-11806507-B2,16.414017,Brentuximab_vedotin,False,2613
US-20220331279-A1,16.412441,Brentuximab_vedotin,False,2613
CN-107029242-A,16.411394,Brentuximab_vedotin,False,2613
CN-104119350-B,16.411394,Brentuximab_vedotin,False,2613
US-20210177755-A1,16.404766,Brentuximab_vedotin,False,2613
US-11959925-B2,16.404766,Brentuximab_vedotin,False,2613
ES-2983677-T3,16.404766,Brentuximab_vedotin,False,2613
EP-4361637-A2,16.404766,Brentuximab_vedotin,False,2613
IL-279609-B2,16.40025,Brentuximab_vedotin,False,2613
IL-279609-B1,16.40025,Brentuximab_vedotin,False,2613
US-9931458-B1,16.376785,Brentuximab_vedotin,False,2613
US-9572788-B2,16.376785,Brentuximab_vedotin,False,2613
US-20170157123-A1,16.376785,Brentuximab_vedotin,False,2613
MD-3651719-T2,16.376785,Brentuximab_vedotin,False,2613
EP-3412272-A1,16.376785,Brentuximab_vedotin,False,2613
US-20180028475-A1,16.321308,Brentuximab_vedotin,False,2613
EP-3750530-A1,16.321308,Brentuximab_vedotin,False,2613
EP-3426657-B1,16.321308,Brentuximab_vedotin,False,2613
EP-2802871-B1,16.311003,Brentuximab_vedotin,False,2613
CN-116212026-A,16.30938,Brentuximab_vedotin,False,2613
US-20250232860-A1,16.309082,Brentuximab_vedotin,False,2613
US-20220028512-A1,16.309082,Brentuximab_vedotin,False,2613
US-20200182879-A1,16.279297,Brentuximab_vedotin,False,2613
US-11506668-B2,16.279297,Brentuximab_vedotin,False,2613
AU-2017246228-B2,16.27639,Brentuximab_vedotin,False,2613
US-20140363500-A1,16.274218,Brentuximab_vedotin,False,2613
DK-2739649-T3,16.274218,Brentuximab_vedotin,False,2613
US-20180009839-A1,16.272745,Brentuximab_vedotin,False,2613
US-20220025049-A1,16.268415,Brentuximab_vedotin,False,2613
US-20210228683-A1,16.268415,Brentuximab_vedotin,False,2613
US-10751296-B2,16.268415,Brentuximab_vedotin,False,2613
WO-2021034635-A1,16.262867,Brentuximab_vedotin,False,2613
US-12474349-B2,16.262867,Brentuximab_vedotin,False,2613
US-20190201546-A1,16.255695,Brentuximab_vedotin,False,2613
US-9952300-B2,16.252789,Brentuximab_vedotin,False,2613
US-20230126700-A1,16.252789,Brentuximab_vedotin,False,2613
US-11980607-B2,16.252789,Brentuximab_vedotin,False,2613
HK-1232223-B,16.233322,Brentuximab_vedotin,False,2613
HK-1232223-A1,16.233322,Brentuximab_vedotin,False,2613
EP-3172214-B1,16.233322,Brentuximab_vedotin,False,2613
CN-118624907-A,16.233322,Brentuximab_vedotin,False,2613
US-11795229-B2,16.228865,Brentuximab_vedotin,False,2613
ES-2776880-T3,16.228865,Brentuximab_vedotin,False,2613
US-20170035886-A1,16.22507,Brentuximab_vedotin,False,2613
WO-2021225760-A1,16.219719,Brentuximab_vedotin,False,2613
EP-4146236-A1,16.219719,Brentuximab_vedotin,False,2613
WO-2018215828-A4,16.214493,Brentuximab_vedotin,False,2613
WO-2018215828-A1,16.214493,Brentuximab_vedotin,False,2613
EP-3641854-A1,16.214493,Brentuximab_vedotin,False,2613
AU-2018385599-A1,16.187119,Brentuximab_vedotin,False,2613
EP-3738611-B1,16.185246,Brentuximab_vedotin,False,2613
US-12493019-B2,16.173069,Brentuximab_vedotin,False,2613
WO-2022253188-A1,16.16915,Brentuximab_vedotin,False,2613
US-20240402183-A1,16.16915,Brentuximab_vedotin,False,2613
EP-3299019-B1,16.16915,Brentuximab_vedotin,False,2613
US-11458204-B2,16.16203,Brentuximab_vedotin,False,2613
EP-2968260-B1,16.135107,Brentuximab_vedotin,False,2613
HK-40120510-A,16.134638,Brentuximab_vedotin,False,2613
US-20250269045-A1,16.132212,Brentuximab_vedotin,False,2613
US-20160169901-A1,16.132212,Brentuximab_vedotin,False,2613
US-20240050646-A1,16.125727,Brentuximab_vedotin,False,2613
US-20230069095-A1,16.125727,Brentuximab_vedotin,False,2613
HK-40098571-A,16.125727,Brentuximab_vedotin,False,2613
SG-11201810454Y-A,16.12299,Brentuximab_vedotin,False,2613
IL-307618-A,16.122366,Brentuximab_vedotin,False,2613
ES-2881771-T3,16.122366,Brentuximab_vedotin,False,2613
BR-112018001353-B1,16.122366,Brentuximab_vedotin,False,2613
TW-201716088-A,16.115362,Brentuximab_vedotin,False,2613
JP-2017114848-A,16.115362,Brentuximab_vedotin,False,2613
US-20160367553-A1,16.109678,Brentuximab_vedotin,False,2613
US-20160220693-A1,16.109678,Brentuximab_vedotin,False,2613
US-10201615-B2,16.109678,Brentuximab_vedotin,False,2613
AU-2019404339-A1,16.109678,Brentuximab_vedotin,False,2613
AU-2019316575-B2,16.109678,Brentuximab_vedotin,False,2613
US-20210361643-A1,16.108315,Brentuximab_vedotin,False,2613
AU-2019291491-B2,16.108315,Brentuximab_vedotin,False,2613
US-20220151983-A1,16.083956,Brentuximab_vedotin,False,2613
US-20200315915-A1,16.083956,Brentuximab_vedotin,False,2613
US-20200113783-A1,16.083956,Brentuximab_vedotin,False,2613
US-20200040064-A1,16.083956,Brentuximab_vedotin,False,2613
US-20190038509-A1,16.083956,Brentuximab_vedotin,False,2613
US-12343309-B2,16.083956,Brentuximab_vedotin,False,2613
US-11497683-B2,16.083956,Brentuximab_vedotin,False,2613
AU-2018213418-A1,16.083956,Brentuximab_vedotin,False,2613
US-20220202945-A1,16.083221,Brentuximab_vedotin,False,2613
HK-40018623-A,16.083221,Brentuximab_vedotin,False,2613
WO-2017167919-A1,16.026505,Brentuximab_vedotin,False,2613
EP-3436478-A1,16.026505,Brentuximab_vedotin,False,2613
CA-3017843-A1,16.026505,Brentuximab_vedotin,False,2613
AU-2017242803-A1,16.026505,Brentuximab_vedotin,False,2613
WO-2023014817-A1,16.025723,Brentuximab_vedotin,False,2613
BR-112015006726-B1,16.025723,Brentuximab_vedotin,False,2613
US-20210369852-A1,16.017681,Brentuximab_vedotin,False,2613
NZ-728265-B2,16.017681,Brentuximab_vedotin,False,2613
NZ-728265-A,16.017681,Brentuximab_vedotin,False,2613
HK-40096795-B,15.997631,Brentuximab_vedotin,False,2613
HK-40096795-A,15.997631,Brentuximab_vedotin,False,2613
EP-4209499-B1,15.997631,Brentuximab_vedotin,False,2613
US-20230399671-A1,15.993002,Brentuximab_vedotin,False,2613
US-20190010177-A1,15.9864855,Brentuximab_vedotin,False,2613
US-20170283446-A1,15.9864855,Brentuximab_vedotin,False,2613
IN-201817039513-A,15.9864855,Brentuximab_vedotin,False,2613
WO-2019224710-A1,15.985864,Brentuximab_vedotin,False,2613
IT-201800005714-A1,15.985864,Brentuximab_vedotin,False,2613
EP-4248990-A2,15.985864,Brentuximab_vedotin,False,2613
EP-3801575-A1,15.985864,Brentuximab_vedotin,False,2613
AU-2023226678-B2,15.985864,Brentuximab_vedotin,False,2613
US-20250248896-A1,15.976228,Brentuximab_vedotin,False,2613
US-12447107-B2,15.976228,Brentuximab_vedotin,False,2613
US-12109173-B1,15.976228,Brentuximab_vedotin,False,2613
US-20250136931-A1,15.975121,Brentuximab_vedotin,False,2613
US-20200102541-A1,15.975121,Brentuximab_vedotin,False,2613
US-12084683-B2,15.975121,Brentuximab_vedotin,False,2613
US-11993610-B2,15.975121,Brentuximab_vedotin,False,2613
IN-202221020681-A,15.975121,Brentuximab_vedotin,False,2613
IL-307618-B1,15.975121,Brentuximab_vedotin,False,2613
EP-3569693-A1,15.975121,Brentuximab_vedotin,False,2613
AU-2023250258-A1,15.975121,Brentuximab_vedotin,False,2613
ES-2905556-T3,15.975082,Brentuximab_vedotin,False,2613
ES-2978993-T3,15.972843,Brentuximab_vedotin,False,2613
IL-298155-A,15.970586,Brentuximab_vedotin,False,2613
CN-113056288-A,15.969194,Brentuximab_vedotin,False,2613
US-11833255-B2,15.966742,Brentuximab_vedotin,False,2613
WO-2020132397-A1,15.966623,Brentuximab_vedotin,False,2613
WO-2019086806-A1,15.966623,Brentuximab_vedotin,False,2613
US-20220280440-A1,15.966623,Brentuximab_vedotin,False,2613
US-20220177592-A1,15.966623,Brentuximab_vedotin,False,2613
IN-201947012562-A,15.966623,Brentuximab_vedotin,False,2613
EP-3703718-A1,15.966623,Brentuximab_vedotin,False,2613
US-12195529-B2,15.94197,Brentuximab_vedotin,False,2613
HK-40090391-A,15.94197,Brentuximab_vedotin,False,2613
EP-3575794-A1,15.93424,Brentuximab_vedotin,False,2613
BR-112020011445-A2,15.903677,Brentuximab_vedotin,False,2613
BR-122021014786-B1,15.881408,Brentuximab_vedotin,False,2613
US-20220023433-A1,15.877647,Brentuximab_vedotin,False,2613
WO-2021247076-A1,15.8762455,Brentuximab_vedotin,False,2613
US-20200046721-A1,15.8762455,Brentuximab_vedotin,False,2613
EP-4157256-A1,15.8762455,Brentuximab_vedotin,False,2613
US-20190262267-A1,15.85651,Brentuximab_vedotin,False,2613
US-20250230187-A1,15.853938,Brentuximab_vedotin,False,2613
EP-4470648-A2,15.853938,Brentuximab_vedotin,False,2613
WO-2017210453-A1,15.848743,Brentuximab_vedotin,False,2613
US-20250269111-A1,15.848743,Brentuximab_vedotin,False,2613
US-20190290757-A1,15.848743,Brentuximab_vedotin,False,2613
US-20190091335-A1,15.848743,Brentuximab_vedotin,False,2613
US-11447547-B1,15.848743,Brentuximab_vedotin,False,2613
IL-303596-B2,15.848743,Brentuximab_vedotin,False,2613
IL-303596-B1,15.848743,Brentuximab_vedotin,False,2613
IL-303596-A,15.848743,Brentuximab_vedotin,False,2613
EP-4506015-A1,15.848743,Brentuximab_vedotin,False,2613
EP-3463457-A1,15.848743,Brentuximab_vedotin,False,2613
AU-2023226678-A1,15.848743,Brentuximab_vedotin,False,2613
WO-2022216514-A9,15.844594,Brentuximab_vedotin,False,2613
WO-2022216514-A1,15.844594,Brentuximab_vedotin,False,2613
EP-4320227-A1,15.844594,Brentuximab_vedotin,False,2613
CA-3214045-A1,15.844594,Brentuximab_vedotin,False,2613
AU-2022252997-A1,15.844594,Brentuximab_vedotin,False,2613
WO-2017210058-A1,15.831247,Brentuximab_vedotin,False,2613
US-20170275375-A1,15.831247,Brentuximab_vedotin,False,2613
TW-I609012-B,15.831247,Brentuximab_vedotin,False,2613
BR-112014002219-A2,15.831247,Brentuximab_vedotin,False,2613
WO-2023194946-A1,15.830915,Brentuximab_vedotin,False,2613
IL-256989-B,15.830915,Brentuximab_vedotin,False,2613
EP-4493710-A1,15.830915,Brentuximab_vedotin,False,2613
CA-3247253-A1,15.830915,Brentuximab_vedotin,False,2613
US-12410188-B2,15.830239,Brentuximab_vedotin,False,2613
WO-2014124267-A1,15.827983,Brentuximab_vedotin,False,2613
US-20180318230-A1,15.827983,Brentuximab_vedotin,False,2613
US-20130230458-A1,15.827983,Brentuximab_vedotin,False,2613
MY-206540-A,15.827983,Brentuximab_vedotin,False,2613
CN-109867670-B,15.827983,Brentuximab_vedotin,False,2613
CN-109867670-A,15.827983,Brentuximab_vedotin,False,2613
AU-2019396614-A1,15.827983,Brentuximab_vedotin,False,2613
US-20210402005-A1,15.826439,Brentuximab_vedotin,False,2613
US-20140294806-A1,15.826439,Brentuximab_vedotin,False,2613
US-10279014-B2,15.826439,Brentuximab_vedotin,False,2613
IN-2015DN07750-A,15.826439,Brentuximab_vedotin,False,2613
EP-3897607-A1,15.826439,Brentuximab_vedotin,False,2613
CA-3121929-A1,15.826439,Brentuximab_vedotin,False,2613
US-20240067716-A1,15.806128,Brentuximab_vedotin,False,2613
AU-2022270665-A1,15.806128,Brentuximab_vedotin,False,2613
AU-2021392032-A1,15.806128,Brentuximab_vedotin,False,2613
WO-2018140974-A1,15.802817,Brentuximab_vedotin,False,2613
EP-3573640-A1,15.802817,Brentuximab_vedotin,False,2613
US-20140377286-A1,15.788381,Brentuximab_vedotin,False,2613
US-11823773-B2,15.788381,Brentuximab_vedotin,False,2613
EP-3089971-B1,15.765644,Brentuximab_vedotin,False,2613
US-20190298746-A1,15.740032,Brentuximab_vedotin,False,2613
TW-201726111-A,15.740032,Brentuximab_vedotin,False,2613
ES-3014597-T3,15.740032,Brentuximab_vedotin,False,2613
AU-2015292406-B2,15.723815,Brentuximab_vedotin,False,2613
WO-2022034090-A1,15.722654,Brentuximab_vedotin,False,2613
WO-2013129936-A1,15.722654,Brentuximab_vedotin,False,2613
US-8722019-B2,15.722654,Brentuximab_vedotin,False,2613
US-20160151323-A1,15.722654,Brentuximab_vedotin,False,2613
EP-4196492-A1,15.722654,Brentuximab_vedotin,False,2613
EP-2819651-A1,15.722654,Brentuximab_vedotin,False,2613
CA-3037762-C,15.722654,Brentuximab_vedotin,False,2613
WO-2017041004-A1,15.722293,Brentuximab_vedotin,False,2613
IL-295202-A,15.722293,Brentuximab_vedotin,False,2613
IL-275516-B2,15.722293,Brentuximab_vedotin,False,2613
IL-275516-B1,15.722293,Brentuximab_vedotin,False,2613
EP-3344657-A1,15.722293,Brentuximab_vedotin,False,2613
EP-3334747-B1,15.722293,Brentuximab_vedotin,False,2613
CA-2997179-A1,15.722293,Brentuximab_vedotin,False,2613
EP-4257186-A2,15.717728,Brentuximab_vedotin,False,2613
EP-4209499-A1,15.717728,Brentuximab_vedotin,False,2613
CN-120294331-A,15.717728,Brentuximab_vedotin,False,2613
WO-2017176620-A2,15.708121,Brentuximab_vedotin,False,2613
IL-261997-A,15.708121,Brentuximab_vedotin,False,2613
HK-40019879-A,15.708121,Brentuximab_vedotin,False,2613
EP-3579860-B1,15.708121,Brentuximab_vedotin,False,2613
EP-3439658-A2,15.708121,Brentuximab_vedotin,False,2613
CA-3019137-A1,15.708121,Brentuximab_vedotin,False,2613
AU-2017246228-A1,15.708121,Brentuximab_vedotin,False,2613
AU-2014240467-B2,15.697635,Brentuximab_vedotin,False,2613
WO-2023244973-A1,15.696878,Brentuximab_vedotin,False,2613
EP-4536222-A1,15.696878,Brentuximab_vedotin,False,2613
EP-3319936-B1,15.696878,Brentuximab_vedotin,False,2613
WO-2022187323-A1,15.691954,Brentuximab_vedotin,False,2613
WO-2020124008-A1,15.691954,Brentuximab_vedotin,False,2613
WO-2014054046-A1,15.691954,Brentuximab_vedotin,False,2613
WO-2012031118-A2,15.691954,Brentuximab_vedotin,False,2613
US-20240366563-A1,15.691954,Brentuximab_vedotin,False,2613
US-20220195063-A1,15.691954,Brentuximab_vedotin,False,2613
IL-305156-A,15.691954,Brentuximab_vedotin,False,2613
EP-4302098-A1,15.691954,Brentuximab_vedotin,False,2613
EP-3894839-A1,15.691954,Brentuximab_vedotin,False,2613
AU-2022230987-A1,15.691954,Brentuximab_vedotin,False,2613
AU-2018268304-B2,15.691954,Brentuximab_vedotin,False,2613
US-20210353639-A1,15.689655,Brentuximab_vedotin,False,2613
HK-40064097-A,15.689655,Brentuximab_vedotin,False,2613
US-12303461-B1,15.689466,Brentuximab_vedotin,False,2613
US-20230190930-A1,15.689041,Brentuximab_vedotin,False,2613
US-20130209496-A1,15.689041,Brentuximab_vedotin,False,2613
HK-40018180-A,15.689041,Brentuximab_vedotin,False,2613
EP-4667057-A2,15.689041,Brentuximab_vedotin,False,2613
EP-3581206-A1,15.689041,Brentuximab_vedotin,False,2613
CA-2902144-A1,15.689041,Brentuximab_vedotin,False,2613
AU-2014248377-B2,15.689041,Brentuximab_vedotin,False,2613
AU-2014248377-A1,15.689041,Brentuximab_vedotin,False,2613
US-20250205351-A1,15.666415,Brentuximab_vedotin,False,2613
US-20220404370-A1,15.666415,Brentuximab_vedotin,False,2613
US-20220313642-A1,15.666415,Brentuximab_vedotin,False,2613
US-20170080093-A1,15.666415,Brentuximab_vedotin,False,2613
IN-201917021684-A,15.666415,Brentuximab_vedotin,False,2613
EP-4144333-A1,15.666415,Brentuximab_vedotin,False,2613
US-12103922-B2,15.645542,Brentuximab_vedotin,False,2613
CA-3178858-A1,15.631115,Brentuximab_vedotin,False,2613
IL-249981-B,15.6017685,Brentuximab_vedotin,False,2613
MY-180641-A,15.601507,Brentuximab_vedotin,False,2613
SG-11202106574U-A,15.597897,Brentuximab_vedotin,False,2613
WO-2025032079-A1,15.582413,Brentuximab_vedotin,False,2613
US-20250163154-A1,15.582413,Brentuximab_vedotin,False,2613
US-11332544-B2,15.559269,Brentuximab_vedotin,False,2613
US-10618935-B2,15.559269,Brentuximab_vedotin,False,2613
IN-202121062108-A,15.559269,Brentuximab_vedotin,False,2613
AU-2022429920-A1,15.559269,Brentuximab_vedotin,False,2613
WO-2014177038-A1,15.558342,Brentuximab_vedotin,False,2613
WO-2013006706-A1,15.558342,Brentuximab_vedotin,False,2613
US-20160039838-A1,15.558342,Brentuximab_vedotin,False,2613
US-20130183368-A1,15.558342,Brentuximab_vedotin,False,2613
EP-2717917-A1,15.558342,Brentuximab_vedotin,False,2613
CA-2840221-A1,15.558342,Brentuximab_vedotin,False,2613
AU-2017204756-A1,15.558342,Brentuximab_vedotin,False,2613
AU-2015271882-A1,15.558342,Brentuximab_vedotin,False,2613
AU-2012278944-A1,15.558342,Brentuximab_vedotin,False,2613
WO-2014165412-A2,15.554346,Brentuximab_vedotin,False,2613
EP-2981169-A2,15.554346,Brentuximab_vedotin,False,2613
US-9808438-B2,15.549377,Brentuximab_vedotin,False,2613
US-20230071019-A1,15.549377,Brentuximab_vedotin,False,2613
US-20170128404-A1,15.549377,Brentuximab_vedotin,False,2613
US-20140080132-A1,15.549377,Brentuximab_vedotin,False,2613
EP-3490585-B1,15.49356,Brentuximab_vedotin,False,2613
US-20210154149-A1,15.468563,Brentuximab_vedotin,False,2613
MY-196858-A,15.468563,Brentuximab_vedotin,False,2613
AU-2015294125-B2,15.468563,Brentuximab_vedotin,False,2613
GB-2629959-A,15.465748,Brentuximab_vedotin,False,2613
US-20190225710-A1,15.462553,Brentuximab_vedotin,False,2613
US-12440453-B2,15.462553,Brentuximab_vedotin,False,2613
AU-2017301880-C1,15.462553,Brentuximab_vedotin,False,2613
AU-2017301880-B2,15.462553,Brentuximab_vedotin,False,2613
IN-202017027942-A,15.457579,Brentuximab_vedotin,False,2613
AU-2018388657-A1,15.457579,Brentuximab_vedotin,False,2613
ES-2995985-T3,15.453188,Brentuximab_vedotin,False,2613
CN-106916112-B,15.453188,Brentuximab_vedotin,False,2613
WO-2022235882-A1,15.446747,Brentuximab_vedotin,False,2613
WO-2022120334-A1,15.446747,Brentuximab_vedotin,False,2613
IL-303269-A,15.446747,Brentuximab_vedotin,False,2613
EP-4333891-A1,15.446747,Brentuximab_vedotin,False,2613
EP-4255922-A1,15.446747,Brentuximab_vedotin,False,2613
CA-3201621-A1,15.446747,Brentuximab_vedotin,False,2613
US-20250073225-A1,15.427769,Brentuximab_vedotin,False,2613
US-20220146413-A1,15.427769,Brentuximab_vedotin,False,2613
US-12000775-B2,15.427769,Brentuximab_vedotin,False,2613
US-11933783-B2,15.427769,Brentuximab_vedotin,False,2613
TW-I601725-B,15.427769,Brentuximab_vedotin,False,2613
CA-3207883-A1,15.427769,Brentuximab_vedotin,False,2613
CA-3126018-A1,15.427769,Brentuximab_vedotin,False,2613
US-20230132982-A1,15.422277,Brentuximab_vedotin,False,2613
IL-308523-B2,15.422277,Brentuximab_vedotin,False,2613
IL-308523-B1,15.422277,Brentuximab_vedotin,False,2613
IL-308523-A,15.422277,Brentuximab_vedotin,False,2613
HK-40085748-A,15.422277,Brentuximab_vedotin,False,2613
ES-3004351-T3,15.422277,Brentuximab_vedotin,False,2613
EP-4095137-A1,15.422277,Brentuximab_vedotin,False,2613
CA-3170021-A1,15.422277,Brentuximab_vedotin,False,2613
AU-2021218925-A1,15.422277,Brentuximab_vedotin,False,2613
AU-2019235652-B2,15.414237,Brentuximab_vedotin,False,2613
WO-2018102506-A1,15.401543,Brentuximab_vedotin,False,2613
US-20250099873-A1,15.401543,Brentuximab_vedotin,False,2613
US-20230166201-A1,15.401543,Brentuximab_vedotin,False,2613
US-20220162297-A1,15.401543,Brentuximab_vedotin,False,2613
TW-201836637-A,15.401543,Brentuximab_vedotin,False,2613
IN-202127060017-A,15.401543,Brentuximab_vedotin,False,2613
EP-3548086-A1,15.401543,Brentuximab_vedotin,False,2613
CA-3045110-A1,15.401543,Brentuximab_vedotin,False,2613
AU-2021265346-A9,15.401543,Brentuximab_vedotin,False,2613
AU-2021265346-A1,15.401543,Brentuximab_vedotin,False,2613
AU-2017368135-A1,15.401543,Brentuximab_vedotin,False,2613
WO-2020127281-A1,15.368563,Brentuximab_vedotin,False,2613
US-20210330878-A9,15.368563,Brentuximab_vedotin,False,2613
US-20210001040-A1,15.368563,Brentuximab_vedotin,False,2613
EP-4670736-A1,15.368563,Brentuximab_vedotin,False,2613
AU-2024226274-A1,15.368563,Brentuximab_vedotin,False,2613
AU-2013216863-B2,15.368563,Brentuximab_vedotin,False,2613
WO-2016133910-A1,15.354715,Brentuximab_vedotin,False,2613
US-20220054531-A1,15.354715,Brentuximab_vedotin,False,2613
WO-2023126821-A1,15.332672,Brentuximab_vedotin,False,2613
US-20240189341-A1,15.332672,Brentuximab_vedotin,False,2613
IN-202447056199-A,15.332672,Brentuximab_vedotin,False,2613
EP-4453571-A1,15.332672,Brentuximab_vedotin,False,2613
US-20220054643-A1,15.329203,Brentuximab_vedotin,False,2613
HK-1210956-B,15.329203,Brentuximab_vedotin,False,2613
HK-1210956-A1,15.329203,Brentuximab_vedotin,False,2613
EP-2919784-B1,15.329203,Brentuximab_vedotin,False,2613
US-20230110128-A1,15.326135,Brentuximab_vedotin,False,2613
US-20200375917-A1,15.326135,Brentuximab_vedotin,False,2613
US-20190290775-A1,15.326135,Brentuximab_vedotin,False,2613
US-20170319508-A1,15.326135,Brentuximab_vedotin,False,2613
SG-11202009264W-A,15.326135,Brentuximab_vedotin,False,2613
CN-105384695-B,15.326135,Brentuximab_vedotin,False,2613
CN-105294683-B,15.326135,Brentuximab_vedotin,False,2613
CN-105294655-B,15.326135,Brentuximab_vedotin,False,2613
WO-2024263974-A2,15.311088,Brentuximab_vedotin,False,2613
WO-2023126903-A2,15.29689,Brentuximab_vedotin,False,2613
US-20210276955-A1,15.29689,Brentuximab_vedotin,False,2613
US-20150125443-A1,15.29689,Brentuximab_vedotin,False,2613
MY-201080-A,15.29689,Brentuximab_vedotin,False,2613
EP-4647440-A1,15.29689,Brentuximab_vedotin,False,2613
EP-4419229-A2,15.29689,Brentuximab_vedotin,False,2613
CA-3242984-A1,15.29689,Brentuximab_vedotin,False,2613
EP-3652166-B1,15.296,Brentuximab_vedotin,False,2613
WO-2019144012-A1,15.282673,Brentuximab_vedotin,False,2613
US-20160280767-A1,15.282673,Brentuximab_vedotin,False,2613
US-11622965-B2,15.282673,Brentuximab_vedotin,False,2613
HK-40097437-A,15.282673,Brentuximab_vedotin,False,2613
EP-3913051-A1,15.282673,Brentuximab_vedotin,False,2613
WO-2021113740-A1,15.279697,Brentuximab_vedotin,False,2613
EP-4069312-A1,15.279697,Brentuximab_vedotin,False,2613
CA-3209672-A1,15.279697,Brentuximab_vedotin,False,2613
CA-3004879-A1,15.279697,Brentuximab_vedotin,False,2613
AU-2016353600-A1,15.279697,Brentuximab_vedotin,False,2613
US-12300370-B2,15.241992,Brentuximab_vedotin,False,2613
HK-40008031-B,15.241992,Brentuximab_vedotin,False,2613
EP-3436478-B1,15.241992,Brentuximab_vedotin,False,2613
US-20250163040-A1,15.234247,Brentuximab_vedotin,False,2613
US-20220274974-A1,15.234247,Brentuximab_vedotin,False,2613
NZ-773109-B2,15.234247,Brentuximab_vedotin,False,2613
NZ-773109-A,15.234247,Brentuximab_vedotin,False,2613
US-20230183378-A1,15.21213,Brentuximab_vedotin,False,2613
US-10626100-B2,15.21213,Brentuximab_vedotin,False,2613
ES-2898867-T3,15.21213,Brentuximab_vedotin,False,2613
AU-2012294673-B2,15.21213,Brentuximab_vedotin,False,2613
US-20240317799-A1,15.209826,Brentuximab_vedotin,False,2613
IL-280378-A,15.209826,Brentuximab_vedotin,False,2613
EP-4663755-A2,15.209826,Brentuximab_vedotin,False,2613
WO-2019126431-A1,15.202884,Brentuximab_vedotin,False,2613
US-20160272707-A1,15.202884,Brentuximab_vedotin,False,2613
EP-3728202-A1,15.202884,Brentuximab_vedotin,False,2613
US-20240350589-A1,15.198657,Brentuximab_vedotin,False,2613
ES-2964640-T3,15.198657,Brentuximab_vedotin,False,2613
CN-106916112-A,15.198657,Brentuximab_vedotin,False,2613
AU-2022325498-A1,15.198657,Brentuximab_vedotin,False,2613
WO-2017008046-A1,15.183361,Brentuximab_vedotin,False,2613
US-20180371550-A1,15.183361,Brentuximab_vedotin,False,2613
WO-2025174812-A9,15.173585,Brentuximab_vedotin,False,2613
WO-2025174812-A1,15.173585,Brentuximab_vedotin,False,2613
US-20210113519-A1,15.173585,Brentuximab_vedotin,False,2613
TW-I545134-B,15.165712,Brentuximab_vedotin,False,2613
IN-201827024927-A,15.165712,Brentuximab_vedotin,False,2613
HK-40040517-A,15.165712,Brentuximab_vedotin,False,2613
HK-1218385-B,15.159702,Brentuximab_vedotin,False,2613
HK-1218385-A1,15.159702,Brentuximab_vedotin,False,2613
EP-2958564-B1,15.159702,Brentuximab_vedotin,False,2613
EP-2771295-B1,15.159702,Brentuximab_vedotin,False,2613
WO-2019162756-A2,15.152337,Brentuximab_vedotin,False,2613
US-20250011737-A1,15.152337,Brentuximab_vedotin,False,2613
US-20230340433-A1,15.152337,Brentuximab_vedotin,False,2613
US-20210388329-A1,15.152337,Brentuximab_vedotin,False,2613
US-20200263154-A1,15.152337,Brentuximab_vedotin,False,2613
US-20180371435-A1,15.152337,Brentuximab_vedotin,False,2613
EP-4227311-A1,15.152337,Brentuximab_vedotin,False,2613
EP-3072957-A1,15.152337,Brentuximab_vedotin,False,2613
WO-2025170634-A1,15.149857,Brentuximab_vedotin,False,2613
WO-2019175806-A1,15.149857,Brentuximab_vedotin,False,2613
US-20200407434-A1,15.149857,Brentuximab_vedotin,False,2613
US-20180002435-A1,15.149857,Brentuximab_vedotin,False,2613
IN-202117053966-A,15.149857,Brentuximab_vedotin,False,2613
EP-3765490-A1,15.149857,Brentuximab_vedotin,False,2613
CA-2991223-A1,15.149857,Brentuximab_vedotin,False,2613
AU-2020282791-A1,15.149857,Brentuximab_vedotin,False,2613
AU-2019235652-A1,15.149857,Brentuximab_vedotin,False,2613
US-20200376092-A1,15.148842,Brentuximab_vedotin,False,2613
EP-3375440-A2,15.148842,Brentuximab_vedotin,False,2613
CA-3013412-C,15.148842,Brentuximab_vedotin,False,2613
AU-2016353600-B2,15.148842,Brentuximab_vedotin,False,2613
US-20170107553-A1,15.146741,Brentuximab_vedotin,False,2613
US-20150328214-A1,15.146741,Brentuximab_vedotin,False,2613
US-11952353-B2,15.146741,Brentuximab_vedotin,False,2613
CA-3182315-A1,15.146741,Brentuximab_vedotin,False,2613
CA-2951025-A1,15.146741,Brentuximab_vedotin,False,2613
BR-112019011033-A2,15.146741,Brentuximab_vedotin,False,2613
AU-2015270137-A1,15.146741,Brentuximab_vedotin,False,2613
AR-124223-A1,15.1056,Brentuximab_vedotin,False,2613
US-9821116-B2,15.102604,Brentuximab_vedotin,False,2613
US-12104995-B2,15.102604,Brentuximab_vedotin,False,2613
US-20240409538-A1,15.089302,Brentuximab_vedotin,False,2613
EP-3258941-A1,15.089302,Brentuximab_vedotin,False,2613
CA-3235663-A1,15.089302,Brentuximab_vedotin,False,2613
AU-2022368823-A1,15.089302,Brentuximab_vedotin,False,2613
AU-2013337717-B2,15.089302,Brentuximab_vedotin,False,2613
US-20180186818-A1,15.089168,Brentuximab_vedotin,False,2613
US-10273252-B2,15.089168,Brentuximab_vedotin,False,2613
AU-2022377628-A1,15.087458,Brentuximab_vedotin,False,2613
WO-2024263960-A2,15.079347,Brentuximab_vedotin,False,2613
US-20250179182-A1,15.079347,Brentuximab_vedotin,False,2613
US-20240307548-A1,15.079347,Brentuximab_vedotin,False,2613
US-20220379026-A1,15.079347,Brentuximab_vedotin,False,2613
US-20150147314-A1,15.079347,Brentuximab_vedotin,False,2613
IN-202017046210-A,15.079347,Brentuximab_vedotin,False,2613
AU-2019240403-A1,15.079347,Brentuximab_vedotin,False,2613
NZ-777546-B2,15.074258,Brentuximab_vedotin,False,2613
NZ-777546-A,15.074258,Brentuximab_vedotin,False,2613
CN-110099682-B,15.074258,Brentuximab_vedotin,False,2613
AU-2013345107-B2,15.074258,Brentuximab_vedotin,False,2613
AU-2019411278-A1,15.070922,Brentuximab_vedotin,False,2613
US-20210188983-A1,14.970851,Brentuximab_vedotin,False,2613
ES-2951552-T3,14.970851,Brentuximab_vedotin,False,2613
EP-4046655-A9,14.970851,Brentuximab_vedotin,False,2613
EP-4046655-A1,14.970851,Brentuximab_vedotin,False,2613
WO-2025024837-A1,14.960844,Brentuximab_vedotin,False,2613
WO-2019072824-A1,14.960844,Brentuximab_vedotin,False,2613
US-20240277624-A1,14.960844,Brentuximab_vedotin,False,2613
US-20230263783-A1,14.960844,Brentuximab_vedotin,False,2613
US-20210260173-A1,14.960844,Brentuximab_vedotin,False,2613
US-20210041453-A1,14.960844,Brentuximab_vedotin,False,2613
US-12405275-B2,14.960844,Brentuximab_vedotin,False,2613
AU-2022288678-A1,14.960844,Brentuximab_vedotin,False,2613
KR-20250114577-A,14.957651,Brentuximab_vedotin,False,2613
KR-20200042461-A,14.957651,Brentuximab_vedotin,False,2613
WO-2023017191-A1,14.953579,Brentuximab_vedotin,False,2613
US-20210363180-A1,14.953579,Brentuximab_vedotin,False,2613
US-20180230180-A1,14.953579,Brentuximab_vedotin,False,2613
EP-4384204-A1,14.953579,Brentuximab_vedotin,False,2613
CA-3225815-A1,14.953579,Brentuximab_vedotin,False,2613
WO-2019126424-A1,14.935764,Brentuximab_vedotin,False,2613
IN-202017027710-A,14.935764,Brentuximab_vedotin,False,2613
IL-275500-B2,14.935764,Brentuximab_vedotin,False,2613
IL-275500-B1,14.935764,Brentuximab_vedotin,False,2613
EP-3728203-A1,14.935764,Brentuximab_vedotin,False,2613
AU-2018388655-A1,14.935764,Brentuximab_vedotin,False,2613
US-9457019-B2,14.928846,Brentuximab_vedotin,False,2613
US-20220296543-A1,14.928846,Brentuximab_vedotin,False,2613
US-20190247470-A1,14.918772,Brentuximab_vedotin,False,2613
US-20180140682-A1,14.918772,Brentuximab_vedotin,False,2613
HK-40040716-A,14.918772,Brentuximab_vedotin,False,2613
EP-3738611-A1,14.918772,Brentuximab_vedotin,False,2613
CN-103561759-B,14.918772,Brentuximab_vedotin,False,2613
EP-3444261-B1,14.906275,Brentuximab_vedotin,False,2613
WO-2015186075-A1,14.901446,Brentuximab_vedotin,False,2613
US-20200360436-A1,14.901446,Brentuximab_vedotin,False,2613
US-20170216519-A1,14.901446,Brentuximab_vedotin,False,2613
EP-3152318-A1,14.901446,Brentuximab_vedotin,False,2613
WO-2019084369-A1,14.899191,Brentuximab_vedotin,False,2613
US-20200289517-A1,14.899191,Brentuximab_vedotin,False,2613
IN-315196-B,14.899191,Brentuximab_vedotin,False,2613
EP-3700532-A1,14.899191,Brentuximab_vedotin,False,2613
CA-3096973-A1,14.899191,Brentuximab_vedotin,False,2613
AU-2018354356-A1,14.899191,Brentuximab_vedotin,False,2613
WO-2019195159-A1,14.898328,Brentuximab_vedotin,False,2613
US-20210052612-A1,14.898328,Brentuximab_vedotin,False,2613
IN-202017042720-A,14.898328,Brentuximab_vedotin,False,2613
EP-3773563-A1,14.898328,Brentuximab_vedotin,False,2613
AU-2019246969-A1,14.898328,Brentuximab_vedotin,False,2613
WO-2020243338-A1,14.895696,Brentuximab_vedotin,False,2613
WO-2016120216-A1,14.895696,Brentuximab_vedotin,False,2613
TW-I881239-B,14.895696,Brentuximab_vedotin,False,2613
IN-201717025429-A,14.895696,Brentuximab_vedotin,False,2613
EP-3976099-A1,14.895696,Brentuximab_vedotin,False,2613
EP-3250604-A1,14.895696,Brentuximab_vedotin,False,2613
CA-3093633-A1,14.895696,Brentuximab_vedotin,False,2613
CA-2973642-A1,14.895696,Brentuximab_vedotin,False,2613
AU-2016212158-A1,14.895696,Brentuximab_vedotin,False,2613
WO-2017200492-A1,14.894722,Brentuximab_vedotin,False,2613
US-20220267350-A1,14.894722,Brentuximab_vedotin,False,2613
US-20220242919-A1,14.894722,Brentuximab_vedotin,False,2613
EP-4006032-A1,14.894722,Brentuximab_vedotin,False,2613
WO-2016019969-A1,14.847021,Brentuximab_vedotin,False,2613
US-9931359-B2,14.847021,Brentuximab_vedotin,False,2613
DK-2846816-T3,14.847021,Brentuximab_vedotin,False,2613
WO-2019183438-A1,14.841533,Brentuximab_vedotin,False,2613
US-20170067921-A1,14.841533,Brentuximab_vedotin,False,2613
US-20140294765-A1,14.841533,Brentuximab_vedotin,False,2613
IN-336931-B,14.841533,Brentuximab_vedotin,False,2613
IN-201617015476-A,14.841533,Brentuximab_vedotin,False,2613
EP-3768714-A1,14.841533,Brentuximab_vedotin,False,2613
CA-3093731-A1,14.841533,Brentuximab_vedotin,False,2613
WO-2023066299-A1,14.834232,Brentuximab_vedotin,False,2613
US-20150283142-A1,14.834232,Brentuximab_vedotin,False,2613
ID-P202302991-A,14.834232,Brentuximab_vedotin,False,2613
EP-4419522-A1,14.834232,Brentuximab_vedotin,False,2613
EP-2736565-B1,14.834232,Brentuximab_vedotin,False,2613
AU-2019200222-A1,14.834232,Brentuximab_vedotin,False,2613
US-20220339160-A1,14.825671,Brentuximab_vedotin,False,2613
IN-327853-B,14.825671,Brentuximab_vedotin,False,2613
EP-4006033-A1,14.825671,Brentuximab_vedotin,False,2613
HK-40004502-B,14.823775,Brentuximab_vedotin,False,2613
EP-3439658-B1,14.823775,Brentuximab_vedotin,False,2613
WO-2020126610-A9,14.82246,Brentuximab_vedotin,False,2613
WO-2020126610-A1,14.82246,Brentuximab_vedotin,False,2613
HK-40065008-A,14.82246,Brentuximab_vedotin,False,2613
EP-3897739-A1,14.82246,Brentuximab_vedotin,False,2613
WO-2024263966-A2,14.801462,Brentuximab_vedotin,False,2613
WO-2024263963-A2,14.801462,Brentuximab_vedotin,False,2613
US-20250361266-A1,14.801462,Brentuximab_vedotin,False,2613
US-20240352061-A1,14.801462,Brentuximab_vedotin,False,2613
IN-202518071562-A,14.801462,Brentuximab_vedotin,False,2613
WO-2017140845-A1,14.738228,Brentuximab_vedotin,False,2613
WO-2015100363-A1,14.738228,Brentuximab_vedotin,False,2613
US-20210386680-A1,14.738228,Brentuximab_vedotin,False,2613
US-20160347732-A1,14.738228,Brentuximab_vedotin,False,2613
US-11453726-B2,14.738228,Brentuximab_vedotin,False,2613
EP-3416981-A1,14.738228,Brentuximab_vedotin,False,2613
CA-2933907-A1,14.738228,Brentuximab_vedotin,False,2613
WO-2023172669-A9,14.730501,Brentuximab_vedotin,False,2613
WO-2023172669-A2,14.730501,Brentuximab_vedotin,False,2613
WO-2022187289-A1,14.730501,Brentuximab_vedotin,False,2613
US-20160361360-A1,14.730501,Brentuximab_vedotin,False,2613
IN-201717046260-A,14.730501,Brentuximab_vedotin,False,2613
EP-4489865-A2,14.730501,Brentuximab_vedotin,False,2613
EP-4301862-A1,14.730501,Brentuximab_vedotin,False,2613
AU-2022229358-A1,14.730501,Brentuximab_vedotin,False,2613
AU-2016274989-A1,14.730501,Brentuximab_vedotin,False,2613
HK-1232224-B,14.722669,Brentuximab_vedotin,False,2613
HK-1232224-A1,14.722669,Brentuximab_vedotin,False,2613
EP-3169671-B1,14.722669,Brentuximab_vedotin,False,2613
WO-2024263972-A2,14.721074,Brentuximab_vedotin,False,2613
WO-2024263813-A2,14.721074,Brentuximab_vedotin,False,2613
WO-2024263801-A2,14.721074,Brentuximab_vedotin,False,2613
WO-2024263798-A1,14.721074,Brentuximab_vedotin,False,2613
WO-2023158514-A1,14.721074,Brentuximab_vedotin,False,2613
US-20190092775-A1,14.721074,Brentuximab_vedotin,False,2613
EP-4479042-A1,14.721074,Brentuximab_vedotin,False,2613
WO-2017027861-A1,14.717437,Brentuximab_vedotin,False,2613
US-20150093399-A1,14.717437,Brentuximab_vedotin,False,2613
EP-4640714-A2,14.717437,Brentuximab_vedotin,False,2613
EP-3334747-A1,14.717437,Brentuximab_vedotin,False,2613
CN-106279045-A,14.717437,Brentuximab_vedotin,False,2613
WO-2018095353-A1,14.697296,Brentuximab_vedotin,False,2613
IN-202317082372-A,14.697296,Brentuximab_vedotin,False,2613
WO-2017100431-A2,14.680923,Brentuximab_vedotin,False,2613
IL-268568-B2,14.680923,Brentuximab_vedotin,False,2613
IL-268568-B1,14.680923,Brentuximab_vedotin,False,2613
EP-3747465-A1,14.680923,Brentuximab_vedotin,False,2613
EP-3403643-A1,14.680923,Brentuximab_vedotin,False,2613
EP-3387001-A2,14.680923,Brentuximab_vedotin,False,2613
CA-3006305-A1,14.680923,Brentuximab_vedotin,False,2613
AU-2011316917-B2,14.680923,Brentuximab_vedotin,False,2613
US-9447431-B2,14.655605,Brentuximab_vedotin,False,2613
US-20180243441-A1,14.655605,Brentuximab_vedotin,False,2613
US-20160319256-A9,14.655605,Brentuximab_vedotin,False,2613
US-20160186150-A1,14.655605,Brentuximab_vedotin,False,2613
US-10933061-B2,14.655605,Brentuximab_vedotin,False,2613
EP-3444261-A1,14.655605,Brentuximab_vedotin,False,2613
AU-2018299536-B2,14.655605,Brentuximab_vedotin,False,2613
US-9364567-B2,14.650235,Brentuximab_vedotin,False,2613
SG-10202101062Y-A,14.650235,Brentuximab_vedotin,False,2613
AU-2014243816-B2,14.650235,Brentuximab_vedotin,False,2613
WO-2023076989-A1,14.619756,Brentuximab_vedotin,False,2613
EP-4423135-A1,14.619756,Brentuximab_vedotin,False,2613
CA-3236735-A1,14.619756,Brentuximab_vedotin,False,2613
WO-2015077411-A1,14.612214,Brentuximab_vedotin,False,2613
EP-3071192-A1,14.612214,Brentuximab_vedotin,False,2613
CN-104016979-B,14.612214,Brentuximab_vedotin,False,2613
CA-2930156-A1,14.612214,Brentuximab_vedotin,False,2613
US-20230044430-A1,14.601219,Brentuximab_vedotin,False,2613
US-20170224818-A1,14.601219,Brentuximab_vedotin,False,2613
EP-4632080-A2,14.601219,Brentuximab_vedotin,False,2613
CN-104650049-B,14.601219,Brentuximab_vedotin,False,2613
WO-2022036024-A9,14.588915,Brentuximab_vedotin,False,2613
WO-2014071109-A1,14.588915,Brentuximab_vedotin,False,2613
US-20240010976-A1,14.588915,Brentuximab_vedotin,False,2613
US-20210145840-A1,14.588915,Brentuximab_vedotin,False,2613
IN-2015DN03660-A,14.588915,Brentuximab_vedotin,False,2613
IL-300530-A,14.588915,Brentuximab_vedotin,False,2613
EP-2914296-A1,14.588915,Brentuximab_vedotin,False,2613
CA-2890105-A1,14.588915,Brentuximab_vedotin,False,2613
WO-2024079252-A1,14.586359,Brentuximab_vedotin,False,2613
US-9926324-B2,14.586359,Brentuximab_vedotin,False,2613
US-20220152216-A1,14.586359,Brentuximab_vedotin,False,2613
EP-4602049-A1,14.586359,Brentuximab_vedotin,False,2613
EP-3299019-A1,14.586359,Brentuximab_vedotin,False,2613
WO-2019084343-A1,14.583268,Brentuximab_vedotin,False,2613
US-20200276322-A1,14.583268,Brentuximab_vedotin,False,2613
EP-3915587-A1,14.583268,Brentuximab_vedotin,False,2613
EP-3688011-A1,14.583268,Brentuximab_vedotin,False,2613
CN-117412973-A,14.583268,Brentuximab_vedotin,False,2613
WO-2025235681-A1,14.56734,Brentuximab_vedotin,False,2613
EP-3370768-B9,14.540587,Brentuximab_vedotin,False,2613
EP-3370768-B1,14.540587,Brentuximab_vedotin,False,2613
US-20180118709-A1,14.513803,Brentuximab_vedotin,False,2613
MD-3370768-T2,14.513803,Brentuximab_vedotin,False,2613
CN-120189514-A,14.513803,Brentuximab_vedotin,False,2613
CN-103626765-B,14.513803,Brentuximab_vedotin,False,2613
CA-3086111-A1,14.493535,Brentuximab_vedotin,False,2613
WO-2022258985-A1,14.490014,Brentuximab_vedotin,False,2613
WO-2021146436-A2,14.490014,Brentuximab_vedotin,False,2613
US-20150272945-A1,14.490014,Brentuximab_vedotin,False,2613
US-11964057-B2,14.490014,Brentuximab_vedotin,False,2613
US-10844066-B2,14.490014,Brentuximab_vedotin,False,2613
EP-4351529-A1,14.490014,Brentuximab_vedotin,False,2613
EP-4090674-A2,14.490014,Brentuximab_vedotin,False,2613
CA-3220837-A1,14.490014,Brentuximab_vedotin,False,2613
CA-3166509-A1,14.490014,Brentuximab_vedotin,False,2613
AU-2021207652-A1,14.490014,Brentuximab_vedotin,False,2613
AU-2018205890-A1,14.490014,Brentuximab_vedotin,False,2613
US-20240180924-A1,14.489751,Brentuximab_vedotin,False,2613
US-20190192683-A1,14.489751,Brentuximab_vedotin,False,2613
US-11098079-B2,14.489751,Brentuximab_vedotin,False,2613
CN-109867671-B,14.489751,Brentuximab_vedotin,False,2613
CN-109867671-A,14.489751,Brentuximab_vedotin,False,2613
US-11718681-B2,14.465673,Brentuximab_vedotin,False,2613
WO-2019135829-A1,14.451676,Brentuximab_vedotin,False,2613
WO-2012054748-A2,14.451676,Brentuximab_vedotin,False,2613
US-20190367626-A1,14.451676,Brentuximab_vedotin,False,2613
AU-2018219864-A1,14.451676,Brentuximab_vedotin,False,2613
AU-2016366229-A1,14.451676,Brentuximab_vedotin,False,2613
WO-2018127916-A9,14.437333,Brentuximab_vedotin,False,2613
WO-2018127916-A1,14.437333,Brentuximab_vedotin,False,2613
WO-2016051260-A2,14.437333,Brentuximab_vedotin,False,2613
US-20180325951-A1,14.437333,Brentuximab_vedotin,False,2613
EP-3200852-A2,14.437333,Brentuximab_vedotin,False,2613
CN-113613678-A,14.437333,Brentuximab_vedotin,False,2613
SG-11202009588P-A,14.434434,Brentuximab_vedotin,False,2613
AU-2019246969-B2,14.434434,Brentuximab_vedotin,False,2613
AU-2018321496-B2,14.427618,Brentuximab_vedotin,False,2613
WO-2025019834-A2,14.421049,Brentuximab_vedotin,False,2613
US-9573953-B2,14.421049,Brentuximab_vedotin,False,2613
US-10111968-B2,14.421049,Brentuximab_vedotin,False,2613
MY-182036-A,14.421049,Brentuximab_vedotin,False,2613
ES-2861393-T3,14.421049,Brentuximab_vedotin,False,2613
CA-2898294-C,14.421049,Brentuximab_vedotin,False,2613
AU-2023351704-A1,14.421049,Brentuximab_vedotin,False,2613
US-20160166697-A1,14.414848,Brentuximab_vedotin,False,2613
WO-2024263804-A2,14.364645,Brentuximab_vedotin,False,2613
WO-2024263643-A1,14.364645,Brentuximab_vedotin,False,2613
WO-2013119990-A2,14.364645,Brentuximab_vedotin,False,2613
US-20160166637-A1,14.364645,Brentuximab_vedotin,False,2613
EP-2812702-A2,14.364645,Brentuximab_vedotin,False,2613
AU-2013216863-A1,14.364645,Brentuximab_vedotin,False,2613
WO-2024188937-A1,14.355816,Brentuximab_vedotin,False,2613
WO-2017190345-A1,14.355816,Brentuximab_vedotin,False,2613
US-20140134133-A1,14.355816,Brentuximab_vedotin,False,2613
WO-2018232274-A1,14.352798,Brentuximab_vedotin,False,2613
AU-2020239720-A1,14.352798,Brentuximab_vedotin,False,2613
AU-2013337717-A1,14.352798,Brentuximab_vedotin,False,2613
US-20160264678-A1,14.341626,Brentuximab_vedotin,False,2613
WO-2014163684-A1,14.340858,Brentuximab_vedotin,False,2613
US-20140099254-A1,14.340858,Brentuximab_vedotin,False,2613
EP-2981281-A1,14.340858,Brentuximab_vedotin,False,2613
CA-2899577-A1,14.340858,Brentuximab_vedotin,False,2613
US-20240312641-A1,14.297146,Brentuximab_vedotin,False,2613
US-20210193332-A1,14.297146,Brentuximab_vedotin,False,2613
US-20130058873-A1,14.297146,Brentuximab_vedotin,False,2613
WO-2025245470-A1,14.275965,Brentuximab_vedotin,False,2613
WO-2024083237-A1,14.275965,Brentuximab_vedotin,False,2613
WO-2016201300-A1,14.275965,Brentuximab_vedotin,False,2613
EP-3307282-A1,14.275965,Brentuximab_vedotin,False,2613
CA-3212366-A1,14.275965,Brentuximab_vedotin,False,2613
BR-112017016776-A2,14.275965,Brentuximab_vedotin,False,2613
AU-2016213972-A1,14.275965,Brentuximab_vedotin,False,2613
CA-2952083-C,14.270074,Brentuximab_vedotin,False,2613
WO-2018127919-A9,14.267198,Brentuximab_vedotin,False,2613
WO-2018127919-A1,14.267198,Brentuximab_vedotin,False,2613
WO-2017153220-A1,14.267198,Brentuximab_vedotin,False,2613
US-20240343758-A1,14.267198,Brentuximab_vedotin,False,2613
IN-201927030081-A,14.267198,Brentuximab_vedotin,False,2613
IN-201747001122-A,14.267198,Brentuximab_vedotin,False,2613
EP-3565828-A1,14.267198,Brentuximab_vedotin,False,2613
CA-3047708-A1,14.267198,Brentuximab_vedotin,False,2613
AU-2023251563-A1,14.267198,Brentuximab_vedotin,False,2613
UY-37695-A,14.246312,Brentuximab_vedotin,False,2613
US-20190175560-A1,14.246312,Brentuximab_vedotin,False,2613
AU-2013229631-B2,14.246312,Brentuximab_vedotin,False,2613
US-20170216218-A1,14.245798,Brentuximab_vedotin,False,2613
CA-3085946-A1,14.245798,Brentuximab_vedotin,False,2613
WO-2025255180-A1,14.230569,Brentuximab_vedotin,False,2613
WO-2018148383-A1,14.230569,Brentuximab_vedotin,False,2613
US-20190270761-A1,14.230569,Brentuximab_vedotin,False,2613
US-10487098-B2,14.230569,Brentuximab_vedotin,False,2613
JP-2023512724-A,14.230569,Brentuximab_vedotin,False,2613
EP-3579860-A1,14.230569,Brentuximab_vedotin,False,2613
EP-2629801-A2,14.230569,Brentuximab_vedotin,False,2613
CN-109867668-B,14.230569,Brentuximab_vedotin,False,2613
CN-109867668-A,14.230569,Brentuximab_vedotin,False,2613
CN-105120663-B,14.230569,Brentuximab_vedotin,False,2613
CA-3053247-A1,14.230569,Brentuximab_vedotin,False,2613
CA-2815363-A1,14.230569,Brentuximab_vedotin,False,2613
AU-2011316917-A1,14.230569,Brentuximab_vedotin,False,2613
US-20220062372-A1,14.217576,Brentuximab_vedotin,False,2613
US-20200399265-A1,14.217576,Brentuximab_vedotin,False,2613
EP-3744718-A1,14.217576,Brentuximab_vedotin,False,2613
WO-2015073802-A1,14.206235,Brentuximab_vedotin,False,2613
EP-3068398-A1,14.206235,Brentuximab_vedotin,False,2613
WO-2024069344-A1,14.195029,Brentuximab_vedotin,False,2613
US-20140234254-A1,14.195029,Brentuximab_vedotin,False,2613
EP-4593832-A1,14.195029,Brentuximab_vedotin,False,2613
AU-2014219256-B2,14.195029,Brentuximab_vedotin,False,2613
US-20210382053-A1,14.188061,Brentuximab_vedotin,False,2613
US-20140248211-A1,14.188061,Brentuximab_vedotin,False,2613
US-11867695-B2,14.188061,Brentuximab_vedotin,False,2613
IN-201927030333-A,14.188061,Brentuximab_vedotin,False,2613
IL-267861-B2,14.188061,Brentuximab_vedotin,False,2613
IL-267861-B1,14.188061,Brentuximab_vedotin,False,2613
AU-2019202704-B2,14.188061,Brentuximab_vedotin,False,2613
AU-2019202704-A1,14.188061,Brentuximab_vedotin,False,2613
AU-2018205888-A1,14.188061,Brentuximab_vedotin,False,2613
WO-2017120222-A1,14.184328,Brentuximab_vedotin,False,2613
US-20190365656-A1,14.184328,Brentuximab_vedotin,False,2613
US-20170198040-A1,14.184328,Brentuximab_vedotin,False,2613
EP-3400069-A1,14.184328,Brentuximab_vedotin,False,2613
CA-3009799-A1,14.184328,Brentuximab_vedotin,False,2613
WO-2025021997-A1,14.177298,Brentuximab_vedotin,False,2613
WO-2015171907-A1,14.177298,Brentuximab_vedotin,False,2613
US-20140127227-A1,14.177298,Brentuximab_vedotin,False,2613
AR-117405-A1,14.177298,Brentuximab_vedotin,False,2613
CN-104755085-B,14.133566,Brentuximab_vedotin,False,2613
CA-2889346-C,14.133566,Brentuximab_vedotin,False,2613
US-20180051085-A1,14.123877,Brentuximab_vedotin,False,2613
EP-3773563-B1,14.106463,Brentuximab_vedotin,False,2613
CN-110420329-A,14.094406,Brentuximab_vedotin,False,2613
WO-2015154725-A1,14.087865,Brentuximab_vedotin,False,2613
WO-2013022738-A1,14.087865,Brentuximab_vedotin,False,2613
US-20250387420-A1,14.087865,Brentuximab_vedotin,False,2613
US-20200239585-A1,14.087865,Brentuximab_vedotin,False,2613
EP-2739649-A1,14.087865,Brentuximab_vedotin,False,2613
AU-2018348198-A1,14.087865,Brentuximab_vedotin,False,2613
WO-2015197510-A1,14.05799,Brentuximab_vedotin,False,2613
US-20210363270-A1,14.05799,Brentuximab_vedotin,False,2613
US-10669337-B2,14.05799,Brentuximab_vedotin,False,2613
IN-202147043120-A,14.05799,Brentuximab_vedotin,False,2613
US-20250066728-A1,14.052192,Brentuximab_vedotin,False,2613
JP-6708641-B2,14.052192,Brentuximab_vedotin,False,2613
IL-267862-B2,14.052192,Brentuximab_vedotin,False,2613
IL-267862-B1,14.052192,Brentuximab_vedotin,False,2613
EP-3426657-A1,14.052192,Brentuximab_vedotin,False,2613
CA-3016584-A1,14.052192,Brentuximab_vedotin,False,2613
MY-199247-A,14.034536,Brentuximab_vedotin,False,2613
WO-2021160147-A1,14.017179,Brentuximab_vedotin,False,2613
US-10329314-B2,14.017179,Brentuximab_vedotin,False,2613
IL-293880-B2,14.017179,Brentuximab_vedotin,False,2613
IL-293880-B1,14.017179,Brentuximab_vedotin,False,2613
WO-2022051356-A1,14.00545,Brentuximab_vedotin,False,2613
US-11591328-B2,14.00545,Brentuximab_vedotin,False,2613
KR-20210069679-A,14.00545,Brentuximab_vedotin,False,2613
CA-3095184-A1,14.002751,Brentuximab_vedotin,False,2613
WO-2024233299-A2,13.983195,Brentuximab_vedotin,False,2613
IL-324320-A,13.983195,Brentuximab_vedotin,False,2613
ES-2806678-T3,13.983195,Brentuximab_vedotin,False,2613
AU-2024269870-A1,13.983195,Brentuximab_vedotin,False,2613
AU-2018322059-C1,13.983195,Brentuximab_vedotin,False,2613
AU-2018322059-B2,13.983195,Brentuximab_vedotin,False,2613
WO-2016140624-A1,13.977087,Brentuximab_vedotin,False,2613
EP-3265472-A1,13.977087,Brentuximab_vedotin,False,2613
CA-2898294-A1,13.977087,Brentuximab_vedotin,False,2613
WO-2021220251-A1,13.970897,Brentuximab_vedotin,False,2613
US-20230167153-A1,13.970897,Brentuximab_vedotin,False,2613
IN-202127059990-A,13.970897,Brentuximab_vedotin,False,2613
EP-4142792-A1,13.970897,Brentuximab_vedotin,False,2613
CA-3182368-A1,13.970897,Brentuximab_vedotin,False,2613
AU-2021262609-A1,13.970897,Brentuximab_vedotin,False,2613
WO-2024179547-A1,13.97025,Brentuximab_vedotin,False,2613
WO-2018127917-A1,13.96941,Brentuximab_vedotin,False,2613
EP-3565579-A1,13.96941,Brentuximab_vedotin,False,2613
CN-109867669-B,13.96941,Brentuximab_vedotin,False,2613
CN-109867669-A,13.96941,Brentuximab_vedotin,False,2613
CN-109476752-A,13.96941,Brentuximab_vedotin,False,2613
CA-3047707-A1,13.96941,Brentuximab_vedotin,False,2613
AU-2013318338-B2,13.96941,Brentuximab_vedotin,False,2613
WO-2024056782-A1,13.91917,Brentuximab_vedotin,False,2613
WO-2014078211-A1,13.91917,Brentuximab_vedotin,False,2613
US-20200369728-A1,13.91917,Brentuximab_vedotin,False,2613
EP-4587439-A1,13.91917,Brentuximab_vedotin,False,2613
EP-2919784-A1,13.91917,Brentuximab_vedotin,False,2613
CN-117157098-A,13.91917,Brentuximab_vedotin,False,2613
CA-2889346-A1,13.91917,Brentuximab_vedotin,False,2613
WO-2018127918-A9,13.917184,Brentuximab_vedotin,False,2613
WO-2018127918-A1,13.917184,Brentuximab_vedotin,False,2613
TW-202438042-A,13.917184,Brentuximab_vedotin,False,2613
IN-201927030742-A,13.917184,Brentuximab_vedotin,False,2613
WO-2018217227-A1,13.913679,Brentuximab_vedotin,False,2613
SG-11202008869U-A,13.913679,Brentuximab_vedotin,False,2613
IN-202447040406-A,13.913679,Brentuximab_vedotin,False,2613
CN-104119350-A,13.912965,Brentuximab_vedotin,False,2613
EP-2846816-B1,13.9061775,Brentuximab_vedotin,False,2613
WO-2019075188-A1,13.885589,Brentuximab_vedotin,False,2613
US-20230020999-A1,13.885589,Brentuximab_vedotin,False,2613
IL-292685-A,13.885589,Brentuximab_vedotin,False,2613
EP-3694544-A1,13.885589,Brentuximab_vedotin,False,2613
CN-116583535-A,13.885589,Brentuximab_vedotin,False,2613
CA-3077729-A1,13.885589,Brentuximab_vedotin,False,2613
AU-2020379001-A1,13.885589,Brentuximab_vedotin,False,2613
AU-2017242803-B2,13.885589,Brentuximab_vedotin,False,2613
WO-2023091464-A1,13.853113,Brentuximab_vedotin,False,2613
WO-2023089601-A2,13.853113,Brentuximab_vedotin,False,2613
WO-2015031673-A2,13.853113,Brentuximab_vedotin,False,2613
WO-2013181418-A2,13.853113,Brentuximab_vedotin,False,2613
EP-4433462-A1,13.853113,Brentuximab_vedotin,False,2613
EP-3785701-A1,13.853113,Brentuximab_vedotin,False,2613
EP-3038657-A2,13.853113,Brentuximab_vedotin,False,2613
CO-2021012380-A2,13.853113,Brentuximab_vedotin,False,2613
CN-104415335-A,13.853113,Brentuximab_vedotin,False,2613
CA-3237744-A1,13.853113,Brentuximab_vedotin,False,2613
AU-2024201238-A1,13.853113,Brentuximab_vedotin,False,2613
AU-2020248612-A1,13.853113,Brentuximab_vedotin,False,2613
AU-2014312190-A1,13.853113,Brentuximab_vedotin,False,2613
WO-2016125169-A1,13.852766,Brentuximab_vedotin,False,2613
EP-3253733-A1,13.852766,Brentuximab_vedotin,False,2613
CA-2975673-A1,13.852766,Brentuximab_vedotin,False,2613
WO-2025043187-A1,13.844594,Brentuximab_vedotin,False,2613
US-20170209550-A1,13.844594,Brentuximab_vedotin,False,2613
TW-202527996-A,13.844594,Brentuximab_vedotin,False,2613
JP-2017522384-A5,13.844594,Brentuximab_vedotin,False,2613
AU-2015294125-A1,13.844594,Brentuximab_vedotin,False,2613
US-20240285787-A1,13.829962,Brentuximab_vedotin,False,2613
TW-202246325-A,13.829962,Brentuximab_vedotin,False,2613
WO-2016061201-A1,13.825307,Brentuximab_vedotin,False,2613
TW-201818941-A,13.825307,Brentuximab_vedotin,False,2613
WO-2017120689-A1,13.811106,Brentuximab_vedotin,False,2613
US-20250059286-A1,13.811106,Brentuximab_vedotin,False,2613
HK-40049447-B,13.810701,Brentuximab_vedotin,False,2613
HK-40049447-A,13.810701,Brentuximab_vedotin,False,2613
EP-3773737-B1,13.810701,Brentuximab_vedotin,False,2613
WO-2020118265-A2,13.800566,Brentuximab_vedotin,False,2613
US-20220017476-A1,13.800566,Brentuximab_vedotin,False,2613
US-20200165572-A1,13.800566,Brentuximab_vedotin,False,2613
US-20180036285-A1,13.800566,Brentuximab_vedotin,False,2613
US-20170115275-A1,13.800566,Brentuximab_vedotin,False,2613
US-11385238-B2,13.800566,Brentuximab_vedotin,False,2613
WO-2017103895-A1,13.777947,Brentuximab_vedotin,False,2613
EP-3389711-A1,13.777947,Brentuximab_vedotin,False,2613
CA-3008102-A1,13.777947,Brentuximab_vedotin,False,2613
EP-3897738-B1,13.776789,Brentuximab_vedotin,False,2613
WO-2014130375-A1,13.766799,Brentuximab_vedotin,False,2613
TW-201922256-A,13.766799,Brentuximab_vedotin,False,2613
KR-20210062449-A,13.766799,Brentuximab_vedotin,False,2613
EP-2958564-A1,13.766799,Brentuximab_vedotin,False,2613
US-10801070-B2,13.758467,Brentuximab_vedotin,False,2613
WO-2021021062-A1,13.712219,Brentuximab_vedotin,False,2613
US-20230314445-A1,13.712219,Brentuximab_vedotin,False,2613
US-20170114098-A1,13.712219,Brentuximab_vedotin,False,2613
TW-I574962-B,13.712219,Brentuximab_vedotin,False,2613
EP-4003428-A1,13.712219,Brentuximab_vedotin,False,2613
AU-2014274982-B2,13.712219,Brentuximab_vedotin,False,2613
WO-2019178280-A1,13.710645,Brentuximab_vedotin,False,2613
US-20250295611-A1,13.710645,Brentuximab_vedotin,False,2613
US-20250154170-A1,13.710645,Brentuximab_vedotin,False,2613
US-20250009850-A1,13.710645,Brentuximab_vedotin,False,2613
US-20210255075-A1,13.710645,Brentuximab_vedotin,False,2613
US-20150226743-A1,13.710645,Brentuximab_vedotin,False,2613
NZ-743923-A,13.710645,Brentuximab_vedotin,False,2613
KR-20220054232-A,13.710645,Brentuximab_vedotin,False,2613
IN-202017040592-A,13.710645,Brentuximab_vedotin,False,2613
EP-3765857-A1,13.710645,Brentuximab_vedotin,False,2613
AU-2019234846-A1,13.710645,Brentuximab_vedotin,False,2613
SG-11202106664P-A,13.709541,Brentuximab_vedotin,False,2613
SG-11202106572Q-A,13.709541,Brentuximab_vedotin,False,2613
IN-202117032041-A,13.709541,Brentuximab_vedotin,False,2613
CA-3124129-A1,13.709541,Brentuximab_vedotin,False,2613
CA-3124065-A1,13.709541,Brentuximab_vedotin,False,2613
AU-2019411289-A2,13.709541,Brentuximab_vedotin,False,2613
AU-2019411289-A1,13.709541,Brentuximab_vedotin,False,2613
AU-2019408811-A2,13.709541,Brentuximab_vedotin,False,2613
AU-2019408811-A1,13.709541,Brentuximab_vedotin,False,2613
WO-2024231899-A1,13.70538,Brentuximab_vedotin,False,2613
US-20220048992-A1,13.70538,Brentuximab_vedotin,False,2613
CA-2864092-C,13.70538,Brentuximab_vedotin,False,2613
WO-2023053030-A1,13.644025,Brentuximab_vedotin,False,2613
WO-2016012285-A2,13.644025,Brentuximab_vedotin,False,2613
IN-202121043959-A,13.644025,Brentuximab_vedotin,False,2613
EP-4408856-A1,13.644025,Brentuximab_vedotin,False,2613
EP-3171891-A2,13.644025,Brentuximab_vedotin,False,2613
CA-3233419-A1,13.644025,Brentuximab_vedotin,False,2613
CA-2955704-A1,13.644025,Brentuximab_vedotin,False,2613
AU-2023334713-A1,13.644025,Brentuximab_vedotin,False,2613
AU-2022357575-A1,13.644025,Brentuximab_vedotin,False,2613
AU-2019234739-A1,13.644025,Brentuximab_vedotin,False,2613
US-20220387571-A1,13.611982,Brentuximab_vedotin,False,2613
US-20220195396-A1,13.611982,Brentuximab_vedotin,False,2613
HK-1188725-B,13.611982,Brentuximab_vedotin,False,2613
HK-1188725-A,13.611982,Brentuximab_vedotin,False,2613
EP-2629801-B3,13.611982,Brentuximab_vedotin,False,2613
EP-2629801-B1,13.611982,Brentuximab_vedotin,False,2613
CA-2815363-C,13.611982,Brentuximab_vedotin,False,2613
AU-2020384951-A9,13.611982,Brentuximab_vedotin,False,2613
AU-2020384951-A1,13.611982,Brentuximab_vedotin,False,2613
AU-2013404949-B2,13.611982,Brentuximab_vedotin,False,2613
EP-4427810-A2,13.578399,Brentuximab_vedotin,False,2613
AU-2015296322-B2,13.578399,Brentuximab_vedotin,False,2613
US-20250312347-A1,13.563767,Brentuximab_vedotin,False,2613
US-20240153609-A1,13.563767,Brentuximab_vedotin,False,2613
US-11908560-B2,13.563767,Brentuximab_vedotin,False,2613
CA-2906003-C,13.555612,Brentuximab_vedotin,False,2613
US-20200025761-A1,13.554829,Brentuximab_vedotin,False,2613
CA-2896282-C,13.554829,Brentuximab_vedotin,False,2613
AU-2023224042-A1,13.554829,Brentuximab_vedotin,False,2613
AU-2018250437-B2,13.554829,Brentuximab_vedotin,False,2613
WO-2013106772-A2,13.513748,Brentuximab_vedotin,False,2613
TW-201444822-A,13.513748,Brentuximab_vedotin,False,2613
EP-2802871-A2,13.513748,Brentuximab_vedotin,False,2613
AU-2013204688-A1,13.513748,Brentuximab_vedotin,False,2613
WO-2022268050-A1,13.512333,Brentuximab_vedotin,False,2613
HK-40111389-A,13.512333,Brentuximab_vedotin,False,2613
US-10590182-B2,13.500976,Brentuximab_vedotin,False,2613
MY-194054-A,13.500976,Brentuximab_vedotin,False,2613
WO-2021091815-A1,13.500687,Brentuximab_vedotin,False,2613
WO-2018050902-A2,13.500687,Brentuximab_vedotin,False,2613
US-12009109-B2,13.500687,Brentuximab_vedotin,False,2613
TW-I772275-B,13.500687,Brentuximab_vedotin,False,2613
KR-102293537-B1,13.500687,Brentuximab_vedotin,False,2613
IN-201917010113-A,13.500687,Brentuximab_vedotin,False,2613
EP-4054647-A1,13.500687,Brentuximab_vedotin,False,2613
EP-3512875-A2,13.500687,Brentuximab_vedotin,False,2613
CA-3160151-A1,13.500687,Brentuximab_vedotin,False,2613
WO-2019091384-A1,13.490725,Brentuximab_vedotin,False,2613
US-20230158141-A1,13.490725,Brentuximab_vedotin,False,2613
HK-40003517-B,13.490725,Brentuximab_vedotin,False,2613
HK-40003517-A,13.490725,Brentuximab_vedotin,False,2613
EP-3706803-A1,13.490725,Brentuximab_vedotin,False,2613
CA-3081539-A1,13.490725,Brentuximab_vedotin,False,2613
WO-2023028205-A1,13.463561,Brentuximab_vedotin,False,2613
US-20210009596-A1,13.463561,Brentuximab_vedotin,False,2613
US-11485737-B2,13.463561,Brentuximab_vedotin,False,2613
KR-102606022-B1,13.463561,Brentuximab_vedotin,False,2613
EP-4392036-A1,13.463561,Brentuximab_vedotin,False,2613
CR-20210489-A,13.463561,Brentuximab_vedotin,False,2613
CN-103420986-A,13.463561,Brentuximab_vedotin,False,2613
WO-2022261124-A1,13.440991,Brentuximab_vedotin,False,2613
WO-2017165806-A1,13.440991,Brentuximab_vedotin,False,2613
WO-2016079332-A1,13.440991,Brentuximab_vedotin,False,2613
EP-4351656-A1,13.440991,Brentuximab_vedotin,False,2613
EP-3432905-A1,13.440991,Brentuximab_vedotin,False,2613
CN-103539777-A,13.440991,Brentuximab_vedotin,False,2613
CA-2991973-C,13.440991,Brentuximab_vedotin,False,2613
CA-3217942-A1,13.4327345,Brentuximab_vedotin,False,2613
TW-I757369-B,13.411083,Brentuximab_vedotin,False,2613
TW-201907896-A,13.411083,Brentuximab_vedotin,False,2613
JP-2017516484-A,13.411083,Brentuximab_vedotin,False,2613
GB-2583606-A,13.411083,Brentuximab_vedotin,False,2613
EP-3891132-A2,13.411083,Brentuximab_vedotin,False,2613
CA-3022351-A1,13.411083,Brentuximab_vedotin,False,2613
WO-2013190555-A1,13.397799,Brentuximab_vedotin,False,2613
EP-2744830-A1,13.397799,Brentuximab_vedotin,False,2613
CA-2848291-A1,13.397799,Brentuximab_vedotin,False,2613
AU-2013278843-A1,13.397799,Brentuximab_vedotin,False,2613
US-20230084735-A1,13.367623,Brentuximab_vedotin,False,2613
US-20190209549-A1,13.367623,Brentuximab_vedotin,False,2613
US-20130216742-A1,13.367623,Brentuximab_vedotin,False,2613
AU-2014219256-A1,13.367623,Brentuximab_vedotin,False,2613
WO-2023163988-A1,13.358126,Brentuximab_vedotin,False,2613
US-20230173295-A1,13.358126,Brentuximab_vedotin,False,2613
US-20230158070-A1,13.358126,Brentuximab_vedotin,False,2613
US-11035859-B2,13.358126,Brentuximab_vedotin,False,2613
EP-4482474-A1,13.358126,Brentuximab_vedotin,False,2613
CN-120957745-A,13.358126,Brentuximab_vedotin,False,2613
CA-3252311-A1,13.358126,Brentuximab_vedotin,False,2613
HK-40078924-A,13.339339,Brentuximab_vedotin,False,2613
WO-2023152255-A1,13.324655,Brentuximab_vedotin,False,2613
WO-2019089468-A1,13.324655,Brentuximab_vedotin,False,2613
US-20150231241-A1,13.324655,Brentuximab_vedotin,False,2613
EP-4476221-A1,13.324655,Brentuximab_vedotin,False,2613
EP-3703687-A1,13.324655,Brentuximab_vedotin,False,2613
CA-3093396-A1,13.324655,Brentuximab_vedotin,False,2613
WO-2020126627-A1,13.316653,Brentuximab_vedotin,False,2613
WO-2020126064-A1,13.316653,Brentuximab_vedotin,False,2613
EP-3897741-A1,13.316653,Brentuximab_vedotin,False,2613
EP-3773737-A1,13.316653,Brentuximab_vedotin,False,2613
WO-2017181049-A1,13.303587,Brentuximab_vedotin,False,2613
WO-2016020065-A1,13.303587,Brentuximab_vedotin,False,2613
US-20250304910-A1,13.303587,Brentuximab_vedotin,False,2613
US-20220143090-A1,13.303587,Brentuximab_vedotin,False,2613
HK-40069188-A,13.303587,Brentuximab_vedotin,False,2613
EP-3954393-A1,13.303587,Brentuximab_vedotin,False,2613
EP-3177645-A1,13.303587,Brentuximab_vedotin,False,2613
CN-104254778-A,13.303587,Brentuximab_vedotin,False,2613
CA-2872643-C,13.303587,Brentuximab_vedotin,False,2613
AU-2018221076-B2,13.303587,Brentuximab_vedotin,False,2613
WO-2024049982-A2,13.2626,Brentuximab_vedotin,False,2613
WO-2019178151-A1,13.2626,Brentuximab_vedotin,False,2613
EP-4580632-A2,13.2626,Brentuximab_vedotin,False,2613
EP-3765856-A1,13.2626,Brentuximab_vedotin,False,2613
CA-3093699-C,13.2626,Brentuximab_vedotin,False,2613
CA-3093699-A1,13.2626,Brentuximab_vedotin,False,2613
HK-40063151-A,13.252896,Brentuximab_vedotin,False,2613
EP-3897735-B1,13.252896,Brentuximab_vedotin,False,2613
WO-2021095009-A1,13.233219,Brentuximab_vedotin,False,2613
EP-4058051-A1,13.233219,Brentuximab_vedotin,False,2613
CA-3158090-A1,13.233219,Brentuximab_vedotin,False,2613
AU-2020201331-B2,13.233219,Brentuximab_vedotin,False,2613
WO-2016015598-A1,13.21082,Brentuximab_vedotin,False,2613
WO-2016015597-A1,13.21082,Brentuximab_vedotin,False,2613
US-9828373-B2,13.21082,Brentuximab_vedotin,False,2613
US-20170121323-A1,13.21082,Brentuximab_vedotin,False,2613
IL-260296-B2,13.21082,Brentuximab_vedotin,False,2613
CN-104016979-A,13.21082,Brentuximab_vedotin,False,2613
CN-103965199-A,13.21082,Brentuximab_vedotin,False,2613
AU-2015296322-A1,13.21082,Brentuximab_vedotin,False,2613
HK-40117580-A,13.168738,Brentuximab_vedotin,False,2613
WO-2016089928-A1,13.140421,Brentuximab_vedotin,False,2613
CN-103387535-A,13.139933,Brentuximab_vedotin,False,2613
EP-4374927-A2,13.132351,Brentuximab_vedotin,False,2613
AU-2025203017-A1,13.132351,Brentuximab_vedotin,False,2613
WO-2019002512-A2,13.103289,Brentuximab_vedotin,False,2613
IN-201947054146-A,13.103289,Brentuximab_vedotin,False,2613
EP-3893913-B1,13.103289,Brentuximab_vedotin,False,2613
EP-3645732-A2,13.103289,Brentuximab_vedotin,False,2613
EP-3510034-B1,13.103289,Brentuximab_vedotin,False,2613
AU-2018364114-A1,13.103289,Brentuximab_vedotin,False,2613
AU-2018294504-A1,13.103289,Brentuximab_vedotin,False,2613
WO-2017087235-A1,13.098799,Brentuximab_vedotin,False,2613
WO-2015027915-A1,13.098799,Brentuximab_vedotin,False,2613
US-20220088029-A1,13.098799,Brentuximab_vedotin,False,2613
US-20170143737-A1,13.098799,Brentuximab_vedotin,False,2613
US-10065934-B2,13.098799,Brentuximab_vedotin,False,2613
IN-201817019818-A,13.098799,Brentuximab_vedotin,False,2613
EP-3377068-A1,13.098799,Brentuximab_vedotin,False,2613
CA-3005730-A1,13.098799,Brentuximab_vedotin,False,2613
WO-2021173180-A1,13.076786,Brentuximab_vedotin,False,2613
WO-2017062920-A1,13.076786,Brentuximab_vedotin,False,2613
US-20240151725-A1,13.076786,Brentuximab_vedotin,False,2613
US-20210263032-A1,13.076786,Brentuximab_vedotin,False,2613
TW-201842920-A,13.076786,Brentuximab_vedotin,False,2613
EP-4110351-A1,13.076786,Brentuximab_vedotin,False,2613
CA-3173265-A1,13.076786,Brentuximab_vedotin,False,2613
AU-2021202467-A1,13.076786,Brentuximab_vedotin,False,2613
AU-2020431760-A1,13.076786,Brentuximab_vedotin,False,2613
CN-109310686-A,13.065391,Brentuximab_vedotin,False,2613
WO-2016176089-A1,13.046488,Brentuximab_vedotin,False,2613
JP-2025532618-A,13.046488,Brentuximab_vedotin,False,2613
CN-103319468-A,13.046488,Brentuximab_vedotin,False,2613
US-9474688-B2,12.994642,Brentuximab_vedotin,False,2613
WO-2024199466-A1,12.984148,Brentuximab_vedotin,False,2613
WO-2022264124-A2,12.984148,Brentuximab_vedotin,False,2613
WO-2012075361-A2,12.984148,Brentuximab_vedotin,False,2613
US-20140322132-A1,12.984148,Brentuximab_vedotin,False,2613
US-20120076727-A1,12.984148,Brentuximab_vedotin,False,2613
US-12296012-B2,12.984148,Brentuximab_vedotin,False,2613
TW-202440114-A,12.984148,Brentuximab_vedotin,False,2613
SG-10202108528Q-A,12.984148,Brentuximab_vedotin,False,2613
JP-2024020202-A,12.984148,Brentuximab_vedotin,False,2613
JP-2022176973-A,12.984148,Brentuximab_vedotin,False,2613
IN-2013DN02736-A,12.984148,Brentuximab_vedotin,False,2613
EP-4355307-A2,12.984148,Brentuximab_vedotin,False,2613
EP-2646055-A2,12.984148,Brentuximab_vedotin,False,2613
CN-110201158-A,12.984148,Brentuximab_vedotin,False,2613
CA-2814962-A1,12.984148,Brentuximab_vedotin,False,2613
AU-2019216269-B2,12.984148,Brentuximab_vedotin,False,2613
AU-2011336396-A1,12.984148,Brentuximab_vedotin,False,2613
WO-2015126548-A1,12.963296,Brentuximab_vedotin,False,2613
WO-2014065889-A2,12.963296,Brentuximab_vedotin,False,2613
US-20150132217-A1,12.963296,Brentuximab_vedotin,False,2613
EP-4424301-A1,12.963296,Brentuximab_vedotin,False,2613
CA-2937236-C,12.963296,Brentuximab_vedotin,False,2613
CA-2937236-A1,12.963296,Brentuximab_vedotin,False,2613
AU-2022376750-A1,12.963296,Brentuximab_vedotin,False,2613
AU-2015219495-B2,12.963296,Brentuximab_vedotin,False,2613
AU-2015219495-A1,12.963296,Brentuximab_vedotin,False,2613
IN-201817025195-A,12.962489,Brentuximab_vedotin,False,2613
US-20150132290-A1,12.928461,Brentuximab_vedotin,False,2613
HK-1205253-B,12.928461,Brentuximab_vedotin,False,2613
HK-1205253-A1,12.928461,Brentuximab_vedotin,False,2613
EP-2812702-B1,12.928461,Brentuximab_vedotin,False,2613
CN-104650049-A,12.928461,Brentuximab_vedotin,False,2613
US-20250042936-A1,12.90537,Brentuximab_vedotin,False,2613
WO-2025016899-A1,12.878385,Brentuximab_vedotin,False,2613
US-20250003975-A1,12.878385,Brentuximab_vedotin,False,2613
US-20220184123-A1,12.878385,Brentuximab_vedotin,False,2613
US-20200240993-A1,12.878385,Brentuximab_vedotin,False,2613
TW-201305217-A,12.878385,Brentuximab_vedotin,False,2613
AU-2022206711-B2,12.878385,Brentuximab_vedotin,False,2613
KR-20200135841-A,12.865865,Brentuximab_vedotin,False,2613
EP-3172214-A1,12.865865,Brentuximab_vedotin,False,2613
WO-2023240169-A1,12.801121,Brentuximab_vedotin,False,2613
WO-2020118136-A1,12.801121,Brentuximab_vedotin,False,2613
WO-2017167350-A1,12.801121,Brentuximab_vedotin,False,2613
US-20250360210-A1,12.801121,Brentuximab_vedotin,False,2613
EP-4536814-A1,12.801121,Brentuximab_vedotin,False,2613
CN-103626765-A,12.801121,Brentuximab_vedotin,False,2613
HK-40043710-A,12.790544,Brentuximab_vedotin,False,2613
EP-3765857-B1,12.790544,Brentuximab_vedotin,False,2613
WO-2025101836-A1,12.776652,Brentuximab_vedotin,False,2613
US-12508321-B2,12.776652,Brentuximab_vedotin,False,2613
IL-292352-B2,12.776652,Brentuximab_vedotin,False,2613
IL-292352-B1,12.776652,Brentuximab_vedotin,False,2613
AU-2013345107-A1,12.776652,Brentuximab_vedotin,False,2613
US-20220241261-A1,12.756533,Brentuximab_vedotin,False,2613
US-20210047406-A1,12.756533,Brentuximab_vedotin,False,2613
US-20180289685-A1,12.756533,Brentuximab_vedotin,False,2613
US-20170114032-A1,12.756533,Brentuximab_vedotin,False,2613
JP-7295150-B2,12.756533,Brentuximab_vedotin,False,2613
EP-4074317-A1,12.756533,Brentuximab_vedotin,False,2613
EP-3195865-A1,12.756533,Brentuximab_vedotin,False,2613
AU-2015291522-B2,12.756533,Brentuximab_vedotin,False,2613
WO-2015017034-A1,12.741126,Brentuximab_vedotin,False,2613
US-20220333074-A1,12.735053,Brentuximab_vedotin,False,2613
TW-201408667-A,12.735053,Brentuximab_vedotin,False,2613
US-20190300526-A1,12.70447,Brentuximab_vedotin,False,2613
IN-201727000234-A,12.70447,Brentuximab_vedotin,False,2613
CA-2989519-C,12.658685,Brentuximab_vedotin,False,2613
CA-2935392-C,12.658685,Brentuximab_vedotin,False,2613
HK-40033360-B,12.651794,Brentuximab_vedotin,False,2613
HK-40033360-A,12.651794,Brentuximab_vedotin,False,2613
EP-3672975-B1,12.651794,Brentuximab_vedotin,False,2613
WO-2023107473-A1,12.645359,Brentuximab_vedotin,False,2613
US-20250213688-A1,12.645359,Brentuximab_vedotin,False,2613
TW-I620749-B,12.645359,Brentuximab_vedotin,False,2613
WO-2021216957-A1,12.634012,Brentuximab_vedotin,False,2613
WO-2017093291-A9,12.634012,Brentuximab_vedotin,False,2613
WO-2017093291-A1,12.634012,Brentuximab_vedotin,False,2613
WO-2014160438-A1,12.634012,Brentuximab_vedotin,False,2613
US-20240261444-A1,12.634012,Brentuximab_vedotin,False,2613
US-20230338251-A1,12.634012,Brentuximab_vedotin,False,2613
US-20210077627-A1,12.634012,Brentuximab_vedotin,False,2613
US-20180354997-A1,12.634012,Brentuximab_vedotin,False,2613
US-20180009895-A1,12.634012,Brentuximab_vedotin,False,2613
TW-202245833-A,12.634012,Brentuximab_vedotin,False,2613
IN-201717022073-A,12.634012,Brentuximab_vedotin,False,2613
EP-3384018-A1,12.634012,Brentuximab_vedotin,False,2613
EP-2970433-A1,12.634012,Brentuximab_vedotin,False,2613
CN-112162094-A,12.634012,Brentuximab_vedotin,False,2613
CA-3006400-A1,12.634012,Brentuximab_vedotin,False,2613
CA-2906003-A1,12.634012,Brentuximab_vedotin,False,2613
CA-2884707-A1,12.634012,Brentuximab_vedotin,False,2613
AU-2017202970-A1,12.634012,Brentuximab_vedotin,False,2613
AU-2016363711-A9,12.634012,Brentuximab_vedotin,False,2613
AU-2016363711-A1,12.634012,Brentuximab_vedotin,False,2613
AU-2014243816-A1,12.634012,Brentuximab_vedotin,False,2613
JP-2024138298-A,12.624286,Brentuximab_vedotin,False,2613
EP-3107577-A1,12.624286,Brentuximab_vedotin,False,2613
CA-3128035-A1,12.577434,Brentuximab_vedotin,False,2613
AU-2021215270-A1,12.577434,Brentuximab_vedotin,False,2613
IN-201727031105-A,12.570105,Brentuximab_vedotin,False,2613
CN-114949187-A,12.570105,Brentuximab_vedotin,False,2613
CN-106714834-A,12.570105,Brentuximab_vedotin,False,2613
CN-103561759-A,12.5452795,Brentuximab_vedotin,False,2613
WO-2016015604-A1,12.541502,Brentuximab_vedotin,False,2613
WO-2019108804-A1,12.539201,Brentuximab_vedotin,False,2613
EP-3717023-A1,12.539201,Brentuximab_vedotin,False,2613
MX-2014009884-A,12.483583,Brentuximab_vedotin,False,2613
AU-2024200650-A1,12.483583,Brentuximab_vedotin,False,2613
TW-I781415-B,12.482311,Brentuximab_vedotin,False,2613
CA-3257650-A1,12.482311,Brentuximab_vedotin,False,2613
US-20250195682-A1,12.442979,Brentuximab_vedotin,False,2613
TW-201422615-A,12.442979,Brentuximab_vedotin,False,2613
SG-11202106603U-A,12.442979,Brentuximab_vedotin,False,2613
KR-102148679-B1,12.442979,Brentuximab_vedotin,False,2613
CN-104755085-A,12.442979,Brentuximab_vedotin,False,2613
WO-2016174183-A1,12.434746,Brentuximab_vedotin,False,2613
UY-36660-A,12.434746,Brentuximab_vedotin,False,2613
US-20190388410-A1,12.434746,Brentuximab_vedotin,False,2613
US-11802158-B2,12.434746,Brentuximab_vedotin,False,2613
EP-3288558-A1,12.434746,Brentuximab_vedotin,False,2613
CN-107872977-B,12.434746,Brentuximab_vedotin,False,2613
CA-2984259-A1,12.434746,Brentuximab_vedotin,False,2613
AU-2021225157-A1,12.434746,Brentuximab_vedotin,False,2613
AU-2020248612-B9,12.434746,Brentuximab_vedotin,False,2613
WO-2017021857-A1,12.416398,Brentuximab_vedotin,False,2613
US-20190040150-A1,12.416398,Brentuximab_vedotin,False,2613
EP-3328401-A1,12.416398,Brentuximab_vedotin,False,2613
CA-2991868-C,12.416398,Brentuximab_vedotin,False,2613
CA-2991868-A1,12.416398,Brentuximab_vedotin,False,2613
CN-104211692-B,12.4137745,Brentuximab_vedotin,False,2613
US-11608336-B2,12.382996,Brentuximab_vedotin,False,2613
WO-2024073529-A1,12.317584,Brentuximab_vedotin,False,2613
US-20170056529-A1,12.317584,Brentuximab_vedotin,False,2613
TW-201443049-A,12.317584,Brentuximab_vedotin,False,2613
EP-4593848-A1,12.317584,Brentuximab_vedotin,False,2613
WO-2023212244-A1,12.305614,Brentuximab_vedotin,False,2613
US-20140220159-A1,12.305614,Brentuximab_vedotin,False,2613
US-20140205681-A1,12.305614,Brentuximab_vedotin,False,2613
WO-2016120218-A1,12.305509,Brentuximab_vedotin,False,2613
WO-2014046983-A9,12.305509,Brentuximab_vedotin,False,2613
WO-2014046983-A1,12.305509,Brentuximab_vedotin,False,2613
US-20180002427-A1,12.305509,Brentuximab_vedotin,False,2613
US-20180000914-A1,12.305509,Brentuximab_vedotin,False,2613
EP-3250606-A1,12.305509,Brentuximab_vedotin,False,2613
EP-2897620-A1,12.305509,Brentuximab_vedotin,False,2613
CA-2973525-A1,12.305509,Brentuximab_vedotin,False,2613
AU-2016212160-A1,12.305509,Brentuximab_vedotin,False,2613
AU-2013318338-A1,12.305509,Brentuximab_vedotin,False,2613
HK-40044966-B,12.304132,Brentuximab_vedotin,False,2613
EP-3842437-B1,12.304132,Brentuximab_vedotin,False,2613
AU-2019411289-B2,12.28171,Brentuximab_vedotin,False,2613
AU-2020250235-A1,12.25484,Brentuximab_vedotin,False,2613
WO-2025242184-A1,12.248256,Brentuximab_vedotin,False,2613
WO-2025242182-A1,12.248256,Brentuximab_vedotin,False,2613
WO-2016015605-A1,12.235945,Brentuximab_vedotin,False,2613
WO-2018140960-A1,12.231971,Brentuximab_vedotin,False,2613
WO-2015043492-A1,12.231971,Brentuximab_vedotin,False,2613
EP-3573660-A1,12.231971,Brentuximab_vedotin,False,2613
CA-3050919-A1,12.231971,Brentuximab_vedotin,False,2613
CA-3019137-C,12.231971,Brentuximab_vedotin,False,2613
AU-2018213407-A1,12.231971,Brentuximab_vedotin,False,2613
TW-202146043-A,12.181782,Brentuximab_vedotin,False,2613
KR-20210086722-A,12.181782,Brentuximab_vedotin,False,2613
KR-102435747-B1,12.181782,Brentuximab_vedotin,False,2613
HK-1220215-B,12.149357,Brentuximab_vedotin,False,2613
HK-1220215-A1,12.149357,Brentuximab_vedotin,False,2613
EP-2970433-B1,12.149357,Brentuximab_vedotin,False,2613
WO-2021263205-A1,12.131652,Brentuximab_vedotin,False,2613
WO-2016008433-A1,12.131652,Brentuximab_vedotin,False,2613
US-20230317206-A1,12.131652,Brentuximab_vedotin,False,2613
JP-2025102750-A,12.131652,Brentuximab_vedotin,False,2613
JP-2023078146-A,12.131652,Brentuximab_vedotin,False,2613
JP-2021526542-A,12.131652,Brentuximab_vedotin,False,2613
IN-202327002190-A,12.131652,Brentuximab_vedotin,False,2613
IN-201747005040-A,12.131652,Brentuximab_vedotin,False,2613
IL-298855-A,12.131652,Brentuximab_vedotin,False,2613
EP-4171549-A1,12.131652,Brentuximab_vedotin,False,2613
EP-3169671-A1,12.131652,Brentuximab_vedotin,False,2613
CA-2952083-A1,12.131652,Brentuximab_vedotin,False,2613
AU-2021297566-A1,12.131652,Brentuximab_vedotin,False,2613
AU-2020248612-B2,12.131652,Brentuximab_vedotin,False,2613
AU-2016355268-A1,12.131652,Brentuximab_vedotin,False,2613
AU-2015291522-A1,12.131652,Brentuximab_vedotin,False,2613
WO-2025217110-A1,12.129349,Brentuximab_vedotin,False,2613
US-20220111066-A1,12.129349,Brentuximab_vedotin,False,2613
IN-202117032030-A,12.129349,Brentuximab_vedotin,False,2613
EP-4223316-A2,12.129349,Brentuximab_vedotin,False,2613
AU-2019407234-A2,12.129349,Brentuximab_vedotin,False,2613
AU-2019407234-A1,12.129349,Brentuximab_vedotin,False,2613
WO-2021028919-A1,12.111168,Brentuximab_vedotin,False,2613
EP-4013408-A1,12.111168,Brentuximab_vedotin,False,2613
AU-2022255166-A9,12.111168,Brentuximab_vedotin,False,2613
AU-2022255166-A1,12.111168,Brentuximab_vedotin,False,2613
WO-2022232420-A1,12.09454,Brentuximab_vedotin,False,2613
US-20220249594-A1,12.09454,Brentuximab_vedotin,False,2613
EP-3886875-B1,12.09454,Brentuximab_vedotin,False,2613
CA-3142960-C,12.09454,Brentuximab_vedotin,False,2613
US-20230302140-A1,12.083338,Brentuximab_vedotin,False,2613
US-20230277680-A1,12.083338,Brentuximab_vedotin,False,2613
IN-202317002256-A,12.083338,Brentuximab_vedotin,False,2613
IL-299355-A,12.083338,Brentuximab_vedotin,False,2613
IL-299352-A,12.083338,Brentuximab_vedotin,False,2613
HK-40025957-B,12.083338,Brentuximab_vedotin,False,2613
HK-40025957-A,12.083338,Brentuximab_vedotin,False,2613
EP-3577236-B1,12.083338,Brentuximab_vedotin,False,2613
IL-277608-B2,12.080267,Brentuximab_vedotin,False,2613
CN-103304552-A,12.080267,Brentuximab_vedotin,False,2613
WO-2013120497-A1,12.009393,Brentuximab_vedotin,False,2613
US-20150057340-A1,12.009393,Brentuximab_vedotin,False,2613
IN-2014DN05670-A,12.009393,Brentuximab_vedotin,False,2613
HK-1203963-B,12.009393,Brentuximab_vedotin,False,2613
HK-1203963-A1,12.009393,Brentuximab_vedotin,False,2613
EP-2809657-B1,12.009393,Brentuximab_vedotin,False,2613
CA-2862476-C,12.009393,Brentuximab_vedotin,False,2613
CA-2862476-A1,12.009393,Brentuximab_vedotin,False,2613
WO-2014113792-A1,12.005501,Brentuximab_vedotin,False,2613
EP-2964245-A1,12.005501,Brentuximab_vedotin,False,2613
CO-2018009132-A2,12.005501,Brentuximab_vedotin,False,2613
US-20230181634-A1,11.996694,Brentuximab_vedotin,False,2613
AU-2016212161-A1,11.996694,Brentuximab_vedotin,False,2613
AU-2016212159-A1,11.996694,Brentuximab_vedotin,False,2613
KR-20210117275-A,11.97755,Brentuximab_vedotin,False,2613
WO-2018009466-A1,11.968322,Brentuximab_vedotin,False,2613
US-20190185511-A1,11.968322,Brentuximab_vedotin,False,2613
EP-3507367-A1,11.968322,Brentuximab_vedotin,False,2613
WO-2022011091-A1,11.957836,Brentuximab_vedotin,False,2613
US-20230357436-A1,11.957836,Brentuximab_vedotin,False,2613
US-20170196901-A1,11.9476,Brentuximab_vedotin,False,2613
US-20200355582-A1,11.938947,Brentuximab_vedotin,False,2613
US-20180208636-A1,11.938947,Brentuximab_vedotin,False,2613
TW-I674261-B,11.938947,Brentuximab_vedotin,False,2613
CN-104513258-A,11.938947,Brentuximab_vedotin,False,2613
US-20210209549-A1,11.936741,Brentuximab_vedotin,False,2613
KR-20190053203-A,11.936741,Brentuximab_vedotin,False,2613
TW-202131953-A,11.8980055,Brentuximab_vedotin,False,2613
TW-201934142-A,11.8980055,Brentuximab_vedotin,False,2613
KR-20200123871-A,11.8980055,Brentuximab_vedotin,False,2613
MY-194127-A,11.861416,Brentuximab_vedotin,False,2613
IL-260528-B2,11.861416,Brentuximab_vedotin,False,2613
EP-3901258-A1,11.861416,Brentuximab_vedotin,False,2613
AU-2017207281-B2,11.861416,Brentuximab_vedotin,False,2613
WO-2025212536-A1,11.849692,Brentuximab_vedotin,False,2613
WO-2024028411-A1,11.834007,Brentuximab_vedotin,False,2613
IL-269307-A,11.834007,Brentuximab_vedotin,False,2613
AU-2023317788-A1,11.834007,Brentuximab_vedotin,False,2613
AU-2019400630-B2,11.834007,Brentuximab_vedotin,False,2613
WO-2022216624-A1,11.825651,Brentuximab_vedotin,False,2613
WO-2019109074-A1,11.825651,Brentuximab_vedotin,False,2613
EP-4320224-A1,11.825651,Brentuximab_vedotin,False,2613
CA-3214473-A1,11.825651,Brentuximab_vedotin,False,2613
WO-2018115888-A1,11.821305,Brentuximab_vedotin,False,2613
US-20230303305-A1,11.821305,Brentuximab_vedotin,False,2613
HK-40040271-B,11.80519,Brentuximab_vedotin,False,2613
HK-40040271-A,11.80519,Brentuximab_vedotin,False,2613
EP-3728203-B1,11.80519,Brentuximab_vedotin,False,2613
WO-2021259944-A1,11.783759,Brentuximab_vedotin,False,2613
WO-2021259507-A1,11.783759,Brentuximab_vedotin,False,2613
EP-4171646-A1,11.783759,Brentuximab_vedotin,False,2613
EP-4117731-A1,11.783759,Brentuximab_vedotin,False,2613
AU-2021295673-A1,11.783759,Brentuximab_vedotin,False,2613
AU-2020454676-A1,11.783759,Brentuximab_vedotin,False,2613
WO-2023018722-A2,11.722373,Brentuximab_vedotin,False,2613
US-20240343798-A1,11.722373,Brentuximab_vedotin,False,2613
EP-4384551-A2,11.722373,Brentuximab_vedotin,False,2613
AU-2022325756-A1,11.722373,Brentuximab_vedotin,False,2613
WO-2013120629-A1,11.719078,Brentuximab_vedotin,False,2613
US-20200281932-A1,11.719078,Brentuximab_vedotin,False,2613
KR-102148681-B1,11.719078,Brentuximab_vedotin,False,2613
IN-354231-B,11.719078,Brentuximab_vedotin,False,2613
EP-2814963-A1,11.719078,Brentuximab_vedotin,False,2613
AU-2013220749-A1,11.719078,Brentuximab_vedotin,False,2613
WO-2023164455-A2,11.705848,Brentuximab_vedotin,False,2613
WO-2016120219-A1,11.705848,Brentuximab_vedotin,False,2613
WO-2016120217-A1,11.705848,Brentuximab_vedotin,False,2613
US-20160326593-A1,11.705848,Brentuximab_vedotin,False,2613
NZ-759042-B2,11.705848,Brentuximab_vedotin,False,2613
NZ-759042-A,11.705848,Brentuximab_vedotin,False,2613
EP-3250607-A1,11.705848,Brentuximab_vedotin,False,2613
EP-3250605-A1,11.705848,Brentuximab_vedotin,False,2613
CA-3244259-A1,11.705848,Brentuximab_vedotin,False,2613
CA-3105541-C,11.705848,Brentuximab_vedotin,False,2613
CA-2973529-A1,11.705848,Brentuximab_vedotin,False,2613
CA-2973524-A1,11.705848,Brentuximab_vedotin,False,2613
WO-2022047417-A1,11.677551,Brentuximab_vedotin,False,2613
TW-202515582-A,11.677551,Brentuximab_vedotin,False,2613
JP-2017522384-A,11.677551,Brentuximab_vedotin,False,2613
EP-4204004-A1,11.677551,Brentuximab_vedotin,False,2613
EP-4178580-A1,11.677551,Brentuximab_vedotin,False,2613
WO-2025250391-A1,11.675059,Brentuximab_vedotin,False,2613
TW-201643171-A,11.675059,Brentuximab_vedotin,False,2613
WO-2019231917-A1,11.658071,Brentuximab_vedotin,False,2613
EP-3803296-A1,11.658071,Brentuximab_vedotin,False,2613
AU-2018312564-B2,11.658071,Brentuximab_vedotin,False,2613
CN-109867672-B,11.647761,Brentuximab_vedotin,False,2613
CN-109867672-A,11.647761,Brentuximab_vedotin,False,2613
WO-2021063821-A1,11.629618,Brentuximab_vedotin,False,2613
US-20220411381-A1,11.629618,Brentuximab_vedotin,False,2613
KR-20200070317-A,11.629618,Brentuximab_vedotin,False,2613
EP-4038054-A1,11.629618,Brentuximab_vedotin,False,2613
CN-115397472-A,11.629618,Brentuximab_vedotin,False,2613
EP-2814963-B1,11.584053,Brentuximab_vedotin,False,2613
KR-102650991-B1,11.575388,Brentuximab_vedotin,False,2613
EP-3288558-B1,11.575388,Brentuximab_vedotin,False,2613
CA-3185648-A1,11.575388,Brentuximab_vedotin,False,2613
AR-104452-A1,11.575388,Brentuximab_vedotin,False,2613
WO-2016065306-A1,11.567217,Brentuximab_vedotin,False,2613
US-20200206145-A1,11.567217,Brentuximab_vedotin,False,2613
US-20170304213-A1,11.567217,Brentuximab_vedotin,False,2613
US-20190201541-A1,11.555816,Brentuximab_vedotin,False,2613
WO-2020126626-A1,11.555401,Brentuximab_vedotin,False,2613
WO-2018170188-A2,11.555401,Brentuximab_vedotin,False,2613
US-20220218837-A1,11.555401,Brentuximab_vedotin,False,2613
US-20200077644-A1,11.555401,Brentuximab_vedotin,False,2613
KR-20150083833-A,11.555401,Brentuximab_vedotin,False,2613
IL-292352-A,11.555401,Brentuximab_vedotin,False,2613
EP-4565239-A1,11.555401,Brentuximab_vedotin,False,2613
EP-3897735-A1,11.555401,Brentuximab_vedotin,False,2613
EP-3595440-A2,11.555401,Brentuximab_vedotin,False,2613
AU-2018234640-A1,11.555401,Brentuximab_vedotin,False,2613
NZ-784102-B2,11.548631,Brentuximab_vedotin,False,2613
NZ-784102-A,11.548631,Brentuximab_vedotin,False,2613
WO-2024058648-A1,11.52485,Brentuximab_vedotin,False,2613
WO-2019108773-A1,11.52485,Brentuximab_vedotin,False,2613
KR-20240038901-A,11.52485,Brentuximab_vedotin,False,2613
CA-3182793-A1,11.501468,Brentuximab_vedotin,False,2613
CA-3182783-A1,11.501468,Brentuximab_vedotin,False,2613
CA-3228575-A1,11.454827,Brentuximab_vedotin,False,2613
WO-2021262843-A1,11.447901,Brentuximab_vedotin,False,2613
WO-2024232948-A1,11.445129,Brentuximab_vedotin,False,2613
WO-2019040550-A1,11.445129,Brentuximab_vedotin,False,2613
WO-2013063275-A1,11.445129,Brentuximab_vedotin,False,2613
US-20220220126-A1,11.445129,Brentuximab_vedotin,False,2613
US-20200190109-A1,11.445129,Brentuximab_vedotin,False,2613
US-11213529-B2,11.445129,Brentuximab_vedotin,False,2613
KR-20150118102-A,11.445129,Brentuximab_vedotin,False,2613
IL-324321-A,11.445129,Brentuximab_vedotin,False,2613
ES-2948287-T3,11.445129,Brentuximab_vedotin,False,2613
EP-3672975-A1,11.445129,Brentuximab_vedotin,False,2613
EP-2771295-A1,11.445129,Brentuximab_vedotin,False,2613
CA-3073445-A1,11.445129,Brentuximab_vedotin,False,2613
AU-2023447316-A1,11.445129,Brentuximab_vedotin,False,2613
AU-2018321496-A1,11.445129,Brentuximab_vedotin,False,2613
WO-2015077717-A1,11.431448,Brentuximab_vedotin,False,2613
TW-202342062-A,11.431448,Brentuximab_vedotin,False,2613
CA-3141130-A1,11.431448,Brentuximab_vedotin,False,2613
US-20140205655-A1,11.41705,Brentuximab_vedotin,False,2613
WO-2019236858-A1,11.412614,Brentuximab_vedotin,False,2613
US-20170128417-A1,11.412614,Brentuximab_vedotin,False,2613
TW-201736375-A,11.412614,Brentuximab_vedotin,False,2613
IL-271500-B2,11.394603,Brentuximab_vedotin,False,2613
IL-271500-B1,11.394603,Brentuximab_vedotin,False,2613
ES-2978397-T3,11.394603,Brentuximab_vedotin,False,2613
AR-108097-A1,11.394603,Brentuximab_vedotin,False,2613
WO-2024032881-A1,11.375401,Brentuximab_vedotin,False,2613
WO-2015151079-A2,11.375401,Brentuximab_vedotin,False,2613
US-20230256111-A1,11.375401,Brentuximab_vedotin,False,2613
HK-40044966-A,11.375401,Brentuximab_vedotin,False,2613
EP-4568983-A1,11.375401,Brentuximab_vedotin,False,2613
EP-3842437-A1,11.375401,Brentuximab_vedotin,False,2613
CA-3189137-A1,11.373154,Brentuximab_vedotin,False,2613
AU-2013260132-B2,11.373154,Brentuximab_vedotin,False,2613
WO-2022033419-A2,11.326064,Brentuximab_vedotin,False,2613
WO-2017123556-A1,11.326064,Brentuximab_vedotin,False,2613
US-20230303695-A1,11.326064,Brentuximab_vedotin,False,2613
IL-300537-A,11.326064,Brentuximab_vedotin,False,2613
EP-4192866-A2,11.326064,Brentuximab_vedotin,False,2613
EP-3402494-A1,11.326064,Brentuximab_vedotin,False,2613
CA-3188996-A1,11.326064,Brentuximab_vedotin,False,2613
CA-3010754-A1,11.326064,Brentuximab_vedotin,False,2613
AU-2021325225-A1,11.326064,Brentuximab_vedotin,False,2613
US-10328157-B2,11.3195505,Brentuximab_vedotin,False,2613
TW-201720833-A,11.3195505,Brentuximab_vedotin,False,2613
KR-20200130451-A,11.3195505,Brentuximab_vedotin,False,2613
WO-2021110860-A1,11.292146,Brentuximab_vedotin,False,2613
US-20230046947-A1,11.292146,Brentuximab_vedotin,False,2613
SG-11202106606R-A,11.292146,Brentuximab_vedotin,False,2613
NZ-778372-B2,11.292146,Brentuximab_vedotin,False,2613
NZ-778372-A,11.292146,Brentuximab_vedotin,False,2613
IN-202217035824-A,11.292146,Brentuximab_vedotin,False,2613
EP-4069311-A1,11.292146,Brentuximab_vedotin,False,2613
CA-3124064-A1,11.292146,Brentuximab_vedotin,False,2613
CA-3056393-A1,11.292146,Brentuximab_vedotin,False,2613
AU-2020396219-A9,11.292146,Brentuximab_vedotin,False,2613
AU-2020396219-A1,11.292146,Brentuximab_vedotin,False,2613
WO-2022026586-A1,11.290532,Brentuximab_vedotin,False,2613
EP-4188996-A1,11.290532,Brentuximab_vedotin,False,2613
CN-119677539-A,11.290532,Brentuximab_vedotin,False,2613
EP-3662288-B1,11.27693,Brentuximab_vedotin,False,2613
NZ-768284-B2,11.269478,Brentuximab_vedotin,False,2613
NZ-768284-A,11.269478,Brentuximab_vedotin,False,2613
WO-2024258897-A1,11.201613,Brentuximab_vedotin,False,2613
WO-2022159624-A1,11.201613,Brentuximab_vedotin,False,2613
US-20240103011-A1,11.201613,Brentuximab_vedotin,False,2613
JP-2024541973-A,11.201613,Brentuximab_vedotin,False,2613
EP-4281770-A1,11.201613,Brentuximab_vedotin,False,2613
WO-2019048527-A1,11.186201,Brentuximab_vedotin,False,2613
US-20240425520-A1,11.186201,Brentuximab_vedotin,False,2613
US-20220402941-A1,11.186201,Brentuximab_vedotin,False,2613
US-20200197406-A1,11.186201,Brentuximab_vedotin,False,2613
US-11365206-B2,11.186201,Brentuximab_vedotin,False,2613
IN-202017010397-A,11.186201,Brentuximab_vedotin,False,2613
EP-3678644-A1,11.186201,Brentuximab_vedotin,False,2613
EP-3498266-A1,11.186201,Brentuximab_vedotin,False,2613
CA-3074890-A1,11.186201,Brentuximab_vedotin,False,2613
AU-2018328812-A1,11.186201,Brentuximab_vedotin,False,2613
AU-2018322059-A1,11.186201,Brentuximab_vedotin,False,2613
US-10975112-B2,11.172136,Brentuximab_vedotin,False,2613
CN-119072303-A,11.172136,Brentuximab_vedotin,False,2613
CN-103221072-A,11.172136,Brentuximab_vedotin,False,2613
WO-2024103017-A2,11.164245,Brentuximab_vedotin,False,2613
EP-4615876-A2,11.164245,Brentuximab_vedotin,False,2613
AU-2023375625-A1,11.164245,Brentuximab_vedotin,False,2613
WO-2016004218-A1,11.161795,Brentuximab_vedotin,False,2613
EP-3164121-A1,11.161795,Brentuximab_vedotin,False,2613
WO-2023077085-A2,11.14513,Brentuximab_vedotin,False,2613
WO-2019028191-A9,11.14513,Brentuximab_vedotin,False,2613
WO-2019028191-A1,11.14513,Brentuximab_vedotin,False,2613
US-11179376-B2,11.14513,Brentuximab_vedotin,False,2613
IN-201917053569-A,11.14513,Brentuximab_vedotin,False,2613
EP-4423257-A2,11.14513,Brentuximab_vedotin,False,2613
EP-3662288-A1,11.14513,Brentuximab_vedotin,False,2613
CN-104513259-A,11.14513,Brentuximab_vedotin,False,2613
CN-104513252-A,11.14513,Brentuximab_vedotin,False,2613
CA-3071636-A1,11.14513,Brentuximab_vedotin,False,2613
AU-2018312564-A1,11.14513,Brentuximab_vedotin,False,2613
WO-2022036024-A2,11.113745,Brentuximab_vedotin,False,2613
IL-271499-B2,11.113745,Brentuximab_vedotin,False,2613
IL-271499-B1,11.113745,Brentuximab_vedotin,False,2613
ES-2978396-T3,11.113745,Brentuximab_vedotin,False,2613
EP-4196133-A2,11.113745,Brentuximab_vedotin,False,2613
AU-2021324767-A1,11.113745,Brentuximab_vedotin,False,2613
WO-2021222147-A1,11.058737,Brentuximab_vedotin,False,2613
WO-2021226290-A1,11.043008,Brentuximab_vedotin,False,2613
WO-2020126620-A2,11.043008,Brentuximab_vedotin,False,2613
WO-2020126604-A1,11.043008,Brentuximab_vedotin,False,2613
US-20170151346-A1,11.043008,Brentuximab_vedotin,False,2613
US-10265291-B2,11.043008,Brentuximab_vedotin,False,2613
SG-11202106612Q-A,11.043008,Brentuximab_vedotin,False,2613
SG-11202106575Y-A,11.043008,Brentuximab_vedotin,False,2613
IL-293375-A,11.043008,Brentuximab_vedotin,False,2613
EP-3897738-A1,11.043008,Brentuximab_vedotin,False,2613
EP-3856254-A2,11.043008,Brentuximab_vedotin,False,2613
CA-3162958-A1,11.043008,Brentuximab_vedotin,False,2613
CA-3123978-A1,11.043008,Brentuximab_vedotin,False,2613
BR-112019019005-A2,11.043008,Brentuximab_vedotin,False,2613
AU-2019407234-B2,11.043008,Brentuximab_vedotin,False,2613
AU-2019400630-A2,11.043008,Brentuximab_vedotin,False,2613
AU-2019400630-A1,11.043008,Brentuximab_vedotin,False,2613
WO-2020223108-A1,10.9830885,Brentuximab_vedotin,False,2613
EP-3962950-A1,10.9830885,Brentuximab_vedotin,False,2613
TH-2001007208-A,10.943479,Brentuximab_vedotin,False,2613
WO-2023240212-A2,10.941091,Brentuximab_vedotin,False,2613
WO-2019040573-A1,10.941091,Brentuximab_vedotin,False,2613
US-20250090582-A1,10.941091,Brentuximab_vedotin,False,2613
EP-3672976-A1,10.941091,Brentuximab_vedotin,False,2613
CA-3073446-A1,10.941091,Brentuximab_vedotin,False,2613
BR-112020004545-A2,10.941091,Brentuximab_vedotin,False,2613
US-20180169067-A1,10.926702,Brentuximab_vedotin,False,2613
US-20170202806-A1,10.926702,Brentuximab_vedotin,False,2613
ID-2021PID02709-A,10.926702,Brentuximab_vedotin,False,2613
CA-2989269-C,10.926702,Brentuximab_vedotin,False,2613
AU-2023253796-A1,10.926702,Brentuximab_vedotin,False,2613
WO-2022098972-A1,10.905213,Brentuximab_vedotin,False,2613
WO-2017140632-A1,10.905213,Brentuximab_vedotin,False,2613
US-20230270877-A1,10.905213,Brentuximab_vedotin,False,2613
US-20190194283-A1,10.905213,Brentuximab_vedotin,False,2613
KR-20220121792-A,10.905213,Brentuximab_vedotin,False,2613
KR-20180120773-A,10.905213,Brentuximab_vedotin,False,2613
IN-201847000741-A,10.905213,Brentuximab_vedotin,False,2613
EP-4240415-A1,10.905213,Brentuximab_vedotin,False,2613
EP-3416985-A1,10.905213,Brentuximab_vedotin,False,2613
EP-3309163-A1,10.905213,Brentuximab_vedotin,False,2613
CA-2989519-A1,10.905213,Brentuximab_vedotin,False,2613
AU-2021376218-A1,10.905213,Brentuximab_vedotin,False,2613
AU-2016281225-A1,10.905213,Brentuximab_vedotin,False,2613
WO-2020197230-A1,10.846806,Brentuximab_vedotin,False,2613
US-20170143845-A1,10.846806,Brentuximab_vedotin,False,2613
BR-112020012374-A2,10.846806,Brentuximab_vedotin,False,2613
AU-2017207281-A1,10.845846,Brentuximab_vedotin,False,2613
WO-2018102612-A1,10.802681,Brentuximab_vedotin,False,2613
US-20190321403-A1,10.802681,Brentuximab_vedotin,False,2613
EP-3548622-A1,10.802681,Brentuximab_vedotin,False,2613
CA-3045323-A1,10.802681,Brentuximab_vedotin,False,2613
AU-2017367695-A1,10.802681,Brentuximab_vedotin,False,2613
WO-2018237192-A1,10.797725,Brentuximab_vedotin,False,2613
WO-2014204856-A1,10.797725,Brentuximab_vedotin,False,2613
EP-3642228-A1,10.797725,Brentuximab_vedotin,False,2613
CA-3068270-A1,10.797725,Brentuximab_vedotin,False,2613
AU-2018290272-A1,10.797725,Brentuximab_vedotin,False,2613
WO-2023055942-A1,10.698232,Brentuximab_vedotin,False,2613
EP-4408441-A1,10.698232,Brentuximab_vedotin,False,2613
CA-2886979-A1,10.698232,Brentuximab_vedotin,False,2613
AU-2013326463-A1,10.698232,Brentuximab_vedotin,False,2613
US-20200222376-A1,10.683925,Brentuximab_vedotin,False,2613
CN-104447701-A,10.683925,Brentuximab_vedotin,False,2613
WO-2020126600-A1,10.58277,Brentuximab_vedotin,False,2613
EP-3897743-A1,10.58277,Brentuximab_vedotin,False,2613
CA-3124406-A1,10.58277,Brentuximab_vedotin,False,2613
AU-2025202242-A1,10.58277,Brentuximab_vedotin,False,2613
EP-3753938-B1,10.518345,Brentuximab_vedotin,False,2613
EP-3662287-B1,10.518345,Brentuximab_vedotin,False,2613
WO-2025106626-A1,10.509366,Brentuximab_vedotin,False,2613
KR-20170032244-A,10.509366,Brentuximab_vedotin,False,2613
CN-104761507-A,10.509366,Brentuximab_vedotin,False,2613
WO-2019126739-A1,10.488122,Brentuximab_vedotin,False,2613
US-10259859-B2,10.488122,Brentuximab_vedotin,False,2613
WO-2018023093-A1,10.479936,Brentuximab_vedotin,False,2613
EP-3490585-A1,10.479936,Brentuximab_vedotin,False,2613
CA-3200974-A1,10.479936,Brentuximab_vedotin,False,2613
CA-3031955-A1,10.479936,Brentuximab_vedotin,False,2613
AU-2017301880-A1,10.479936,Brentuximab_vedotin,False,2613
AU-2016281225-B2,10.479936,Brentuximab_vedotin,False,2613
WO-2024183750-A1,10.473238,Brentuximab_vedotin,False,2613
WO-2024077223-A1,10.473238,Brentuximab_vedotin,False,2613
WO-2023198884-A1,10.473238,Brentuximab_vedotin,False,2613
WO-2018222935-A1,10.473238,Brentuximab_vedotin,False,2613
US-20250249113-A1,10.473238,Brentuximab_vedotin,False,2613
US-11129910-B2,10.473238,Brentuximab_vedotin,False,2613
MY-201327-A,10.473238,Brentuximab_vedotin,False,2613
EP-4507734-A1,10.473238,Brentuximab_vedotin,False,2613
EP-3630837-A1,10.473238,Brentuximab_vedotin,False,2613
CN-117500483-A,10.473238,Brentuximab_vedotin,False,2613
CA-3255303-A1,10.473238,Brentuximab_vedotin,False,2613
CA-3062328-A1,10.473238,Brentuximab_vedotin,False,2613
CA-2991384-C,10.473238,Brentuximab_vedotin,False,2613
AU-2018278321-A1,10.473238,Brentuximab_vedotin,False,2613
US-20240124464-A1,10.419706,Brentuximab_vedotin,False,2613
WO-2025146488-A1,10.415067,Brentuximab_vedotin,False,2613
US-20220323600-A1,10.415067,Brentuximab_vedotin,False,2613
CA-3138854-A1,10.415067,Brentuximab_vedotin,False,2613
AU-2020267131-A1,10.415067,Brentuximab_vedotin,False,2613
TW-202305114-A,10.40211,Brentuximab_vedotin,False,2613
CN-104211692-A,10.40211,Brentuximab_vedotin,False,2613
AU-2021202467-B2,10.40211,Brentuximab_vedotin,False,2613
AU-2020278465-A1,10.40211,Brentuximab_vedotin,False,2613
WO-2023230233-A1,10.371665,Brentuximab_vedotin,False,2613
WO-2019081983-A1,10.371665,Brentuximab_vedotin,False,2613
US-20210040205-A1,10.371665,Brentuximab_vedotin,False,2613
EP-4532024-A1,10.371665,Brentuximab_vedotin,False,2613
EP-3700933-A1,10.371665,Brentuximab_vedotin,False,2613
CN-111526893-A,10.371665,Brentuximab_vedotin,False,2613
CA-3257248-A1,10.371665,Brentuximab_vedotin,False,2613
TW-201922704-A,10.311261,Brentuximab_vedotin,False,2613
WO-2022078566-A1,10.279319,Brentuximab_vedotin,False,2613
WO-2020047326-A2,10.279319,Brentuximab_vedotin,False,2613
WO-2014053650-A1,10.279319,Brentuximab_vedotin,False,2613
US-20210347848-A1,10.279319,Brentuximab_vedotin,False,2613
EP-3843772-A2,10.279319,Brentuximab_vedotin,False,2613
EP-2903616-A1,10.279319,Brentuximab_vedotin,False,2613
WO-2024197401-A1,10.267006,Brentuximab_vedotin,False,2613
WO-2019125967-A1,10.267006,Brentuximab_vedotin,False,2613
WO-2017156032-A1,10.267006,Brentuximab_vedotin,False,2613
EP-3727379-A1,10.267006,Brentuximab_vedotin,False,2613
EP-3426691-A1,10.267006,Brentuximab_vedotin,False,2613
HK-40115331-A,10.260784,Brentuximab_vedotin,False,2613
HK-40025387-B,10.18026,Brentuximab_vedotin,False,2613
HK-40025387-A,10.18026,Brentuximab_vedotin,False,2613
EP-3652172-B1,10.18026,Brentuximab_vedotin,False,2613
US-12364767-B2,10.1671095,Brentuximab_vedotin,False,2613
SG-11202106672S-A,10.1671095,Brentuximab_vedotin,False,2613
CN-114423465-A,10.1671095,Brentuximab_vedotin,False,2613
IN-201717046121-A,10.162655,Brentuximab_vedotin,False,2613
WO-2014113794-A2,10.118124,Brentuximab_vedotin,False,2613
EP-2945631-A2,10.118124,Brentuximab_vedotin,False,2613
CA-2898329-A1,10.118124,Brentuximab_vedotin,False,2613
SG-10202101909R-A,10.0788355,Brentuximab_vedotin,False,2613
IL-302491-A,10.0788355,Brentuximab_vedotin,False,2613
CN-108570468-B,10.0788355,Brentuximab_vedotin,False,2613
CN-108570468-A,10.0788355,Brentuximab_vedotin,False,2613
CN-104114705-A,10.0788355,Brentuximab_vedotin,False,2613
CA-3069773-A1,10.0788355,Brentuximab_vedotin,False,2613
WO-2024229105-A1,10.063617,Brentuximab_vedotin,False,2613
WO-2019149743-A1,10.063617,Brentuximab_vedotin,False,2613
US-20170136127-A1,10.063617,Brentuximab_vedotin,False,2613
IN-202417085447-A,10.063617,Brentuximab_vedotin,False,2613
EP-3694546-A1,10.063617,Brentuximab_vedotin,False,2613
CO-2019013654-A2,10.063617,Brentuximab_vedotin,False,2613
AU-2019216269-A1,10.063617,Brentuximab_vedotin,False,2613
WO-2020041405-A1,10.031948,Brentuximab_vedotin,False,2613
US-20210332065-A1,10.031948,Brentuximab_vedotin,False,2613
JP-2022095925-A,10.031948,Brentuximab_vedotin,False,2613
CN-115843249-A,10.031948,Brentuximab_vedotin,False,2613
CN-107872977-A,10.031948,Brentuximab_vedotin,False,2613
WO-2023288283-A9,10.015037,Brentuximab_vedotin,False,2613
WO-2023288283-A2,10.015037,Brentuximab_vedotin,False,2613
WO-2020236253-A1,10.015037,Brentuximab_vedotin,False,2613
WO-2015151081-A2,10.015037,Brentuximab_vedotin,False,2613
US-20170304240-A1,10.015037,Brentuximab_vedotin,False,2613
EP-4370139-A2,10.015037,Brentuximab_vedotin,False,2613
EP-3972982-A1,10.015037,Brentuximab_vedotin,False,2613
EP-3319936-A2,10.015037,Brentuximab_vedotin,False,2613
CA-3138086-A1,10.015037,Brentuximab_vedotin,False,2613
WO-2019028187-A1,10.0059,Brentuximab_vedotin,False,2613
CN-106279128-A,10.0059,Brentuximab_vedotin,False,2613
CN-104513257-A,10.0059,Brentuximab_vedotin,False,2613
AU-2016303474-A1,9.994409,Brentuximab_vedotin,False,2613
US-20250242046-A1,9.984965,Brentuximab_vedotin,False,2613
KR-20250037573-A,9.927715,Brentuximab_vedotin,False,2613
KR-20200131266-A,9.927715,Brentuximab_vedotin,False,2613
KR-102775717-B1,9.927715,Brentuximab_vedotin,False,2613
WO-2025194015-A1,9.898901,Brentuximab_vedotin,False,2613
WO-2023086824-A1,9.898901,Brentuximab_vedotin,False,2613
US-20250147036-A1,9.898901,Brentuximab_vedotin,False,2613
EP-4430398-A1,9.898901,Brentuximab_vedotin,False,2613
AU-2022387613-A1,9.898901,Brentuximab_vedotin,False,2613
WO-2025207798-A1,9.888287,Brentuximab_vedotin,False,2613
WO-2024130344-A1,9.888287,Brentuximab_vedotin,False,2613
WO-2015069266-A1,9.888287,Brentuximab_vedotin,False,2613
EP-4638443-A1,9.888287,Brentuximab_vedotin,False,2613
EP-3065549-A1,9.888287,Brentuximab_vedotin,False,2613
CA-2929715-A1,9.888287,Brentuximab_vedotin,False,2613
AU-2021200113-A1,9.888287,Brentuximab_vedotin,False,2613
HK-40000102-B,9.881778,Brentuximab_vedotin,False,2613
HK-40000102-A,9.881778,Brentuximab_vedotin,False,2613
EP-3402494-B1,9.881778,Brentuximab_vedotin,False,2613
NZ-752394-A,9.879647,Brentuximab_vedotin,False,2613
TW-I883117-B,9.850434,Brentuximab_vedotin,False,2613
EP-3672976-B1,9.7994585,Brentuximab_vedotin,False,2613
WO-2020126609-A2,9.789851,Brentuximab_vedotin,False,2613
US-20150314017-A1,9.789851,Brentuximab_vedotin,False,2613
EP-3897742-A2,9.789851,Brentuximab_vedotin,False,2613
AU-2019411276-A1,9.789851,Brentuximab_vedotin,False,2613
WO-2022187586-A1,9.761277,Brentuximab_vedotin,False,2613
TW-202333783-A,9.761277,Brentuximab_vedotin,False,2613
EP-4301859-A1,9.761277,Brentuximab_vedotin,False,2613
CN-116726190-A,9.740613,Brentuximab_vedotin,False,2613
CN-107921144-B,9.740613,Brentuximab_vedotin,False,2613
CN-107921144-A,9.740613,Brentuximab_vedotin,False,2613
AU-2019326633-B2,9.740613,Brentuximab_vedotin,False,2613
AU-2019326633-A1,9.740613,Brentuximab_vedotin,False,2613
KR-20240145084-A,9.719595,Brentuximab_vedotin,False,2613
KR-20200022486-A,9.719595,Brentuximab_vedotin,False,2613
WO-2017027422-A1,9.707206,Brentuximab_vedotin,False,2613
US-20220160895-A1,9.707206,Brentuximab_vedotin,False,2613
US-20200121690-A1,9.707206,Brentuximab_vedotin,False,2613
US-20170107270-A1,9.707206,Brentuximab_vedotin,False,2613
IN-201817006062-A,9.707206,Brentuximab_vedotin,False,2613
EP-3331902-A1,9.707206,Brentuximab_vedotin,False,2613
CN-116425771-A,9.707206,Brentuximab_vedotin,False,2613
CN-111511748-A,9.707206,Brentuximab_vedotin,False,2613
CN-111448198-A,9.707206,Brentuximab_vedotin,False,2613
CA-2993835-A1,9.707206,Brentuximab_vedotin,False,2613
AU-2021218004-A1,9.707206,Brentuximab_vedotin,False,2613
WO-2015151080-A2,9.691774,Brentuximab_vedotin,False,2613
WO-2015151078-A4,9.691774,Brentuximab_vedotin,False,2613
US-20150284416-A1,9.691774,Brentuximab_vedotin,False,2613
KR-20150064097-A,9.691774,Brentuximab_vedotin,False,2613
EP-3317246-A2,9.691774,Brentuximab_vedotin,False,2613
CA-2989269-A1,9.691774,Brentuximab_vedotin,False,2613
AU-2021201765-B2,9.691774,Brentuximab_vedotin,False,2613
AU-2015242210-A1,9.691774,Brentuximab_vedotin,False,2613
AR-112355-A1,9.691774,Brentuximab_vedotin,False,2613
US-20210315904-A1,9.678331,Brentuximab_vedotin,False,2613
US-20150322155-A1,9.678331,Brentuximab_vedotin,False,2613
TW-201701879-A,9.678331,Brentuximab_vedotin,False,2613
WO-2015183545-A1,9.662058,Brentuximab_vedotin,False,2613
US-20240368169-A1,9.662058,Brentuximab_vedotin,False,2613
IL-311024-A,9.662058,Brentuximab_vedotin,False,2613
EP-3148522-A1,9.662058,Brentuximab_vedotin,False,2613
CA-3226163-A1,9.662058,Brentuximab_vedotin,False,2613
CA-2991973-A1,9.662058,Brentuximab_vedotin,False,2613
CA-2950269-A1,9.662058,Brentuximab_vedotin,False,2613
AU-2022334408-A1,9.662058,Brentuximab_vedotin,False,2613
AU-2015267501-A1,9.662058,Brentuximab_vedotin,False,2613
WO-2023081317-A2,9.63468,Brentuximab_vedotin,False,2613
US-20240424099-A1,9.63468,Brentuximab_vedotin,False,2613
EP-4426350-A2,9.63468,Brentuximab_vedotin,False,2613
EP-3662287-A1,9.63468,Brentuximab_vedotin,False,2613
CA-3071676-C,9.63468,Brentuximab_vedotin,False,2613
CA-3071676-A1,9.63468,Brentuximab_vedotin,False,2613
AU-2022380926-A1,9.63468,Brentuximab_vedotin,False,2613
AU-2018309027-A1,9.63468,Brentuximab_vedotin,False,2613
WO-2022192694-A1,9.578009,Brentuximab_vedotin,False,2613
KR-20200109298-A,9.578009,Brentuximab_vedotin,False,2613
EP-4305176-A1,9.578009,Brentuximab_vedotin,False,2613
CA-3211755-A1,9.578009,Brentuximab_vedotin,False,2613
WO-2025194014-A1,9.551908,Brentuximab_vedotin,False,2613
AU-2021361082-A1,9.551908,Brentuximab_vedotin,False,2613
TW-201803850-A,9.542747,Brentuximab_vedotin,False,2613
AU-2019200261-A1,9.542747,Brentuximab_vedotin,False,2613
AU-2013404949-A1,9.542747,Brentuximab_vedotin,False,2613
KR-20220041880-A,9.445906,Brentuximab_vedotin,False,2613
JP-2025015702-A,9.445906,Brentuximab_vedotin,False,2613
AU-2014207311-A1,9.434481,Brentuximab_vedotin,False,2613
TW-202233248-A,9.417277,Brentuximab_vedotin,False,2613
IL-299351-A,9.417277,Brentuximab_vedotin,False,2613
IL-299350-A,9.417277,Brentuximab_vedotin,False,2613
CA-3110436-C,9.417277,Brentuximab_vedotin,False,2613
CA-3110436-A1,9.417277,Brentuximab_vedotin,False,2613
WO-2022099299-A1,9.368261,Brentuximab_vedotin,False,2613
NZ-764814-B2,9.368261,Brentuximab_vedotin,False,2613
IL-302563-A,9.368261,Brentuximab_vedotin,False,2613
EP-4240411-A1,9.368261,Brentuximab_vedotin,False,2613
CA-3197512-A1,9.368261,Brentuximab_vedotin,False,2613
AU-2021373936-A9,9.368261,Brentuximab_vedotin,False,2613
AU-2021373936-A1,9.368261,Brentuximab_vedotin,False,2613
AU-2018299536-A1,9.368261,Brentuximab_vedotin,False,2613
WO-2020041406-A1,9.354539,Brentuximab_vedotin,False,2613
WO-2019006426-A2,9.352714,Brentuximab_vedotin,False,2613
WO-2015151078-A2,9.352714,Brentuximab_vedotin,False,2613
EP-3645530-A2,9.352714,Brentuximab_vedotin,False,2613
EP-3307749-A2,9.352714,Brentuximab_vedotin,False,2613
CA-2991384-A1,9.352714,Brentuximab_vedotin,False,2613
AU-2021201765-A1,9.352714,Brentuximab_vedotin,False,2613
WO-2023025307-A1,9.338857,Brentuximab_vedotin,False,2613
EP-4392425-A1,9.338857,Brentuximab_vedotin,False,2613
CN-118871784-A,9.338857,Brentuximab_vedotin,False,2613
BR-112024003717-A2,9.338857,Brentuximab_vedotin,False,2613
AU-2022206809-A1,9.338857,Brentuximab_vedotin,False,2613
CA-3237016-A1,9.296359,Brentuximab_vedotin,False,2613
WO-2025101938-A2,9.25785,Brentuximab_vedotin,False,2613
WO-2023075506-A1,9.25785,Brentuximab_vedotin,False,2613
KR-20230064559-A,9.25785,Brentuximab_vedotin,False,2613
KR-20200080274-A,9.25785,Brentuximab_vedotin,False,2613
CN-103747807-A,9.25785,Brentuximab_vedotin,False,2613
WO-2022079031-A1,9.2341175,Brentuximab_vedotin,False,2613
EP-4225378-A1,9.2341175,Brentuximab_vedotin,False,2613
CN-116249559-A,9.2341175,Brentuximab_vedotin,False,2613
CA-3198066-A1,9.2341175,Brentuximab_vedotin,False,2613
TW-I760331-B,9.226207,Brentuximab_vedotin,False,2613
WO-2015155753-A2,9.134092,Brentuximab_vedotin,False,2613
TW-201731872-A,9.134092,Brentuximab_vedotin,False,2613
CA-2991975-C,9.134092,Brentuximab_vedotin,False,2613
KR-20210117276-A,9.131048,Brentuximab_vedotin,False,2613
AU-2014319921-A1,9.130299,Brentuximab_vedotin,False,2613
WO-2021259928-A2,9.119869,Brentuximab_vedotin,False,2613
US-20230248844-A1,9.119869,Brentuximab_vedotin,False,2613
EP-4171647-A2,9.119869,Brentuximab_vedotin,False,2613
AU-2021295100-A1,9.119869,Brentuximab_vedotin,False,2613
AU-2020454675-A1,9.119869,Brentuximab_vedotin,False,2613
WO-2025113625-A1,9.084043,Brentuximab_vedotin,False,2613
WO-2019011264-A1,9.057873,Brentuximab_vedotin,False,2613
TW-202444896-A,9.057873,Brentuximab_vedotin,False,2613
EP-3652172-A1,9.057873,Brentuximab_vedotin,False,2613
AU-2016304794-A1,9.057873,Brentuximab_vedotin,False,2613
HK-40117228-A,9.0577965,Brentuximab_vedotin,False,2613
TW-201934552-A,9.05695,Brentuximab_vedotin,False,2613
WO-2016004213-A2,9.042284,Brentuximab_vedotin,False,2613
US-20200215206-A1,9.042284,Brentuximab_vedotin,False,2613
MY-195114-A,9.042284,Brentuximab_vedotin,False,2613
EP-3164157-A2,9.042284,Brentuximab_vedotin,False,2613
WO-2025207795-A1,9.041818,Brentuximab_vedotin,False,2613
CA-3230491-A1,9.041818,Brentuximab_vedotin,False,2613
AU-2015242213-A1,9.041818,Brentuximab_vedotin,False,2613
CN-119013279-A,9.034689,Brentuximab_vedotin,False,2613
US-12478683-B2,9.013124,Brentuximab_vedotin,False,2613
WO-2025076010-A1,8.986751,Brentuximab_vedotin,False,2613
WO-2016138034-A1,8.986751,Brentuximab_vedotin,False,2613
WO-2013169386-A1,8.986751,Brentuximab_vedotin,False,2613
US-20250064934-A1,8.986751,Brentuximab_vedotin,False,2613
IN-201717026403-A,8.986751,Brentuximab_vedotin,False,2613
EP-3262166-A1,8.986751,Brentuximab_vedotin,False,2613
EP-2846816-A1,8.986751,Brentuximab_vedotin,False,2613
CA-2973890-A1,8.986751,Brentuximab_vedotin,False,2613
CA-2872643-A1,8.986751,Brentuximab_vedotin,False,2613
BR-112017017884-A2,8.986751,Brentuximab_vedotin,False,2613
AU-2016222887-A1,8.986751,Brentuximab_vedotin,False,2613
AU-2013260132-A1,8.986751,Brentuximab_vedotin,False,2613
SG-10202112977Y-A,8.963647,Brentuximab_vedotin,False,2613
WO-2025177244-A1,8.941993,Brentuximab_vedotin,False,2613
WO-2016061135-A1,8.941993,Brentuximab_vedotin,False,2613
IL-302010-A,8.941993,Brentuximab_vedotin,False,2613
TW-201927782-A,8.935167,Brentuximab_vedotin,False,2613
TW-202144009-A,8.926537,Brentuximab_vedotin,False,2613
JP-2020502065-A,8.910912,Brentuximab_vedotin,False,2613
CA-2991975-A1,8.857037,Brentuximab_vedotin,False,2613
AU-2016315892-A1,8.850235,Brentuximab_vedotin,False,2613
WO-2021259506-A1,8.845392,Brentuximab_vedotin,False,2613
EP-4126060-A1,8.845392,Brentuximab_vedotin,False,2613
CN-110087672-A,8.845392,Brentuximab_vedotin,False,2613
CA-3183887-A1,8.845392,Brentuximab_vedotin,False,2613
JP-2025041928-A,8.841741,Brentuximab_vedotin,False,2613
HK-40104162-A,8.835275,Brentuximab_vedotin,False,2613
WO-2022219035-A1,8.782507,Brentuximab_vedotin,False,2613
US-20240247015-A1,8.782507,Brentuximab_vedotin,False,2613
EP-4322962-A1,8.782507,Brentuximab_vedotin,False,2613
CA-3216503-A1,8.782507,Brentuximab_vedotin,False,2613
AU-2022258751-A1,8.782507,Brentuximab_vedotin,False,2613
US-11998584-B2,8.772579,Brentuximab_vedotin,False,2613
TW-201919636-A,8.772579,Brentuximab_vedotin,False,2613
MY-185014-A,8.772579,Brentuximab_vedotin,False,2613
EP-3741859-A1,8.772579,Brentuximab_vedotin,False,2613
TW-202400601-A,8.7579565,Brentuximab_vedotin,False,2613
WO-2016059622-A4,8.757005,Brentuximab_vedotin,False,2613
IN-201817029224-A,8.757005,Brentuximab_vedotin,False,2613
CA-3068318-A1,8.757005,Brentuximab_vedotin,False,2613
CA-3013412-A1,8.757005,Brentuximab_vedotin,False,2613
TW-202002966-A,8.739697,Brentuximab_vedotin,False,2613
WO-2023129937-A1,8.702348,Brentuximab_vedotin,False,2613
US-20230248845-A1,8.702348,Brentuximab_vedotin,False,2613
KR-20150079929-A,8.702348,Brentuximab_vedotin,False,2613
IL-299360-A,8.702348,Brentuximab_vedotin,False,2613
EP-4456912-A1,8.702348,Brentuximab_vedotin,False,2613
CA-3243966-A1,8.702348,Brentuximab_vedotin,False,2613
AU-2022423987-A1,8.702348,Brentuximab_vedotin,False,2613
WO-2017162510-A1,8.6725445,Brentuximab_vedotin,False,2613
TW-202305113-A,8.6725445,Brentuximab_vedotin,False,2613
JP-2024510933-A,8.6725445,Brentuximab_vedotin,False,2613
CN-120092008-A,8.6725445,Brentuximab_vedotin,False,2613
KR-20190019047-A,8.666662,Brentuximab_vedotin,False,2613
AU-2021200562-B2,8.638848,Brentuximab_vedotin,False,2613
WO-2022099301-A1,8.600695,Brentuximab_vedotin,False,2613
CA-3142960-A1,8.600695,Brentuximab_vedotin,False,2613
WO-2014168986-A1,8.575137,Brentuximab_vedotin,False,2613
US-20160045502-A1,8.575137,Brentuximab_vedotin,False,2613
EP-2983674-A1,8.575137,Brentuximab_vedotin,False,2613
AU-2021257978-A1,8.575137,Brentuximab_vedotin,False,2613
AU-2019240599-A1,8.575137,Brentuximab_vedotin,False,2613
AU-2014251038-A1,8.575137,Brentuximab_vedotin,False,2613
WO-2019095017-A1,8.528611,Brentuximab_vedotin,False,2613
WO-2018134691-A2,8.528611,Brentuximab_vedotin,False,2613
US-20230190952-A1,8.528611,Brentuximab_vedotin,False,2613
US-20200370124-A1,8.528611,Brentuximab_vedotin,False,2613
KR-20200110656-A,8.528611,Brentuximab_vedotin,False,2613
KR-20170031669-A,8.528611,Brentuximab_vedotin,False,2613
EP-3710600-A1,8.528611,Brentuximab_vedotin,False,2613
EP-3571221-A2,8.528611,Brentuximab_vedotin,False,2613
CA-3050085-A1,8.528611,Brentuximab_vedotin,False,2613
AU-2022218531-A1,8.528611,Brentuximab_vedotin,False,2613
AU-2018367925-A1,8.528611,Brentuximab_vedotin,False,2613
AU-2018209400-A1,8.528611,Brentuximab_vedotin,False,2613
HK-40048031-A,8.509452,Brentuximab_vedotin,False,2613
EP-3848366-A1,8.509452,Brentuximab_vedotin,False,2613
WO-2018158632-A2,8.500511,Brentuximab_vedotin,False,2613
EP-3577236-A2,8.500511,Brentuximab_vedotin,False,2613
CA-3051544-A1,8.500511,Brentuximab_vedotin,False,2613
AU-2018228385-A1,8.500511,Brentuximab_vedotin,False,2613
US-20230293731-A1,8.4939375,Brentuximab_vedotin,False,2613
US-20200023076-A1,8.4939375,Brentuximab_vedotin,False,2613
TW-202323272-A,8.4939375,Brentuximab_vedotin,False,2613
TW-201902919-A,8.4939375,Brentuximab_vedotin,False,2613
CN-110831970-A,8.4939375,Brentuximab_vedotin,False,2613
AU-2016202632-B2,8.4939375,Brentuximab_vedotin,False,2613
WO-2021076821-A2,8.486792,Brentuximab_vedotin,False,2613
WO-2020168156-A1,8.486792,Brentuximab_vedotin,False,2613
IN-202217020719-A,8.486792,Brentuximab_vedotin,False,2613
EP-4045562-A2,8.486792,Brentuximab_vedotin,False,2613
EP-3924083-A1,8.486792,Brentuximab_vedotin,False,2613
AU-2020368453-A1,8.486792,Brentuximab_vedotin,False,2613
AU-2020221372-A1,8.486792,Brentuximab_vedotin,False,2613
CN-118660906-A,8.441431,Brentuximab_vedotin,False,2613
WO-2021261995-A1,8.440193,Brentuximab_vedotin,False,2613
EP-4171642-A1,8.440193,Brentuximab_vedotin,False,2613
AU-2021297636-A1,8.440193,Brentuximab_vedotin,False,2613
US-20220370628-A9,8.423233,Brentuximab_vedotin,False,2613
US-20210386861-A1,8.423233,Brentuximab_vedotin,False,2613
TW-201414475-A,8.423233,Brentuximab_vedotin,False,2613
IN-202317029496-A,8.423233,Brentuximab_vedotin,False,2613
CN-117043346-A,8.423233,Brentuximab_vedotin,False,2613
TW-202237827-A,8.418173,Brentuximab_vedotin,False,2613
KR-20200109316-A,8.418173,Brentuximab_vedotin,False,2613
WO-2017040990-A1,8.328261,Brentuximab_vedotin,False,2613
US-20230071112-A1,8.328261,Brentuximab_vedotin,False,2613
KR-20210119978-A,8.328261,Brentuximab_vedotin,False,2613
IN-201817012618-A,8.328261,Brentuximab_vedotin,False,2613
EP-3344275-A1,8.328261,Brentuximab_vedotin,False,2613
BR-112018003985-A2,8.328261,Brentuximab_vedotin,False,2613
WO-2019178267-A2,8.266007,Brentuximab_vedotin,False,2613
US-20230165931-A1,8.266007,Brentuximab_vedotin,False,2613
TW-202509210-A,8.266007,Brentuximab_vedotin,False,2613
IL-275274-B2,8.266007,Brentuximab_vedotin,False,2613
IL-275274-B1,8.266007,Brentuximab_vedotin,False,2613
CN-113423430-B,8.266007,Brentuximab_vedotin,False,2613
WO-2024230704-A1,8.250587,Brentuximab_vedotin,False,2613
WO-2016059622-A2,8.250587,Brentuximab_vedotin,False,2613
US-20210169896-A1,8.250587,Brentuximab_vedotin,False,2613
KR-102725603-B1,8.250587,Brentuximab_vedotin,False,2613
EP-3411074-A2,8.250587,Brentuximab_vedotin,False,2613
CN-121194797-A,8.250587,Brentuximab_vedotin,False,2613
AU-2021266317-A1,8.250587,Brentuximab_vedotin,False,2613
TW-202506738-A,8.197775,Brentuximab_vedotin,False,2613
CN-118613271-A,8.197775,Brentuximab_vedotin,False,2613
CA-3183883-A1,8.197775,Brentuximab_vedotin,False,2613
AU-2018309027-B2,8.197775,Brentuximab_vedotin,False,2613
AU-2020301115-A1,8.141509,Brentuximab_vedotin,False,2613
WO-2022216978-A1,8.060612,Brentuximab_vedotin,False,2613
US-20240285765-A1,8.060612,Brentuximab_vedotin,False,2613
TW-202408485-A,8.060612,Brentuximab_vedotin,False,2613
EP-4319817-A1,8.060612,Brentuximab_vedotin,False,2613
KR-20200139751-A,8.033945,Brentuximab_vedotin,False,2613
CA-3154334-A1,8.033945,Brentuximab_vedotin,False,2613
CA-3128233-A1,8.033945,Brentuximab_vedotin,False,2613
WO-2023169226-A1,7.992075,Brentuximab_vedotin,False,2613
US-20250215013-A1,7.992075,Brentuximab_vedotin,False,2613
SG-10202112024P-A,7.992075,Brentuximab_vedotin,False,2613
IL-315586-A,7.992075,Brentuximab_vedotin,False,2613
EP-4490161-A1,7.992075,Brentuximab_vedotin,False,2613
CA-3253468-A1,7.992075,Brentuximab_vedotin,False,2613
BR-112024018477-A2,7.992075,Brentuximab_vedotin,False,2613
AU-2023229992-A1,7.992075,Brentuximab_vedotin,False,2613
WO-2021207691-A1,7.976614,Brentuximab_vedotin,False,2613
IN-202217060387-A,7.976614,Brentuximab_vedotin,False,2613
EP-4132583-A1,7.976614,Brentuximab_vedotin,False,2613
CA-3179937-A1,7.976614,Brentuximab_vedotin,False,2613
CA-3129412-A1,7.976614,Brentuximab_vedotin,False,2613
AU-2021251873-A1,7.976614,Brentuximab_vedotin,False,2613
WO-2021168376-A1,7.8864746,Brentuximab_vedotin,False,2613
KR-20210119979-A,7.8864746,Brentuximab_vedotin,False,2613
JP-7240784-B2,7.8864746,Brentuximab_vedotin,False,2613
HK-40061487-A,7.8864746,Brentuximab_vedotin,False,2613
EP-4106774-A1,7.8864746,Brentuximab_vedotin,False,2613
EP-3888691-A1,7.8864746,Brentuximab_vedotin,False,2613
CA-2996685-A1,7.8864746,Brentuximab_vedotin,False,2613
WO-2024220449-A9,7.8299417,Brentuximab_vedotin,False,2613
WO-2024220449-A2,7.8299417,Brentuximab_vedotin,False,2613
US-20200276261-A1,7.8299417,Brentuximab_vedotin,False,2613
IL-323984-A,7.8299417,Brentuximab_vedotin,False,2613
IL-322637-A,7.8299417,Brentuximab_vedotin,False,2613
AU-2024257450-A1,7.8299417,Brentuximab_vedotin,False,2613
WO-2020006722-A1,7.814788,Brentuximab_vedotin,False,2613
US-20200208114-A1,7.814788,Brentuximab_vedotin,False,2613
KR-20200014777-A,7.814788,Brentuximab_vedotin,False,2613
IN-202117002418-A,7.814788,Brentuximab_vedotin,False,2613
EP-3818062-A1,7.814788,Brentuximab_vedotin,False,2613
CA-3105541-A1,7.814788,Brentuximab_vedotin,False,2613
AU-2018430758-A1,7.814788,Brentuximab_vedotin,False,2613
TW-202342734-A,7.763853,Brentuximab_vedotin,False,2613
KR-20200086312-A,7.763853,Brentuximab_vedotin,False,2613
WO-2020258893-A1,7.742057,Brentuximab_vedotin,False,2613
IN-202217001231-A,7.742057,Brentuximab_vedotin,False,2613
EP-3986476-A1,7.742057,Brentuximab_vedotin,False,2613
CN-117980307-A,7.6658716,Brentuximab_vedotin,False,2613
CN-108449940-A,7.6658716,Brentuximab_vedotin,False,2613
JP-2025518126-A,7.6402016,Brentuximab_vedotin,False,2613
AU-2019455069-C1,7.6068287,Brentuximab_vedotin,False,2613
WO-2015037000-A1,7.588065,Brentuximab_vedotin,False,2613
WO-2015037005-A1,7.54375,Brentuximab_vedotin,False,2613
EP-3043819-A1,7.54375,Brentuximab_vedotin,False,2613
CA-2922805-A1,7.54375,Brentuximab_vedotin,False,2613
US-20230241241-A1,7.4506216,Brentuximab_vedotin,False,2613
IL-317268-A,7.4506216,Brentuximab_vedotin,False,2613
CA-3110474-C,7.4506216,Brentuximab_vedotin,False,2613
CA-3110474-A1,7.4506216,Brentuximab_vedotin,False,2613
AU-2019331993-B2,7.4506216,Brentuximab_vedotin,False,2613
AU-2019331993-A1,7.4506216,Brentuximab_vedotin,False,2613
MY-196189-A,7.4357967,Brentuximab_vedotin,False,2613
CN-113698335-A,7.4357967,Brentuximab_vedotin,False,2613
CN-108811499-A,7.4357967,Brentuximab_vedotin,False,2613
AU-2023248079-A1,7.4357967,Brentuximab_vedotin,False,2613
AU-2023200925-A1,7.4357967,Brentuximab_vedotin,False,2613
WO-2020113194-A2,7.3913937,Brentuximab_vedotin,False,2613
US-20220088070-A1,7.3913937,Brentuximab_vedotin,False,2613
SG-11202105502R-A,7.3913937,Brentuximab_vedotin,False,2613
EP-3886875-A2,7.3913937,Brentuximab_vedotin,False,2613
CN-108289964-B,7.3913937,Brentuximab_vedotin,False,2613
CA-3120869-A1,7.3913937,Brentuximab_vedotin,False,2613
AU-2019387497-A1,7.3913937,Brentuximab_vedotin,False,2613
KR-20240107147-A,7.386717,Brentuximab_vedotin,False,2613
WO-2013063510-A1,7.272005,Brentuximab_vedotin,False,2613
EP-2771033-A1,7.272005,Brentuximab_vedotin,False,2613
CA-2951856-A1,7.272005,Brentuximab_vedotin,False,2613
AU-2017213510-A1,7.272005,Brentuximab_vedotin,False,2613
AU-2012328524-A1,7.272005,Brentuximab_vedotin,False,2613
MY-199381-A,7.1652813,Brentuximab_vedotin,False,2613
KR-20210117274-A,7.1652813,Brentuximab_vedotin,False,2613
KR-20210110323-A,7.1652813,Brentuximab_vedotin,False,2613
CA-3042442-A1,7.1652813,Brentuximab_vedotin,False,2613
WO-2020155017-A1,7.117646,Brentuximab_vedotin,False,2613
WO-2019127607-A1,7.117646,Brentuximab_vedotin,False,2613
VN-10045859-B,7.117646,Brentuximab_vedotin,False,2613
NZ-764814-A,7.117646,Brentuximab_vedotin,False,2613
IN-202117036096-A,7.117646,Brentuximab_vedotin,False,2613
IN-202017026941-A,7.117646,Brentuximab_vedotin,False,2613
EP-3917576-A1,7.117646,Brentuximab_vedotin,False,2613
AU-2019426942-A1,7.117646,Brentuximab_vedotin,False,2613
AU-2017445144-A1,7.117646,Brentuximab_vedotin,False,2613
AU-2016202632-A1,7.1031837,Brentuximab_vedotin,False,2613
WO-2020257998-A1,7.081093,Brentuximab_vedotin,False,2613
IN-202217000382-A,7.081093,Brentuximab_vedotin,False,2613
IL-289134-A,7.081093,Brentuximab_vedotin,False,2613
EP-3986463-A1,7.081093,Brentuximab_vedotin,False,2613
CN-115300640-A,7.081093,Brentuximab_vedotin,False,2613
CN-108289964-A,7.081093,Brentuximab_vedotin,False,2613
AU-2019455069-A1,7.081093,Brentuximab_vedotin,False,2613
US-20250339551-A1,7.0559034,Brentuximab_vedotin,False,2613
WO-2020033700-A9,7.0240517,Brentuximab_vedotin,False,2613
WO-2020033700-A1,7.0240517,Brentuximab_vedotin,False,2613
EP-3625368-A1,7.0240517,Brentuximab_vedotin,False,2613
CA-3108807-A1,7.0240517,Brentuximab_vedotin,False,2613
AU-2019316556-A1,7.0240517,Brentuximab_vedotin,False,2613
CN-111989123-A,6.9890766,Brentuximab_vedotin,False,2613
IN-201917019904-A,6.8671303,Brentuximab_vedotin,False,2613
WO-2021212638-A1,6.8230114,Brentuximab_vedotin,False,2613
TW-I888582-B,6.8230114,Brentuximab_vedotin,False,2613
IL-299001-A,6.8230114,Brentuximab_vedotin,False,2613
ID-P202305206-A,6.8230114,Brentuximab_vedotin,False,2613
EP-4168009-A1,6.8230114,Brentuximab_vedotin,False,2613
AU-2020444233-A1,6.8230114,Brentuximab_vedotin,False,2613
TW-I778068-B,6.8089304,Brentuximab_vedotin,False,2613
AU-2025267536-A1,6.8089304,Brentuximab_vedotin,False,2613
KR-20150023811-A,6.8045673,Brentuximab_vedotin,False,2613
WO-2025247082-A1,6.7633705,Brentuximab_vedotin,False,2613
IN-202317065025-A,6.7503643,Brentuximab_vedotin,False,2613
CN-104744446-A,6.7503643,Brentuximab_vedotin,False,2613
WO-2023220192-A1,6.716814,Brentuximab_vedotin,False,2613
EP-4522764-A1,6.716814,Brentuximab_vedotin,False,2613
KR-20230106615-A,6.676071,Brentuximab_vedotin,False,2613
US-20210308277-A1,6.6015186,Brentuximab_vedotin,False,2613
AU-2016429272-A1,6.6015186,Brentuximab_vedotin,False,2613
AU-2016315878-A1,6.6015186,Brentuximab_vedotin,False,2613
US-20230010108-A1,6.5604544,Brentuximab_vedotin,False,2613
NZ-775656-B2,6.5604544,Brentuximab_vedotin,False,2613
NZ-775656-A,6.5604544,Brentuximab_vedotin,False,2613
MY-195368-A,6.5604544,Brentuximab_vedotin,False,2613
US-20230115871-A1,6.556589,Brentuximab_vedotin,False,2613
WO-2018185526-A1,6.5467596,Brentuximab_vedotin,False,2613
NZ-757008-A,6.5467596,Brentuximab_vedotin,False,2613
MY-198737-A,6.5467596,Brentuximab_vedotin,False,2613
IN-201917038703-A,6.5467596,Brentuximab_vedotin,False,2613
IL-269713-B2,6.5467596,Brentuximab_vedotin,False,2613
EP-3606922-A1,6.5467596,Brentuximab_vedotin,False,2613
CA-3058712-A1,6.5467596,Brentuximab_vedotin,False,2613
TW-202304467-A,6.5049534,Brentuximab_vedotin,False,2613
WO-2024239281-A1,6.502838,Brentuximab_vedotin,False,2613
EP-4642484-A1,6.502838,Brentuximab_vedotin,False,2613
AU-2023448948-A1,6.502838,Brentuximab_vedotin,False,2613
WO-2024189607-A4,6.3633957,Brentuximab_vedotin,False,2613
WO-2024189607-A1,6.3633957,Brentuximab_vedotin,False,2613
TW-202144400-A,6.3633957,Brentuximab_vedotin,False,2613
CA-3042442-C,6.3633957,Brentuximab_vedotin,False,2613
CN-114040781-A,6.3329487,Brentuximab_vedotin,False,2613
SG-10202105348W-A,6.3250084,Brentuximab_vedotin,False,2613
ID-2020PID00844-A,6.311697,Brentuximab_vedotin,False,2613
AU-2024216291-A1,6.311697,Brentuximab_vedotin,False,2613
AU-2018430758-B2,6.311697,Brentuximab_vedotin,False,2613
WO-2025241452-A1,6.2693253,Brentuximab_vedotin,False,2613
WO-2023078021-A1,6.2693253,Brentuximab_vedotin,False,2613
EP-4426741-A1,6.2693253,Brentuximab_vedotin,False,2613
AU-2022383265-A1,6.2693253,Brentuximab_vedotin,False,2613
IN-202317079684-A,6.175293,Brentuximab_vedotin,False,2613
AU-2013220749-B2,6.1126804,Brentuximab_vedotin,False,2613
CN-112272669-A,6.0997467,Brentuximab_vedotin,False,2613
TW-202041237-A,6.0830803,Brentuximab_vedotin,False,2613
WO-2023078273-A1,6.05884,Brentuximab_vedotin,False,2613
EP-4426729-A1,6.05884,Brentuximab_vedotin,False,2613
AU-2022381163-A1,6.05884,Brentuximab_vedotin,False,2613
WO-2020073345-A1,6.03903,Brentuximab_vedotin,False,2613
EP-3867250-A1,6.03903,Brentuximab_vedotin,False,2613
IN-202517109391-A,6.02606,Brentuximab_vedotin,False,2613
AU-2021200562-A1,5.954155,Brentuximab_vedotin,False,2613
US-20230057350-A1,5.920225,Brentuximab_vedotin,False,2613
IN-202117020357-A,5.920225,Brentuximab_vedotin,False,2613
CN-119838022-A,5.920225,Brentuximab_vedotin,False,2613
CN-113423430-A,5.920225,Brentuximab_vedotin,False,2613
CN-111093707-A,5.920225,Brentuximab_vedotin,False,2613
AU-2018445278-A1,5.920225,Brentuximab_vedotin,False,2613
WO-2017186928-A1,5.9076557,Brentuximab_vedotin,False,2613
EP-3448427-A1,5.9076557,Brentuximab_vedotin,False,2613
WO-2021262764-A1,5.888962,Brentuximab_vedotin,False,2613
US-20230263957-A1,5.888962,Brentuximab_vedotin,False,2613
EP-4168068-A1,5.888962,Brentuximab_vedotin,False,2613
WO-2024240173-A1,5.8681355,Brentuximab_vedotin,False,2613
WO-2022078524-A4,5.8681355,Brentuximab_vedotin,False,2613
WO-2022078524-A2,5.8681355,Brentuximab_vedotin,False,2613
EP-4642492-A1,5.8681355,Brentuximab_vedotin,False,2613
EP-4426727-A2,5.8681355,Brentuximab_vedotin,False,2613
AU-2024276090-A1,5.8681355,Brentuximab_vedotin,False,2613
AU-2021362997-A1,5.8681355,Brentuximab_vedotin,False,2613
TW-I756686-B,5.776844,Brentuximab_vedotin,False,2613
CN-114040779-A,5.776844,Brentuximab_vedotin,False,2613
TW-I753252-B,5.7334538,Brentuximab_vedotin,False,2613
KR-102808969-B1,5.68099,Brentuximab_vedotin,False,2613
CN-116724051-A,5.68099,Brentuximab_vedotin,False,2613
IN-202517099949-A,5.615095,Brentuximab_vedotin,False,2613
CN-116143678-A,5.615095,Brentuximab_vedotin,False,2613
CN-110099682-A,5.615095,Brentuximab_vedotin,False,2613
CN-118557747-A,5.5847244,Brentuximab_vedotin,False,2613
CN-115443134-A,5.5847244,Brentuximab_vedotin,False,2613
CA-3085634-C,5.5847244,Brentuximab_vedotin,False,2613
AU-2022205269-A1,5.5847244,Brentuximab_vedotin,False,2613
AU-2018445278-B2,5.5847244,Brentuximab_vedotin,False,2613
AU-2017408164-B2,5.5728493,Brentuximab_vedotin,False,2613
KR-20170084369-A,5.567621,Brentuximab_vedotin,False,2613
KR-20140097247-A,5.567621,Brentuximab_vedotin,False,2613
TW-202108179-A,5.4791603,Brentuximab_vedotin,False,2613
SG-11202113022U-A,5.4791603,Brentuximab_vedotin,False,2613
AU-2020301115-B2,5.4791603,Brentuximab_vedotin,False,2613
KR-20180095719-A,5.390402,Brentuximab_vedotin,False,2613
IN-202517109393-A,5.390402,Brentuximab_vedotin,False,2613
AU-2023203116-A1,5.3295918,Brentuximab_vedotin,False,2613
TW-202539741-A,5.302122,Brentuximab_vedotin,False,2613
TW-202216206-A,5.302122,Brentuximab_vedotin,False,2613
US-20200069814-A1,5.290888,Brentuximab_vedotin,False,2613
TW-I909461-B,5.2561646,Brentuximab_vedotin,False,2613
CN-118434765-A,5.2561646,Brentuximab_vedotin,False,2613
CN-118215676-A,5.2561646,Brentuximab_vedotin,False,2613
AU-2019426942-B2,5.0608215,Brentuximab_vedotin,False,2613
CN-110621673-A,5.0501747,Brentuximab_vedotin,False,2613
CN-120835792-A,5.0174713,Brentuximab_vedotin,False,2613
AU-2019455069-B2,5.005398,Brentuximab_vedotin,False,2613
CA-3128264-A1,4.8523865,Brentuximab_vedotin,False,2613
CA-3085634-A1,4.8523865,Brentuximab_vedotin,False,2613
TW-202430562-A,4.8113823,Brentuximab_vedotin,False,2613
CN-117980327-A,4.8113823,Brentuximab_vedotin,False,2613
CA-3181660-A1,4.6705284,Brentuximab_vedotin,False,2613
AU-2022215217-A1,4.6705284,Brentuximab_vedotin,False,2613
IN-202447068603-A,4.652651,Brentuximab_vedotin,False,2613
TW-202515620-A,4.631645,Brentuximab_vedotin,False,2613
CN-111787923-A,4.608141,Brentuximab_vedotin,False,2613
ES-3002968-T3,4.5767403,Brentuximab_vedotin,False,2613
TW-202014408-A,4.4956455,Brentuximab_vedotin,False,2613
CN-104023748-A,4.4956455,Brentuximab_vedotin,False,2613
IL-291902-A,4.3620987,Brentuximab_vedotin,False,2613
IN-202417041718-A,4.3342915,Brentuximab_vedotin,False,2613
IL-277421-A,4.2993774,Brentuximab_vedotin,False,2613
SG-11202103424U-A,4.2417507,Brentuximab_vedotin,False,2613
IN-202217003983-A,4.2081337,Brentuximab_vedotin,False,2613
CA-3184061-A1,4.1409264,Brentuximab_vedotin,False,2613
CA-3115741-A1,4.024996,Brentuximab_vedotin,False,2613
TW-202334217-A,3.9941826,Brentuximab_vedotin,False,2613
IN-202418068739-A,3.9456387,Brentuximab_vedotin,False,2613
CA-3144784-A1,3.9456387,Brentuximab_vedotin,False,2613
IL-292570-A,3.8957863,Brentuximab_vedotin,False,2613
AU-2025217261-A1,3.860361,Brentuximab_vedotin,False,2613
AU-2016370813-A1,3.8110962,Brentuximab_vedotin,False,2613
IN-201747032980-A,3.4979477,Brentuximab_vedotin,False,2613
IN-202417050917-A,3.4371796,Brentuximab_vedotin,False,2613
CA-3236754-A1,3.4371796,Brentuximab_vedotin,False,2613
IN-202517053057-A,3.314661,Brentuximab_vedotin,False,2613
CA-3236930-A1,3.2610645,Brentuximab_vedotin,False,2613
WO-2025212973-A1,3.1259708,Brentuximab_vedotin,False,2613
IN-201827020266-A,3.0387726,Brentuximab_vedotin,False,2613
IN-201827020264-A,3.0387726,Brentuximab_vedotin,False,2613
IN-201827020263-A,3.0387726,Brentuximab_vedotin,False,2613
IN-202417041007-A,3.006567,Brentuximab_vedotin,False,2613
AU-2016348388-B2,2.874977,Brentuximab_vedotin,False,2613
EP-3621652-A1,7.117646,Brentuximab_vedotin,False,2613
