demand_id,publication_id,title,abstract,classifications_cpc,judgment
122428-2024,ES2935558A1,Dispositivo de monitorización de la respiración,"Dispositivo de monitorización de la respiración para monitorizar la respiración de un usuario, que comprende un elemento sensor de deformación configurado para producir una señal eléctrica ante las deformaciones producidas en el tejido (o material textil) de una mascarilla por la respiración del usuario. El dispositivo de monitorización está configurado para transmitir dicha señal eléctrica a un centro de monitorización remoto.",A61B5/08; A41D13/11; C08J5/005,
122428-2024,ES2326252A1,SISTEMA INALAMBRICO Y METODO DE LECTURA REMOTA DE CONTADORES,"Sistema inalámbrico y método de lectura remota de contadores. Sistema inalámbrico de lectura remota de contadores, que comprende: al menos un dispositivo de almacenamiento (100), conectado a un contador o integrado en un contador, que comprende medios (2) para almacenar datos relativos al consumo; al menos un dispositivo concentrador (200), y un dispositivo central (400). El dispositivo de almacenamiento (100) comprende medios (1, 5, 6) para enviar los datos relativos al consumo al dispositivo concentrador a través de una red de banda estrecha (500), que opera en una banda de frecuencia de uso libre. El dispositivo concentrador comprende medios para reenviar dichos datos al dispositivo central (400) a través de una red de banda ancha (600), que opera en una banda de frecuencia de uso libre.",G01D4/002; G01D4/004; Y02B90/20; Y04S20/30,
122428-2024,ES2641296A1,"PROCEDIMIENTO, SISTEMA DE CONTROL, NODO DE TRANSDUCTORES, Y PRODUCTO DE PROGRAMA INFORMÁTICO PARA HACER, QUE UNOS O MÁS TRANSDUCTORES COMRENDIDOS EN EL NODO SEAN ACCESIBLES A UNA RED DE TRANSDUCTORES A TRAVÉS DE NODOS DE TRANSDUCTORES INTELIGENTES","Procedimiento, sistema de control, nodo de transductores y producto de programa informático para hacer, por parte de un nodo de transductores y/o por parte de un sistema de control, que unos o más transductores comprendidos en el nodo sean accesibles a una red de transductores cuando el nodo está conectado a la red de transductores. La presente invención se refiere a procedimientos para hacer accesible uno o más transductores de forma automática a una red de transductores, a través de nodos de transductores inteligentes que comprenden al menos uno de los citados transductores; la invención también se refiere a la red de transductores que comprende un sistema de control y al menos un nodo de transductores, configurados para ejecutar los citados procedimientos; de acuerdo con la invención también se definen unos productos de programa informático para llevar a cabo dichos procedimientos.",H04W48/16; H04W84/18; H04L67/125,
122428-2024,ES2246100A1,"HABITACION MODULAR PREFABRICADA, PARTICULARMENTE UN CUARTO DE ASEO O DE BAÑO.","Habitación modular prefabricada, particularmente un cuarto de aseo o de baño. Habitación modular prefabricada para la construcción, particularmente un cuarto de baño o de aseo, adaptada para ser instalada en edificios en construcción, provista de los aparatos sanitarios y de las instalaciones necesarias para suministrar y distribuir el agua sanitaria a dichos aparatos sanitarios, así como para evacuar las aguas grises y los residuos que provienen de dichos aparatos sanitarios, provista además de conexiones exteriores a la red de suministro eléctrico de la instalación, constituida por elementos construidos separadamente y unidos entre sí de forma sólida y estanca, constituyendo las paredes, el techo y el piso; adaptada para ser transportada y asentada sobre un forjado de la obra sin sufrir deformaciones; provista de unos elementos de regulación de la altura del piso respecto del forjado sobre el que se asienta; y estando dotado el piso de la habitación modular de un colector único para la evacuación exterior de las aguas grises y los residuos de los aparatos sanitarios instalados en la habitación modular.",A47K4/00; E03C1/01; E04B1/34869,
122428-2024,ES2424917A2,Sistema de aplicación de productos fitosanitarios adaptable,"Sistema de aplicación de productos fitosanitarios adaptable, que comprende al menos un primer dispositivo (1) de acercamiento horizontal, al menos un segundo dispositivo (2) de sujeción de las boquillas (5) de pulverización con al menos dos tramos (2.1, 2.2) basculantes entre sí para adaptarse a la forma del elemento a pulverizar y, al menos un tercer dispositivo (3) de aplicación del producto. El al menos un tercer dispositivo (3) puede estar formado por un mecanismo de pulverización hidroneumático que comprende un sistema de propulsión de aire (7) sobre una estructura soporte (4) y, al menos una conducción principal (8) conectada por un primer extremo (8.1) al sistema de propulsión de aire (7) y por un segundo extremo (8.2) a un elemento distribuidor (9) y una serie de conducciones secundarias (10) conectadas cada una de ellas por un primer extremo (10.1) al elemento distribuidor (9) y por un segundo extremo (10.2) a una boquilla (5) de pulverización.",A01M7/00; A01B73/06; A01C23/04,
122428-2024,ES2600452A1,Método y sistema de mantenimiento predictivo de edificios y estructuras.,"Método y sistema de mantenimiento predictivo de edificios y estructuras, que prevé la instalación de una serie de sensores (S1, S2, S3, ..., Sn) colocados en lugares estratégicos del edificio o de la estructura a controlar, en la cual o bien cada uno de los sensores está conectado mediante cableado a un nodo (NS) que está dotado de una antena de transmisión inalámbrica con un nodo central de comunicación (NC); o bien cada sensor (S1, S2) dispone de medios propios de comunicación inalámbrica y directamente transmite los datos recogidos a dicho nodo central de comunicaciones (NC); presentando cada nodo central una antena de salida que comunica los datos recibidos a un servidor (Serv) existente en un centro de datos (CD), al cual se conectan varios terminales de usuario (T1, T2, T3, ..., Tn) para controlar y gestionar su edificio, que incluye una herramienta informática de predicción (HP), que en función de parámetros físicos y químicos que se miden en los sensores estima el comportamiento y deterioro de la estructura o edificio en el futuro, mediante algoritmos (Alg) que correlacionan los parámetros físico-químicos con los procesos patológicos que se pueden dar en función del tiempo.",A45C13/02; G06Q50/08; A45C13/103; A45C5/14; A45C7/0054; A45C2005/035,
122428-2024,ES2647619A2,Dispositivo de contención física.,"Dispositivo de contención física, aplicable en la limitación de movilidad de pacientes en cuadros de agitación, desorganización, o riesgo de caídas; que comprende un chaleco (1) abierto lateralmente, constituido por una pieza anterior (11) y una pieza posterior (12), unidas por la zona superior y que presentan lateralmente por debajo de las aberturas de los brazos unos cierres laterales para su unión en una posición de cierre del chaleco; unas cintas superiores (2) de sujeción, que presentan un primer extremo (21) fijado al chaleco y un segundo extremo (22) provisto de unos medios de cierre (7) para su sujeción a una cama o estructura fija; unas cintas de sujeción abdominal (3) provistas de unos medios de cierre (7) fijadas a los extremos laterales de la pieza posterior (12) del chaleco; unas cintas antivuelco (4) fijadas a los laterales del chaleco (1) y provistas de unos medios de cierre (7) para su fijación a una cama o estructura de soporte y; dos lazadas laterales (5) de fijación de la contención de manos del paciente al chaleco (1), dispuestas en la zona inferior del chaleco.",A41D1/04; A43C15/08; A43B1/0054; A43C15/063; A43C15/066; A43C15/068; A61F5/3769; A41D13/1245,
122428-2024,ES2928677A1,Sistema de conduccion ecoeficiente adaptado a la modelización tridimensional geoposicionada de la parametrización del trazado de cualquier infraestructura lineal particularizado al vehiculo,"Sistema de conducción, con modo asistido (170) y autónomo (180), adaptado a un modelo tridimensional geoposicionado de parametrización de los elementos del trazado (60) de cualquier infraestructura lineal, que transmite instrucciones al vehículo (110) en cada punto del recorrido escogido en tiempo real, particularizado a cada vehículo en función sus características (80), desde un dispositivo (40) instalado en el mismo desde el cual se gobiernan los distintos sistemas integrantes de la invención, en función de su geoposición real traspuesta al modelo (70), en condiciones de seguridad, confort y máxima eficiencia energética mediante la gestión del ahorro energético, calculando los momentos del recorrido en los cuales no es necesario el accionamiento del sistema de propulsión, aprovechando las energías que intervienen en el movimiento del vehículo y las fuerzas resultantes, para ahorrar energía y/o generarla en motores recargables, todo adaptado a los principios del trazado",G05D1/021; G08G1/167; G01S13/931; G05D1/0212; B60K31/00,
122428-2024,ES2394994A1,DISPOSITIVO DE CONDUCCIÓN ASISTIDA,"Dispositivo de conducción asistida para vehículos que constituye una interfaz hombre - máquina para facilitar la conducción de vehículos (3) propulsados por motores tales como sillas de ruedas, carros eléctricos, etc. y que básicamente comprende un sensor táctil (1) destinado a instalarse en el asa o manillar (2) del vehículo y medios para el procesado y acondicionamiento de la información que proporciona el sensor (1) de forma que las intenciones del usuario se transformen en instrucciones al sistema motor del vehículo.",G05G1/02; G05G1/52; B60L2200/34,
122428-2024,ES2552604A1,SISTEMA Y MÉTODO DE CONTROL DE SUPERVISIÓN VIA UNA RED TELEMÁTICA DE DATOS.,"Sistema y método de control y supervisión vía una red telemática de datos. El sistema es un sistema micro-controlado (1) y supervisa y controla una serie de dispositivos (8) tales como electrodomésticos, equipos de imagen y sonido, o maquinaria industrial. El sistema consta de sensores (3) para la recogida de datos (2) de los dispositivos (8) a controlar y actuadores (3') para enviar instrucciones (2') a dichos dispositivos (8). Los datos e instrucciones son gestionados y almacenados por una centralita (4). La centralita tiene un script (412), conectado a una base de datos (100) de datos (2) e instrucciones (2'), y está conectada a través de internet a un servidor web (300) y éste a un dispositivo exterior de administración (5), tipo tablet, smartphone u ordenador, del sistema (1) a través de una aplicación web (400).",H04L67/12,
122428-2024,ES2808969A1,SISTEMA DE PERFUSIÓN DE FÁRMACOS EN LAZO CERRADO CON CONTROL SINÉRGICO,"Sistema de perfusión de fármacos en lazo cerrado con control sinérgico. El objetivo de la invención es realizar un sistema de cálculo automático de perfusión de fármacos aplicable a un paciente para, por ejemplo, inducir un estado anestésico satisfactorio en una intervención quirúrgica. El sistema de cálculo automático estaría condicionado por unos valores objetivo de monitores fisiológicos para evaluar el estado del paciente. La perfusión automática consigue aumentar la seguridad del paciente reduciendo la morbididad y mortalidad postintervención y reducir la continua toma de decisiones del especialista. La invención es un sistema electrónico donde se implementa un controlador MIMO-PID que calcula las perfusiones de varios fármacos en base a un error de control definido por desviaciones del estado del paciente, analizado por varios monitores. Las perfusiones automáticas de fármacos están condicionadas por sistemas de seguridad frente a eventos de infra/sobre-infusión y están complementadas con sistemas de corrección y de prealimentación.",A61B5/00; G16H20/17; G16H40/60; A61B5/1106; A61B5/4821; A61B5/4839; A61M5/1408; A61M5/1723; A61M5/16827; A61M2205/50; A61M2005/14208,
122428-2024,ES2493340A1,"Dispositivo, sistema y procedimiento simulador para entrenamiento de profesionales sanitarios en el manejo de pacientes críticamente enfermos que precisen procedimientos de depuración extrarrenal venovenosa continua","Dispositivo, sistema y procedimiento simulador para entrenamiento de profesionales sanitarios en el manejo de pacientes críticamente enfermos que precisen procedimientos de depuración extrarrenal venovenosa continua. El dispositivo (100) comprende: - conectores de entrada/salida para su conexión a un monitor de depuración extrarrenal venovenosa (200) mediante tubos (202); - reguladores de la presión de las líneas del circuito de hemofiltración venovenosa continua mediante oclusión selectiva de la sección de los tubos (202), incluyendo: - regulador de presión de entrada (112), para modificar la presión de la línea arterial de salida del paciente simulado; - regulador de presión de retorno (114), para modificar la presión de retorno al sistema venoso del paciente simulado; - regulador de presión de filtro (116), para modificar la presión a la entrada del filtro de depuración extrarrenal venovenosa continua; - regulador de presión de efluente (118), para modificar la presión de efluente en la línea de ultrafiltrado.",A61M1/34; G09B9/00; A61M1/36,
122428-2024,ES2065820A2,SISTEMA MODULAR DE CONSTRUCCION DE PARAMENTOS Y SIMILARES.,"SISTEMA MODULAR DE CONSTRUCCION DE PARAMENTOS Y SIMILARES. EL SISTEMA ESTA BASADO EN LA UTILIZACION DE PANELES ARMADOS Y ALIGERADOS, MODULABLES EN VERTICAL, LOS CUALES SE POSTENSAN Y SE HORMIGONAN SUS JUNTAS PARA CONSEGUIR UN CONJUNTO MONOLITICO. CADA PANEL (1) INCLUYE INTERNAMENTE UN AISLANTE DE POLIESTILENO EXPANDIDO (2), AFECTATO TRANSVERSALMENTE DE PAREJAS DE ORIFICIOS (5) QUE RIGIDIZAN LAS CAPAS DE HORMIGON PERIMETRAL DEL PROPIO PANEL (1). EN CORRESPONDENCIA CON LA MODULACION SE HAN PREVISTO ORIFICIOS (4), MIENTRAS QUE PERIMETRALMENTE CUENTA CON UNA ACANALADURA (3) EN MEDIA CANA. LA DISPOSICION CONTIGUA DE PANELES IGUALES (1) PERMITE OBTENER PARAMENTOS DE CUALQUIER TIPO, APOYOS DIRECTOS DE FORJADOS, MUROS DE CONTENCION, ETC. Y SU UNION SE REALIZA MEDIANTE VARILLAS Y RELLENO DE MORTERO UBICADOS EN LOS ALOJAMIENTOS QUE CONFORMAN LOS ENFRENTAMIENTOS DE LAS ACANALADURAS (3) Y ORIFICIOS PREVISTOS AL EFECTO LONGITUDI NALMENTE EN LOS PROPIOS PANELES (1), EFECTUANDOSE EL POSTENSADO MEDIANTE VARILLAS PASANTES POR LOS ORIFICIOS (4), QUE SE APRIETAN MEDIANTE TUERCAS EXTREMAS ROSCADAS SOBRE LOS EXTREMOS.",,
122428-2024,ES2537651A1,Sistema modular estandarizado para la construcción de centros sanitarios u hospitalarios,"La invención prevé la distribución de los distintos espacios del hospital de acuerdo con una serie de módulos de idéntica anchura que se disponen paralelamente entre dos pasillos, un pasillo de circulación técnica (PT) y un pasillo de circulación pública (PP), de modo que entre dichos dos pasillos se establecen los comentados módulos (M1-M2-M3) para zonas técnicas, mixtas y públicas, definiéndose tres zonas perfectamente diferenciadas y cuyo flujo de usuarios se ve optimizado. Los módulos se dividen longitudinalmente en sub-módulos con unas dimensiones preestablecidas de manera que las estancias destinadas a implantarse en su seno son proporcionales a dichas medidas, permitiendo múltiples distribuciones ajustándose a dichas medidas. Para ampliar el hospital solo es preciso alargar los comentados pasillos y añadir los módulos que sean necesarios, siendo fácilmente redistribuibles los módulos ya existentes si es necesario debido a su naturaleza modular.",E04H3/08; E04H1/005,
122428-2024,ES2116215A1,"ELECTROSONDA PARA MEDIR EL CONTENIDO DE HUMEDAD DEL SUELO Y LA COMPACTACION DEL MISMO, METODO DE MEDIDA CORRESPONDIENTE Y UTILIZACION DE DICHA ELECTROSONDA.","ELECTROSONDA PARA MEDIR EL CONTENIDO DE HUMEDAD DEL SUELO Y LA COMPACTACION DEL MISMO, METODO DE MEDIDA CORRESPONDIENTE Y UTILIZACION DE DICHA ELECTROSONDA. SE PROPORCIONA UNA SONDA PARA MEDIR POR MEDIO DE UN GEORESISTIMETRO LA RESISTIVIDAD ELECTRICA DEL SUELO EN SENTIDO VERTICAL. LA SONDA PREVISTA EN FORMA DE PICA TIENE PAREJAS DE ELECTRODOS EMISORES (5A-5A) Y RECEPTORES (5B-5B) MONTADOS AL REDEDOR DE UN TUBO (2) PARA GENERAR UNA SEÑAL ELECTRICA DE EXCITACION Y RECIBIR UNA SEÑAL ELECTRICA DE RETORNO QUE ES FUNCION DEL GRADO DE HUMEDAD DEL SUELO Y DE LA COMPACTACION DEL MISMO. LA ELECTROSONDA, ADEMAS DE SERVIR PARA REALIZAR PLANIMETRIAS DE LOS GRADOS DE HUMEDAD DEL SUELO Y DE SU COMPACTACION POR LAS ACCIONES DE LABOREO SEL MISMO, PUEDE UTILIZARSE PARA GENERAR UNA SEÑAL DE CONTROL, PARA GOBIERNO AUTOMATICO DE UNA INSTALACION DE RIEGO.",,
122428-2024,ES2756998A1,DISPOSITIVO LUMINOSO DE EMERGENCIAS ESCAMOTEABLE,"Es un dispositivo de señalización de peligro destinado a la seguridad vial, con dos columnas luminosas cilíndricas abatibles que enmarcan un triángulo de señalización de peligro autodesplegable, todo ello alojado en un espacio específico habilitado al efecto que permite su ocultación plegado en la misma carrocería de un vehículo. Activándose de forma automática en caso de accidente o por decisión voluntaria del usuario. Tras su uso posibilita el rearme de manera sencilla para siguientes usos.",B60Q1/52,
122428-2024,ES2397768A1,Terminal multimedia con medida de parámetros vitales,"Terminal multimedia con medida de parámetros vitales, del tipo de los utilizados principalmente en hospitales, residencias o viviendas para posibilitar el acceso a redes de comunicación, de televisión y contenidos multimedia a personas yacentes en cama, que comprende, junto a los elementos para el uso multimedia, un módulo de medidas multicanal con presentación de los resultados de las medidas en la misma pantalla, estando dotado con la circuitería electrónica y medios de comunicación apropiados para la conexión con sondas para electrocardiogramas completos, pulsioxímetros, tensiómetros, sondas de temperatura, etc... La invención que se presenta aporta la principal ventaja de permitir la realización de medidas, almacenamiento y envío de parámetros vitales con el mismo dispositivo multimedia existente en cada habitación, e introducirlas automáticamente y simultáneamente a la historia clínica del paciente, de forma económica y cómoda, evitando el transporte de los equipos de medida entre las habitaciones de los pacientes.",A61B5/05; A61B5/742; A61B5/743; G16H40/63; G16Z99/00; A61B5/14551; A61B5/0205,
122428-2024,ES2411281A2,EQUIPO ELECTRONICO DE CONTROL Y SUPERVISION PARA UNIDADES CONDENSADORAS DE FRIO,"Equipo electrónico de control y supervisión para unidades condensadoras de frío, que comprende, dentro de una caja (2) protectora, una circuitería (1) electrónica gestionada por un micro-controlador (5) programable, contando con una primera entrada (E1) (digital) para señal de encendido (9); una segunda entrada (E2) (analógica) conectada a sonda de presión (12) intercalada en la tubería de alta; una tercera entrada (E3) a sonda de temperatura (10) ambiente; una cuarta entrada (E4) a una segunda sonda de temperatura (19) del gas de aspiración; una primera salida (S1) a relé (24) para control del compresor (16); una segunda salida (S2) a triac para control de los ventiladores (13); una tercera salida auxiliar (S3), para funciones opcionales; dos elementos de señalización local de alarmas, por LED tricolor (8) y zumbador (4); y un conector RJ45 (6) que combina puerto serie RS232 y conexión ICSP para configuración y envío de alarmas remotas.",G05B11/32; F25B49/005; Y02B30/70,
122428-2024,ES2037587A2,INSTALACION DE CAPTACION Y TRATAMIENTO DE LAS LECTURAS DE LOS CONTADORES DE REDES DE DISTRIBUCION DE FLUIDOS.,"INSTALACION DE CAPTACION Y TRATAMIENTO DE LAS LECTURAS DE LOS CONTADORES DE REDES DE DISTRIBUCION DE FLUIDOS. PARTIENDO DE UNA INSTALACION CON CONTADORES DE CONSUMO DE FLUIDO CON UN CAPTADOR, CONECTADOS PERMANENTEMENTE CON CONCENTRADORES PRIMARIOS A LOS QUE TRANSMITEN IMPULSOS DE LECTURA, SE HACE QUE DICHA INSTALACION COMPRENDA ADEMAS CONCENTRADORES SECUNDARIOS Y CONCENTRADORES TERCIARIOS, QUE CADA CONCENTRADOR PRIMARIO ESTE CONECTADO PERMANENTEMENTE CON UNO DE LOS CONCENTRADORES SECUNDARIOS Y TENGA MEDIOS PARA TRANSMITIRLE IMPULSOS DE LECTURA Y PARA RECIBIR IMPULSOS DE CONTROL PROCEDENTES DE DICHO CONCENTRADOR SECUNDARIO, Y QUE CADA CONCENTRADOR SECUNDARIO ESTE CONECTADO CON EL CONCENTRADOR TERCIARIO O CON UNO DE LOS CONCENTRADORES TERCIARIOS Y TENGA MEDIOS PARA TRANSMITIRLE IMPULSOS Y PARA RECIBIR IMPULSOS DE CONTROL PROCEDENTES DE DICHO CONCENTRADOR TERCIARIO. LA INVENCION SE APLICA A REDES DE FLUIDOS PARA CENTRALIZAR SU CONTROL.",,
122428-2024,ES2199673A1,SISTEMA PARA LA PURIFICACION DEL AIRE EN LA ATMOSFERA INTERIOR DE EDIFICIOS.,"Sistema para la purificación del aire en la atmósfera interior de edificios. El aire del interior de edificios, contaminado con diversos compuestos volátiles o gases permanentes se pone en contacto con uno de los lados de una membrana con características de separación apropiadas. La membrana puede ser polimérica o inorgánica, y en este último caso, microporosa o mesoporosa. Al otro lado de la membrana se introduce una corriente de aire (o de otro gas) con una baja o nula concentración de contaminantes, por ejemplo aire procedente del exterior del edificio. Alternativamente, la fuerza impulsora para el transporte de los contaminantes puede ser inducida mediante vacío. Los contaminantes son así transportados selectivamente al exterior del edificio purificándose la atmósfera interior.",,
146289-2024,ES2928677A1,Sistema de conduccion ecoeficiente adaptado a la modelización tridimensional geoposicionada de la parametrización del trazado de cualquier infraestructura lineal particularizado al vehiculo,"Sistema de conducción, con modo asistido (170) y autónomo (180), adaptado a un modelo tridimensional geoposicionado de parametrización de los elementos del trazado (60) de cualquier infraestructura lineal, que transmite instrucciones al vehículo (110) en cada punto del recorrido escogido en tiempo real, particularizado a cada vehículo en función sus características (80), desde un dispositivo (40) instalado en el mismo desde el cual se gobiernan los distintos sistemas integrantes de la invención, en función de su geoposición real traspuesta al modelo (70), en condiciones de seguridad, confort y máxima eficiencia energética mediante la gestión del ahorro energético, calculando los momentos del recorrido en los cuales no es necesario el accionamiento del sistema de propulsión, aprovechando las energías que intervienen en el movimiento del vehículo y las fuerzas resultantes, para ahorrar energía y/o generarla en motores recargables, todo adaptado a los principios del trazado",G05D1/021; G08G1/167; G01S13/931; G05D1/0212; B60K31/00,
146289-2024,ES2307355A1,GENERADOR DE AGUA POTABLE POR CONDENSACION DEL VAPOR DEL AIRE.,"Generador de agua por condensación del vapor del aire. Se trata de la obtención de agua potable por condensación del vapor de agua del aire mediante el apoyo de una instalación frigorífica. La particularidad de nuestro sistema es que no necesita agua de otras fuentes, pues ella misma la obtiene de la humedad del aire. El aire después de ser filtrado, es enfriado con el aire de retorno ya tratado. Posteriormente es enfriado por debajo del punto de rocío con lo que el vapor de agua empezará a condensar. Obteniendo agua potable semejante a la de lluvia, el aire deshidratado sigue la evolución y se empleará para enfriar el aire entrante y al líquido frigorígeno, con lo que aumentaremos sensiblemente el rendimiento del generador.",B01D5/00; E03B3/28; Y02A20/00; Y02A20/152,
146289-2024,ES2600452A1,Método y sistema de mantenimiento predictivo de edificios y estructuras.,"Método y sistema de mantenimiento predictivo de edificios y estructuras, que prevé la instalación de una serie de sensores (S1, S2, S3, ..., Sn) colocados en lugares estratégicos del edificio o de la estructura a controlar, en la cual o bien cada uno de los sensores está conectado mediante cableado a un nodo (NS) que está dotado de una antena de transmisión inalámbrica con un nodo central de comunicación (NC); o bien cada sensor (S1, S2) dispone de medios propios de comunicación inalámbrica y directamente transmite los datos recogidos a dicho nodo central de comunicaciones (NC); presentando cada nodo central una antena de salida que comunica los datos recibidos a un servidor (Serv) existente en un centro de datos (CD), al cual se conectan varios terminales de usuario (T1, T2, T3, ..., Tn) para controlar y gestionar su edificio, que incluye una herramienta informática de predicción (HP), que en función de parámetros físicos y químicos que se miden en los sensores estima el comportamiento y deterioro de la estructura o edificio en el futuro, mediante algoritmos (Alg) que correlacionan los parámetros físico-químicos con los procesos patológicos que se pueden dar en función del tiempo.",A45C13/02; G06Q50/08; A45C13/103; A45C5/14; A45C7/0054; A45C2005/035,
146289-2024,ES2303457A1,SISTEMA CONSTRUCTIVO.,"Sistema constructivo que tiene un módulo de vivienda, módulo de cubierta, módulo de terraza, módulo de fachada, edificación y útil de elevación para constituir una edificación a partir de los módulos. El módulo de vivienda (3) tiene una solera (31), un techo (34T) y pilares entre la solera (31) y el techo (34T). Los pilares tienen embebida una pieza polivalente (32) que sirve para apilar un módulo sobre otro. El módulo de cubierta corona la edificación, mientras que el módulo de terraza (359) y el módulo de fachada (310) pueden ser colocados en zonas periféricas de la edificación. El útil de elevación sirve para transportar y colocar el módulo de vivienda (3) en la ubicación deseada para completar una edificación.",B66C1/666; E04B1/343; E04B1/348; E04G21/142; E04B1/34823,
146289-2024,ES2394994A1,DISPOSITIVO DE CONDUCCIÓN ASISTIDA,"Dispositivo de conducción asistida para vehículos que constituye una interfaz hombre - máquina para facilitar la conducción de vehículos (3) propulsados por motores tales como sillas de ruedas, carros eléctricos, etc. y que básicamente comprende un sensor táctil (1) destinado a instalarse en el asa o manillar (2) del vehículo y medios para el procesado y acondicionamiento de la información que proporciona el sensor (1) de forma que las intenciones del usuario se transformen en instrucciones al sistema motor del vehículo.",G05G1/02; G05G1/52; B60L2200/34,
146289-2024,ES2537651A1,Sistema modular estandarizado para la construcción de centros sanitarios u hospitalarios,"La invención prevé la distribución de los distintos espacios del hospital de acuerdo con una serie de módulos de idéntica anchura que se disponen paralelamente entre dos pasillos, un pasillo de circulación técnica (PT) y un pasillo de circulación pública (PP), de modo que entre dichos dos pasillos se establecen los comentados módulos (M1-M2-M3) para zonas técnicas, mixtas y públicas, definiéndose tres zonas perfectamente diferenciadas y cuyo flujo de usuarios se ve optimizado. Los módulos se dividen longitudinalmente en sub-módulos con unas dimensiones preestablecidas de manera que las estancias destinadas a implantarse en su seno son proporcionales a dichas medidas, permitiendo múltiples distribuciones ajustándose a dichas medidas. Para ampliar el hospital solo es preciso alargar los comentados pasillos y añadir los módulos que sean necesarios, siendo fácilmente redistribuibles los módulos ya existentes si es necesario debido a su naturaleza modular.",E04H3/08; E04H1/005,
146289-2024,ES2641296A1,"PROCEDIMIENTO, SISTEMA DE CONTROL, NODO DE TRANSDUCTORES, Y PRODUCTO DE PROGRAMA INFORMÁTICO PARA HACER, QUE UNOS O MÁS TRANSDUCTORES COMRENDIDOS EN EL NODO SEAN ACCESIBLES A UNA RED DE TRANSDUCTORES A TRAVÉS DE NODOS DE TRANSDUCTORES INTELIGENTES","Procedimiento, sistema de control, nodo de transductores y producto de programa informático para hacer, por parte de un nodo de transductores y/o por parte de un sistema de control, que unos o más transductores comprendidos en el nodo sean accesibles a una red de transductores cuando el nodo está conectado a la red de transductores. La presente invención se refiere a procedimientos para hacer accesible uno o más transductores de forma automática a una red de transductores, a través de nodos de transductores inteligentes que comprenden al menos uno de los citados transductores; la invención también se refiere a la red de transductores que comprende un sistema de control y al menos un nodo de transductores, configurados para ejecutar los citados procedimientos; de acuerdo con la invención también se definen unos productos de programa informático para llevar a cabo dichos procedimientos.",H04W48/16; H04W84/18; H04L67/125,
146289-2024,ES2923946A1,CARTÓN-TIERRA,"Cartón-tierra. Plancha de 1,5 cm de espesor compuesta por tres capas que se coloca directamente sobre la superficie a cultivar. Dirigido a usuarios con capacidades reducidas para solucionar problemas muy habituales de la horticultura, ahorrándoles trabajos y recursos, y aumentando seguridad y satisfacción. Innovaciones: 1. El cartón de la capa superior y el papel de la inferior, reciclados y compostables, van impregnados en purín de ortigas. 2. La capa superior lleva indicados mediante impresión los marcos de plantación, puntos de aireación, y de riego. 3. Composición de la capa intermedia. {IMAGEN} El usuario logra con menos esfuerzo un suelo fértil y equilibrado, protegido de hierbas adventicias e insolación gracias a este material seco, ligero, seguro, fácil de transportar y manejar, recortable y adaptable a cualquier forma del terreno, mesa de cultivo o maceta.",A01C1/04,
146289-2024,ES2319487A1,SISTEMA DE CONSTRUCCION MODULAR,"Sistema de construcción modular. El sistema comprende unos bloques modulares (1a,...1n) constituidos por elementos constructivos de hormigón y material aislante, presentando las paredes (11) laterales formas adecuadas para su adosado lateral configurando un edificio o construcción mayor. Dichos bloques modulares (1a,...1n) presentan unos elementos de anclaje (18a, 18b) mutuo en las caras exteriores del techo (12) y suelo (13) para su acoplamiento mutuo apilado. En paredes (11), techo (12) y suelo (13), se encuentran unas aberturas para la formación de puertas (21), ventanas (22), escaleras y pasos (23a, 23b) entre módulos y al exterior. Las paredes (11), techo (12) y suelo (13), están constituidos por dos capas (14) de hormigón armado entre las que se encuentra una capa (15) de material aislante, estando los mallazos (16) de ambas capas (14) de hormigón armado unidas mediante elementos metálicos (17) o análogos.",E04B1/34823,
146289-2024,ES2532132A1,Sistema vestible para interacción con entornos remotos mediante información gestual y sensaciones táctiles y procedimiento de uso,"Sistema vestible para interacción con entornos remotos mediante información gestual y sensaciones táctiles y procedimiento de uso. La presente invención consiste en un sistema vestible (1) que interactúa con un sistema remoto (2) intercambiando información gestual y sensaciones táctiles. El sistema vestible (1) envía información gestual que aporta un usuario humano (3) a través de un traje háptico de captura de movimiento (4) y guantes hápticos de datos (5). El sistema remoto (2) es estimulado por la información gestual recibida y envía al sistema vestible (1) sensaciones táctiles relacionadas a la reacción ante dichos estímulos. El sistema vestible (1) puede utilizarse para tareas de operación remota de máquinas (9) como manipuladores, vehículos autónomos o simuladores de realidad virtual (10). También puede aplicarse en el análisis de procedimientos de rehabilitación. Adicionalmente, dos o más sistemas vestibles (1) pueden utilizarse para complementar la interacción social a distancia entre dos o más usuarios humanos (3).",A61B5/103,
146289-2024,ES2914350A1,DISPOSITIVO Y PROCESO PARA PRODUCIR CARBONATO DE DIMETILO,"La presente solicitud se refiere a un aparato y proceso para producir carbonato de dimetilo, en particular un sistema (aparato o proceso) para la síntesis de DMC sin la necesidad de usar un agente deshidratante. Más particularmente, la mezcla de alimentación para el proceso puede seleccionarse de las siguientes opciones: a) monóxido de carbono, metanol y gas no convertido del proceso, b) gas de síntesis sin CO 2 y gas no convertido del proceso, c) gas de síntesis con CO 2 y gas de síntesis agregado proveniente de gas no convertido purificado del proceso. El proceso usa un agrupamiento de catalizadores que comprende una combinación específica de diferentes grupos de catalizadores heterogéneos en donde cada grupo tiene una función diferente. Además, la invención se refiere a un aparato que comprende una combinación específica de catalizadores heterogéneos para aplicar diferentes vías para producir carbonato de dimetilo según cada opción de mezcla de alimentación de manera continua.",C07C68/04; C07C29/1518,
146289-2024,ES2438447A1,Sistema de recuperación del agua de riego,"Los sistemas de riego para cultivos de plantas que exigen un elevado volumen de agua especialmente campos de golf, presentan una fuerte oposición por parte de los municipios en los que se pretende instalar, cuando en los mismos el agua no es abundante, para ello la invención comprende un sistema de recuperación del agua de riego que se decanta después de pasar por unas capas de tierra, filtrado y drenaje a una zanja situada a un nivel inferior a la capa de drenaje, la capa de tierra recibe agua, abono y nutrientes y a la vez que se oxigena todo ello mediante los conductos adecuados, provistos de los orificios adecuados gobernando el sistema una central eléctrica.",A01F25/16; A01G25/02; A01G25/06; E01C13/083,
146289-2024,ES2065820A2,SISTEMA MODULAR DE CONSTRUCCION DE PARAMENTOS Y SIMILARES.,"SISTEMA MODULAR DE CONSTRUCCION DE PARAMENTOS Y SIMILARES. EL SISTEMA ESTA BASADO EN LA UTILIZACION DE PANELES ARMADOS Y ALIGERADOS, MODULABLES EN VERTICAL, LOS CUALES SE POSTENSAN Y SE HORMIGONAN SUS JUNTAS PARA CONSEGUIR UN CONJUNTO MONOLITICO. CADA PANEL (1) INCLUYE INTERNAMENTE UN AISLANTE DE POLIESTILENO EXPANDIDO (2), AFECTATO TRANSVERSALMENTE DE PAREJAS DE ORIFICIOS (5) QUE RIGIDIZAN LAS CAPAS DE HORMIGON PERIMETRAL DEL PROPIO PANEL (1). EN CORRESPONDENCIA CON LA MODULACION SE HAN PREVISTO ORIFICIOS (4), MIENTRAS QUE PERIMETRALMENTE CUENTA CON UNA ACANALADURA (3) EN MEDIA CANA. LA DISPOSICION CONTIGUA DE PANELES IGUALES (1) PERMITE OBTENER PARAMENTOS DE CUALQUIER TIPO, APOYOS DIRECTOS DE FORJADOS, MUROS DE CONTENCION, ETC. Y SU UNION SE REALIZA MEDIANTE VARILLAS Y RELLENO DE MORTERO UBICADOS EN LOS ALOJAMIENTOS QUE CONFORMAN LOS ENFRENTAMIENTOS DE LAS ACANALADURAS (3) Y ORIFICIOS PREVISTOS AL EFECTO LONGITUDI NALMENTE EN LOS PROPIOS PANELES (1), EFECTUANDOSE EL POSTENSADO MEDIANTE VARILLAS PASANTES POR LOS ORIFICIOS (4), QUE SE APRIETAN MEDIANTE TUERCAS EXTREMAS ROSCADAS SOBRE LOS EXTREMOS.",,
146289-2024,ES2452726A1,"Sistema de edificación modular, prefabricada y desmontable","La presente invención se refiere a un sistema de edificación modular, prefabricada y desmontable, mediante el cual se realizan construcciones con formas curvas basadas en media esfera (forma de cúpula) y medio cilindro circular recto (forma de bóveda de cañón). No requiere mano de obra especializada ni medios mecánicos para su montaje, siendo un ejemplo de autoconstrucción. Se pueden conseguir multitud de configuraciones y por tanto de edificaciones y usos, por ejemplo: vivienda, refugio, cabaña, cobertizo, almacén, casa de campo o playa, oficina, guardería, centro de reuniones, suite de hotel o camping, etc.",E04B1/32,
146289-2024,ES2134683A1,"SISTEMAS, FIJACIONES, PANELES Y ESTRUCTURA PERFECCIONADAS, PARA VIVIENDAS PREFABRICADAS, TIPO ""IGLOO"".","Sistemas, fijaciones, paneles y estructura perfeccionadas, para viviendas prefabricadas, tipo ""Igloo''. Se trata de una construcción modular e industrializadas de viviendas prefabricadas, tipo Igloo. Mediante la utilización de los sistemas y paneles descritos en el título de la invención. La esencia es hacer factible la construcción de la vivienda, en cualquier lugar, por cualquier persona, -manumontándola- (es decir: sin necesidad de medios mecánicos como grúas, etc.) de una vivienda prefabricada compuesta por paneles perfeccionados, que incorporan: cerramiento, estructura y aislamiento en cada Unidad de panel, y que éstos pueden estar formados por triángulos u otros polígonos, inscritos en semiesferas, parábolas o cualquier cuerpo de revolución similar. Además de las figuras mostradas en los dibujos, existen un gran número de alternativas o variantes, que salvo por la participación de diferentes polígonos elementales en la formación de la semiesfera, es resto de características y filosofíade construcción, son las mismas.",,
146289-2024,ES2698701A1,SECADOR INTEGRAL DE CUERPO,"La presente invención describe un secador integral de cuerpo que incorpora un difusor (1) y una funda protectora (6) fija en un extremo superior de una columna (3) soporte, donde el difusor (1) aloja en su interior una turbina (6), una resistencia eléctrica (5) y un conducto con una tobera (2) para la salida del aire, y la columna (3) comprende un carril (4) para el deslizamiento del difusor (1), pudiendo el difusor (1) desplazarse a lo largo de la columna (3) de una forma a seleccionar entre eléctrica y manual para insuflar aire a lo largo de la longitud de la columna (3) y así proceder al secado de un usuario.",F26B3/04; A45D20/14; A47K10/48,
146289-2024,ES2372073A1,SISTEMA DE CONSTRUCCIÓN MODULAR FLEXIBLE.,"Sistema de construcción modular flexible, en el cual se utilizan módulos (4), cada uno de los cuales comprende tres zonas funcionales paralelas, una de las cuales es una zona de pasillo (1), otra una zona de servicios (2) y la tercera una zona de espacio privado (3), formándose con dichos módulos (4) viviendas (5) consecutivas, de forma que la zona de servicios (2) determina un espacio hueco, en el cual se disponen repetidamente, en correspondencia con cada módulo (4), elementos de las instalaciones de servicios, los cuales se establecen en conexión con respectivas acometidas generales de suministro de los servicios a la construcción.",E04H1/04; E04B1/348; E04H1/005; E04B1/34815,
146289-2024,ES2374467A1,PROCESO CONSTRUCTIVO DE VIVIENDAS O EDIFICACIONES MODULARES CON PANELES PREFABRICADOS.,"La invención hace referencia a un proceso constructivo de viviendas o edificaciones modulares con paneles prefabricados de hormigón reforzados con fibra de vidrio aplicables para cerramiento externo o paredes de fachada y paredes de chapa tipo sándwich para cerramiento interno o paredes interiores. Estos combinan con estructuras metálicas para formar los cerramientos. Presenta la particularidad de contar con un sistema de anclaje de los paneles entre sí, a la losa de cimentación y a la cubierta. Todo el montaje del sistema se puede realizar en taller, planta de producción o instalación industrial ya que se realiza en seco con un montaje entre uniones mediante tornillería. La vivienda se puede montar dividida en diferentes partes y posteriormente elevarla y trasportarla.",E04B1/34321,
146289-2024,ES2037587A2,INSTALACION DE CAPTACION Y TRATAMIENTO DE LAS LECTURAS DE LOS CONTADORES DE REDES DE DISTRIBUCION DE FLUIDOS.,"INSTALACION DE CAPTACION Y TRATAMIENTO DE LAS LECTURAS DE LOS CONTADORES DE REDES DE DISTRIBUCION DE FLUIDOS. PARTIENDO DE UNA INSTALACION CON CONTADORES DE CONSUMO DE FLUIDO CON UN CAPTADOR, CONECTADOS PERMANENTEMENTE CON CONCENTRADORES PRIMARIOS A LOS QUE TRANSMITEN IMPULSOS DE LECTURA, SE HACE QUE DICHA INSTALACION COMPRENDA ADEMAS CONCENTRADORES SECUNDARIOS Y CONCENTRADORES TERCIARIOS, QUE CADA CONCENTRADOR PRIMARIO ESTE CONECTADO PERMANENTEMENTE CON UNO DE LOS CONCENTRADORES SECUNDARIOS Y TENGA MEDIOS PARA TRANSMITIRLE IMPULSOS DE LECTURA Y PARA RECIBIR IMPULSOS DE CONTROL PROCEDENTES DE DICHO CONCENTRADOR SECUNDARIO, Y QUE CADA CONCENTRADOR SECUNDARIO ESTE CONECTADO CON EL CONCENTRADOR TERCIARIO O CON UNO DE LOS CONCENTRADORES TERCIARIOS Y TENGA MEDIOS PARA TRANSMITIRLE IMPULSOS Y PARA RECIBIR IMPULSOS DE CONTROL PROCEDENTES DE DICHO CONCENTRADOR TERCIARIO. LA INVENCION SE APLICA A REDES DE FLUIDOS PARA CENTRALIZAR SU CONTROL.",,
146289-2024,ES2246100A1,"HABITACION MODULAR PREFABRICADA, PARTICULARMENTE UN CUARTO DE ASEO O DE BAÑO.","Habitación modular prefabricada, particularmente un cuarto de aseo o de baño. Habitación modular prefabricada para la construcción, particularmente un cuarto de baño o de aseo, adaptada para ser instalada en edificios en construcción, provista de los aparatos sanitarios y de las instalaciones necesarias para suministrar y distribuir el agua sanitaria a dichos aparatos sanitarios, así como para evacuar las aguas grises y los residuos que provienen de dichos aparatos sanitarios, provista además de conexiones exteriores a la red de suministro eléctrico de la instalación, constituida por elementos construidos separadamente y unidos entre sí de forma sólida y estanca, constituyendo las paredes, el techo y el piso; adaptada para ser transportada y asentada sobre un forjado de la obra sin sufrir deformaciones; provista de unos elementos de regulación de la altura del piso respecto del forjado sobre el que se asienta; y estando dotado el piso de la habitación modular de un colector único para la evacuación exterior de las aguas grises y los residuos de los aparatos sanitarios instalados en la habitación modular.",A47K4/00; E03C1/01; E04B1/34869,
158024-2024,ES2935558A1,Dispositivo de monitorización de la respiración,"Dispositivo de monitorización de la respiración para monitorizar la respiración de un usuario, que comprende un elemento sensor de deformación configurado para producir una señal eléctrica ante las deformaciones producidas en el tejido (o material textil) de una mascarilla por la respiración del usuario. El dispositivo de monitorización está configurado para transmitir dicha señal eléctrica a un centro de monitorización remoto.",A61B5/08; A41D13/11; C08J5/005,
158024-2024,ES2394994A1,DISPOSITIVO DE CONDUCCIÓN ASISTIDA,"Dispositivo de conducción asistida para vehículos que constituye una interfaz hombre - máquina para facilitar la conducción de vehículos (3) propulsados por motores tales como sillas de ruedas, carros eléctricos, etc. y que básicamente comprende un sensor táctil (1) destinado a instalarse en el asa o manillar (2) del vehículo y medios para el procesado y acondicionamiento de la información que proporciona el sensor (1) de forma que las intenciones del usuario se transformen en instrucciones al sistema motor del vehículo.",G05G1/02; G05G1/52; B60L2200/34,
158024-2024,ES2641296A1,"PROCEDIMIENTO, SISTEMA DE CONTROL, NODO DE TRANSDUCTORES, Y PRODUCTO DE PROGRAMA INFORMÁTICO PARA HACER, QUE UNOS O MÁS TRANSDUCTORES COMRENDIDOS EN EL NODO SEAN ACCESIBLES A UNA RED DE TRANSDUCTORES A TRAVÉS DE NODOS DE TRANSDUCTORES INTELIGENTES","Procedimiento, sistema de control, nodo de transductores y producto de programa informático para hacer, por parte de un nodo de transductores y/o por parte de un sistema de control, que unos o más transductores comprendidos en el nodo sean accesibles a una red de transductores cuando el nodo está conectado a la red de transductores. La presente invención se refiere a procedimientos para hacer accesible uno o más transductores de forma automática a una red de transductores, a través de nodos de transductores inteligentes que comprenden al menos uno de los citados transductores; la invención también se refiere a la red de transductores que comprende un sistema de control y al menos un nodo de transductores, configurados para ejecutar los citados procedimientos; de acuerdo con la invención también se definen unos productos de programa informático para llevar a cabo dichos procedimientos.",H04W48/16; H04W84/18; H04L67/125,
158024-2024,ES2251310A1,"DISPOSITIVO PARA LA MONITORIZACION CONTINUA Y SUMULTANEA DE PARAMETROS FISIOLOGICOS DE UN PACIENTE, PARTICULARMENTE PARAMETROS CARDIOLOGICOS.","Dispositivo para la monitorización continua y simultánea de parámetros fisiológicos de un paciente, particularmente parámetros cardiológico. Dispositivo para la monitorización continua y simultánea de múltiples parámetros fisiológicos de un paciente, especialmente para un paciente intervenido en un quirófano, un paciente en una sala de reanimación post-operatoria o en observación médica, que comprende múltiples sensores (1) conectados a un transmisor de señales de radiofrecuencia (2), que a su vez está en comunicación con un receptor (3). Al menos dos de los sensores están dispuestos adyacentes y conectados entre sí mediante un único cable (4), estando un extremo del cable conectado al transmisor de señales de radiofrecuencia.",A61B5/28; A61B5/282; A61B5/0006; A61B2560/0468,
158024-2024,ES2493340A1,"Dispositivo, sistema y procedimiento simulador para entrenamiento de profesionales sanitarios en el manejo de pacientes críticamente enfermos que precisen procedimientos de depuración extrarrenal venovenosa continua","Dispositivo, sistema y procedimiento simulador para entrenamiento de profesionales sanitarios en el manejo de pacientes críticamente enfermos que precisen procedimientos de depuración extrarrenal venovenosa continua. El dispositivo (100) comprende: - conectores de entrada/salida para su conexión a un monitor de depuración extrarrenal venovenosa (200) mediante tubos (202); - reguladores de la presión de las líneas del circuito de hemofiltración venovenosa continua mediante oclusión selectiva de la sección de los tubos (202), incluyendo: - regulador de presión de entrada (112), para modificar la presión de la línea arterial de salida del paciente simulado; - regulador de presión de retorno (114), para modificar la presión de retorno al sistema venoso del paciente simulado; - regulador de presión de filtro (116), para modificar la presión a la entrada del filtro de depuración extrarrenal venovenosa continua; - regulador de presión de efluente (118), para modificar la presión de efluente en la línea de ultrafiltrado.",A61M1/34; G09B9/00; A61M1/36,
158024-2024,ES2600452A1,Método y sistema de mantenimiento predictivo de edificios y estructuras.,"Método y sistema de mantenimiento predictivo de edificios y estructuras, que prevé la instalación de una serie de sensores (S1, S2, S3, ..., Sn) colocados en lugares estratégicos del edificio o de la estructura a controlar, en la cual o bien cada uno de los sensores está conectado mediante cableado a un nodo (NS) que está dotado de una antena de transmisión inalámbrica con un nodo central de comunicación (NC); o bien cada sensor (S1, S2) dispone de medios propios de comunicación inalámbrica y directamente transmite los datos recogidos a dicho nodo central de comunicaciones (NC); presentando cada nodo central una antena de salida que comunica los datos recibidos a un servidor (Serv) existente en un centro de datos (CD), al cual se conectan varios terminales de usuario (T1, T2, T3, ..., Tn) para controlar y gestionar su edificio, que incluye una herramienta informática de predicción (HP), que en función de parámetros físicos y químicos que se miden en los sensores estima el comportamiento y deterioro de la estructura o edificio en el futuro, mediante algoritmos (Alg) que correlacionan los parámetros físico-químicos con los procesos patológicos que se pueden dar en función del tiempo.",A45C13/02; G06Q50/08; A45C13/103; A45C5/14; A45C7/0054; A45C2005/035,
158024-2024,ES2756998A1,DISPOSITIVO LUMINOSO DE EMERGENCIAS ESCAMOTEABLE,"Es un dispositivo de señalización de peligro destinado a la seguridad vial, con dos columnas luminosas cilíndricas abatibles que enmarcan un triángulo de señalización de peligro autodesplegable, todo ello alojado en un espacio específico habilitado al efecto que permite su ocultación plegado en la misma carrocería de un vehículo. Activándose de forma automática en caso de accidente o por decisión voluntaria del usuario. Tras su uso posibilita el rearme de manera sencilla para siguientes usos.",B60Q1/52,
158024-2024,ES2928677A1,Sistema de conduccion ecoeficiente adaptado a la modelización tridimensional geoposicionada de la parametrización del trazado de cualquier infraestructura lineal particularizado al vehiculo,"Sistema de conducción, con modo asistido (170) y autónomo (180), adaptado a un modelo tridimensional geoposicionado de parametrización de los elementos del trazado (60) de cualquier infraestructura lineal, que transmite instrucciones al vehículo (110) en cada punto del recorrido escogido en tiempo real, particularizado a cada vehículo en función sus características (80), desde un dispositivo (40) instalado en el mismo desde el cual se gobiernan los distintos sistemas integrantes de la invención, en función de su geoposición real traspuesta al modelo (70), en condiciones de seguridad, confort y máxima eficiencia energética mediante la gestión del ahorro energético, calculando los momentos del recorrido en los cuales no es necesario el accionamiento del sistema de propulsión, aprovechando las energías que intervienen en el movimiento del vehículo y las fuerzas resultantes, para ahorrar energía y/o generarla en motores recargables, todo adaptado a los principios del trazado",G05D1/021; G08G1/167; G01S13/931; G05D1/0212; B60K31/00,
158024-2024,ES2397768A1,Terminal multimedia con medida de parámetros vitales,"Terminal multimedia con medida de parámetros vitales, del tipo de los utilizados principalmente en hospitales, residencias o viviendas para posibilitar el acceso a redes de comunicación, de televisión y contenidos multimedia a personas yacentes en cama, que comprende, junto a los elementos para el uso multimedia, un módulo de medidas multicanal con presentación de los resultados de las medidas en la misma pantalla, estando dotado con la circuitería electrónica y medios de comunicación apropiados para la conexión con sondas para electrocardiogramas completos, pulsioxímetros, tensiómetros, sondas de temperatura, etc... La invención que se presenta aporta la principal ventaja de permitir la realización de medidas, almacenamiento y envío de parámetros vitales con el mismo dispositivo multimedia existente en cada habitación, e introducirlas automáticamente y simultáneamente a la historia clínica del paciente, de forma económica y cómoda, evitando el transporte de los equipos de medida entre las habitaciones de los pacientes.",A61B5/05; A61B5/742; A61B5/743; G16H40/63; G16Z99/00; A61B5/14551; A61B5/0205,
158024-2024,ES2570810A1,Sistema y método de tele-asistencia mediante televisor inteligente,"Sistema y método de tele-asistencia mediante televisor inteligente. El sistema comprende: - un televisor inteligente (2) con cámara de vídeo (20), micrófono (22) y módulo de conectividad IP (26) para su conexión a Internet (3); - un servidor de control (4) encargado de la gestión remota, a través de Internet (3), de los canales disponibles en el televisor inteligente (2), seleccionados entre - canales de televisión tradicional (12), - personas de contacto (11), y - servicios de video-asistencia (9); - un servidor de vídeo (5) encargado de gestionar las comunicaciones por video entre el televisor inteligente (2) y las personas de contacto (11) o los servicios de video-asistencia (9). Con la sencillez de uso de un televisor convencional, permite comunicarse por videollamada a través del televisor con servicios de tele-asistencia, amigos y familia de una manera fácil e intuitiva.",H04N5/445; H04N7/141; H04N7/173; H04N21/4223; H04N21/4788,
158024-2024,ES2902101A1,"BRAZALETE DE MUÑECA PARA LA MONITORIZACIÓN DE PARÁMETROS BIOQUÍMICOS HUMANOS, FÍSICOS HUMANOS Y MEDIO AMBIENTALES EN TIEMPO REAL EN COMBINACIÓN CON UN SISTEMA DE MÓDULOS DE COMUNICACIÓN, ALMACENAMIENTO E INTELIGENCIA ARTIFICIAL (IA)","La presente invención revela un brazalete de muñeca que permite monitorizar de forma continua las constantes vitales de la persona portadora, así como la adquisición de medidas de ciertos parámetros bioquímicos humanos, físicos humanos y medio ambientales en tiempo real en combinación con un sistema de módulos de comunicación, almacenamiento e inteligencia artificial (IA) comprende una pantalla (12); un indicador luminoso (14); botones (16) que permiten controlar el funcionamiento por parte del usuario; sensores (18), (20) y (22) permiten medir parámetros bioquímicos humanos, parámetros físicos humanos y parámetros medio ambientales; medios de alerta del brazalete; una unidad central de proceso (24) que permite controlar módulos de adquisición de parámetros, un módulo de comunicaciones hombre/máquina (32), un módulo de comunicaciones máquina/máquina (34), al menos un módulo de comunicaciones máquina/sistemas externos (36); un módulo de inteligencia artificial (42) que integra algoritmos de inteligencia artificial (IA); y medios de alimentación energética.",G16H40/67; A61B5/0002; A61B5/0205; A61B5/14532; A61B5/024,
158024-2024,ES2532132A1,Sistema vestible para interacción con entornos remotos mediante información gestual y sensaciones táctiles y procedimiento de uso,"Sistema vestible para interacción con entornos remotos mediante información gestual y sensaciones táctiles y procedimiento de uso. La presente invención consiste en un sistema vestible (1) que interactúa con un sistema remoto (2) intercambiando información gestual y sensaciones táctiles. El sistema vestible (1) envía información gestual que aporta un usuario humano (3) a través de un traje háptico de captura de movimiento (4) y guantes hápticos de datos (5). El sistema remoto (2) es estimulado por la información gestual recibida y envía al sistema vestible (1) sensaciones táctiles relacionadas a la reacción ante dichos estímulos. El sistema vestible (1) puede utilizarse para tareas de operación remota de máquinas (9) como manipuladores, vehículos autónomos o simuladores de realidad virtual (10). También puede aplicarse en el análisis de procedimientos de rehabilitación. Adicionalmente, dos o más sistemas vestibles (1) pueden utilizarse para complementar la interacción social a distancia entre dos o más usuarios humanos (3).",A61B5/103,
158024-2024,ES2065820A2,SISTEMA MODULAR DE CONSTRUCCION DE PARAMENTOS Y SIMILARES.,"SISTEMA MODULAR DE CONSTRUCCION DE PARAMENTOS Y SIMILARES. EL SISTEMA ESTA BASADO EN LA UTILIZACION DE PANELES ARMADOS Y ALIGERADOS, MODULABLES EN VERTICAL, LOS CUALES SE POSTENSAN Y SE HORMIGONAN SUS JUNTAS PARA CONSEGUIR UN CONJUNTO MONOLITICO. CADA PANEL (1) INCLUYE INTERNAMENTE UN AISLANTE DE POLIESTILENO EXPANDIDO (2), AFECTATO TRANSVERSALMENTE DE PAREJAS DE ORIFICIOS (5) QUE RIGIDIZAN LAS CAPAS DE HORMIGON PERIMETRAL DEL PROPIO PANEL (1). EN CORRESPONDENCIA CON LA MODULACION SE HAN PREVISTO ORIFICIOS (4), MIENTRAS QUE PERIMETRALMENTE CUENTA CON UNA ACANALADURA (3) EN MEDIA CANA. LA DISPOSICION CONTIGUA DE PANELES IGUALES (1) PERMITE OBTENER PARAMENTOS DE CUALQUIER TIPO, APOYOS DIRECTOS DE FORJADOS, MUROS DE CONTENCION, ETC. Y SU UNION SE REALIZA MEDIANTE VARILLAS Y RELLENO DE MORTERO UBICADOS EN LOS ALOJAMIENTOS QUE CONFORMAN LOS ENFRENTAMIENTOS DE LAS ACANALADURAS (3) Y ORIFICIOS PREVISTOS AL EFECTO LONGITUDI NALMENTE EN LOS PROPIOS PANELES (1), EFECTUANDOSE EL POSTENSADO MEDIANTE VARILLAS PASANTES POR LOS ORIFICIOS (4), QUE SE APRIETAN MEDIANTE TUERCAS EXTREMAS ROSCADAS SOBRE LOS EXTREMOS.",,
158024-2024,ES2537651A1,Sistema modular estandarizado para la construcción de centros sanitarios u hospitalarios,"La invención prevé la distribución de los distintos espacios del hospital de acuerdo con una serie de módulos de idéntica anchura que se disponen paralelamente entre dos pasillos, un pasillo de circulación técnica (PT) y un pasillo de circulación pública (PP), de modo que entre dichos dos pasillos se establecen los comentados módulos (M1-M2-M3) para zonas técnicas, mixtas y públicas, definiéndose tres zonas perfectamente diferenciadas y cuyo flujo de usuarios se ve optimizado. Los módulos se dividen longitudinalmente en sub-módulos con unas dimensiones preestablecidas de manera que las estancias destinadas a implantarse en su seno son proporcionales a dichas medidas, permitiendo múltiples distribuciones ajustándose a dichas medidas. Para ampliar el hospital solo es preciso alargar los comentados pasillos y añadir los módulos que sean necesarios, siendo fácilmente redistribuibles los módulos ya existentes si es necesario debido a su naturaleza modular.",E04H3/08; E04H1/005,
158024-2024,ES2116215A1,"ELECTROSONDA PARA MEDIR EL CONTENIDO DE HUMEDAD DEL SUELO Y LA COMPACTACION DEL MISMO, METODO DE MEDIDA CORRESPONDIENTE Y UTILIZACION DE DICHA ELECTROSONDA.","ELECTROSONDA PARA MEDIR EL CONTENIDO DE HUMEDAD DEL SUELO Y LA COMPACTACION DEL MISMO, METODO DE MEDIDA CORRESPONDIENTE Y UTILIZACION DE DICHA ELECTROSONDA. SE PROPORCIONA UNA SONDA PARA MEDIR POR MEDIO DE UN GEORESISTIMETRO LA RESISTIVIDAD ELECTRICA DEL SUELO EN SENTIDO VERTICAL. LA SONDA PREVISTA EN FORMA DE PICA TIENE PAREJAS DE ELECTRODOS EMISORES (5A-5A) Y RECEPTORES (5B-5B) MONTADOS AL REDEDOR DE UN TUBO (2) PARA GENERAR UNA SEÑAL ELECTRICA DE EXCITACION Y RECIBIR UNA SEÑAL ELECTRICA DE RETORNO QUE ES FUNCION DEL GRADO DE HUMEDAD DEL SUELO Y DE LA COMPACTACION DEL MISMO. LA ELECTROSONDA, ADEMAS DE SERVIR PARA REALIZAR PLANIMETRIAS DE LOS GRADOS DE HUMEDAD DEL SUELO Y DE SU COMPACTACION POR LAS ACCIONES DE LABOREO SEL MISMO, PUEDE UTILIZARSE PARA GENERAR UNA SEÑAL DE CONTROL, PARA GOBIERNO AUTOMATICO DE UNA INSTALACION DE RIEGO.",,
158024-2024,ES2808969A1,SISTEMA DE PERFUSIÓN DE FÁRMACOS EN LAZO CERRADO CON CONTROL SINÉRGICO,"Sistema de perfusión de fármacos en lazo cerrado con control sinérgico. El objetivo de la invención es realizar un sistema de cálculo automático de perfusión de fármacos aplicable a un paciente para, por ejemplo, inducir un estado anestésico satisfactorio en una intervención quirúrgica. El sistema de cálculo automático estaría condicionado por unos valores objetivo de monitores fisiológicos para evaluar el estado del paciente. La perfusión automática consigue aumentar la seguridad del paciente reduciendo la morbididad y mortalidad postintervención y reducir la continua toma de decisiones del especialista. La invención es un sistema electrónico donde se implementa un controlador MIMO-PID que calcula las perfusiones de varios fármacos en base a un error de control definido por desviaciones del estado del paciente, analizado por varios monitores. Las perfusiones automáticas de fármacos están condicionadas por sistemas de seguridad frente a eventos de infra/sobre-infusión y están complementadas con sistemas de corrección y de prealimentación.",A61B5/00; G16H20/17; G16H40/60; A61B5/1106; A61B5/4821; A61B5/4839; A61M5/1408; A61M5/1723; A61M5/16827; A61M2205/50; A61M2005/14208,
158024-2024,ES2424917A2,Sistema de aplicación de productos fitosanitarios adaptable,"Sistema de aplicación de productos fitosanitarios adaptable, que comprende al menos un primer dispositivo (1) de acercamiento horizontal, al menos un segundo dispositivo (2) de sujeción de las boquillas (5) de pulverización con al menos dos tramos (2.1, 2.2) basculantes entre sí para adaptarse a la forma del elemento a pulverizar y, al menos un tercer dispositivo (3) de aplicación del producto. El al menos un tercer dispositivo (3) puede estar formado por un mecanismo de pulverización hidroneumático que comprende un sistema de propulsión de aire (7) sobre una estructura soporte (4) y, al menos una conducción principal (8) conectada por un primer extremo (8.1) al sistema de propulsión de aire (7) y por un segundo extremo (8.2) a un elemento distribuidor (9) y una serie de conducciones secundarias (10) conectadas cada una de ellas por un primer extremo (10.1) al elemento distribuidor (9) y por un segundo extremo (10.2) a una boquilla (5) de pulverización.",A01M7/00; A01B73/06; A01C23/04,
158024-2024,ES2444712A1,SISTEMA TELEMÉTRICO INALÁMBRICO PARA LA MONITORIZACIÓN DE MAGNITUDES ESTÁTICAS Y DINÁMICAS.,"Se propone un sistema telemétrico inalámbrico basado en transmisión de referencia temporal para la monitorización de magnitudes estáticas y dinámicas. El sistema propuesto comprende un instrumento lector y, al menos, un transpondedor que incluye a su vez los transductores asociados a las variables objeto de observación y/o medida. Con objeto de comunicar el instrumento lector y el transpondedor, el sistema también comprende un mecanismo para la transmisión de información relativa a la frecuencia de operación interna del transpondedor hacia el instrumento lector y un método para la determinación remota de la frecuencia de operación interna del transpondedor. El instrumento lector comprende: una antena (11000), una sección de comunicación (12000), una sección de procesado de señal (13000), una sección de cómputo (14000), una unidad de temporización (15000) estable con la temperatura, una sección de interfaz de usuario (16000) y una sección de salida de datos (17000).",H04B5/77; H04Q9/00; H04W4/80; H04B5/45; H04B5/73; A61B5/0024; G01S13/758; H04Q2209/40; H04Q2209/88,
158024-2024,ES2037587A2,INSTALACION DE CAPTACION Y TRATAMIENTO DE LAS LECTURAS DE LOS CONTADORES DE REDES DE DISTRIBUCION DE FLUIDOS.,"INSTALACION DE CAPTACION Y TRATAMIENTO DE LAS LECTURAS DE LOS CONTADORES DE REDES DE DISTRIBUCION DE FLUIDOS. PARTIENDO DE UNA INSTALACION CON CONTADORES DE CONSUMO DE FLUIDO CON UN CAPTADOR, CONECTADOS PERMANENTEMENTE CON CONCENTRADORES PRIMARIOS A LOS QUE TRANSMITEN IMPULSOS DE LECTURA, SE HACE QUE DICHA INSTALACION COMPRENDA ADEMAS CONCENTRADORES SECUNDARIOS Y CONCENTRADORES TERCIARIOS, QUE CADA CONCENTRADOR PRIMARIO ESTE CONECTADO PERMANENTEMENTE CON UNO DE LOS CONCENTRADORES SECUNDARIOS Y TENGA MEDIOS PARA TRANSMITIRLE IMPULSOS DE LECTURA Y PARA RECIBIR IMPULSOS DE CONTROL PROCEDENTES DE DICHO CONCENTRADOR SECUNDARIO, Y QUE CADA CONCENTRADOR SECUNDARIO ESTE CONECTADO CON EL CONCENTRADOR TERCIARIO O CON UNO DE LOS CONCENTRADORES TERCIARIOS Y TENGA MEDIOS PARA TRANSMITIRLE IMPULSOS Y PARA RECIBIR IMPULSOS DE CONTROL PROCEDENTES DE DICHO CONCENTRADOR TERCIARIO. LA INVENCION SE APLICA A REDES DE FLUIDOS PARA CENTRALIZAR SU CONTROL.",,
158024-2024,ES2134683A1,"SISTEMAS, FIJACIONES, PANELES Y ESTRUCTURA PERFECCIONADAS, PARA VIVIENDAS PREFABRICADAS, TIPO ""IGLOO"".","Sistemas, fijaciones, paneles y estructura perfeccionadas, para viviendas prefabricadas, tipo ""Igloo''. Se trata de una construcción modular e industrializadas de viviendas prefabricadas, tipo Igloo. Mediante la utilización de los sistemas y paneles descritos en el título de la invención. La esencia es hacer factible la construcción de la vivienda, en cualquier lugar, por cualquier persona, -manumontándola- (es decir: sin necesidad de medios mecánicos como grúas, etc.) de una vivienda prefabricada compuesta por paneles perfeccionados, que incorporan: cerramiento, estructura y aislamiento en cada Unidad de panel, y que éstos pueden estar formados por triángulos u otros polígonos, inscritos en semiesferas, parábolas o cualquier cuerpo de revolución similar. Además de las figuras mostradas en los dibujos, existen un gran número de alternativas o variantes, que salvo por la participación de diferentes polígonos elementales en la formación de la semiesfera, es resto de características y filosofíade construcción, son las mismas.",,
221305-2025,ES2935742A1,"RECUBRIMIENTO HÍBRIDO BASADO EN UNA MEZCLA DE MATERIAL COMPUESTO ADHESIVO, PARA APLICACIÓN EN SUPERFICIES DE ELEMENTOS IMPLANTABLES","Recubrimiento híbrido basado en una mezcla de material compuesto adhesivo, para aplicación en superficies de elementos implantables. El recubrimiento híbrido adhesivo/sol-gel es un material compuesto con características biocompatibles y osteoinductor desde las primeras 24 horas de su aplicación en superficies implantables o como relleno óseo independiente, este último, se muestra como material que se solidifica en menos de 3 horas y, al presentar mesoporos en todo su volumen, acepta la infiltración de sangre del paciente que se interviene quirúrgicamente.",A61L27/28; A61L27/00,
221305-2025,ES2370895A1,Exoesqueleto robotizado vestible para brazo humano.,"La presente invención se refiere a un exoesqueleto robotizado accionado por cables y mecanismos paralelos de reducido peso y volumen, permitiendo al usuario moverse cómodamente y realizar terapias médicas, ayudas a la realización de fuerzas del tipo ortésico, actividades relacionadas con prácticas deportivas o entrenamientos especializados que requieran secuencias de movimientos o ayuda para las tareas cotidianas. El sistema está formado por un chaleco (8), al cual están adosados el exo-brazo (2), el exo-antebrazo (3), una estructura de cinemática paralela del hombro que permite efectuar un seguimiento de los desplazamientos del hombro respecto al cuerpo, un sistema de compensación del peso (4, 5) del conjunto articulado, accionamientos de potencia (6) que permiten mover de manera controlada el brazo articulado, un sistema de alimentación autónomo y una unidad de control basada en computador (1) en la que residirán los procedimientos de control de movimiento, que pueden ser programados, tele-operados o coordinados.",A61F5/013; A61H1/0274; B25J9/0006,
221305-2025,ES2641296A1,"PROCEDIMIENTO, SISTEMA DE CONTROL, NODO DE TRANSDUCTORES, Y PRODUCTO DE PROGRAMA INFORMÁTICO PARA HACER, QUE UNOS O MÁS TRANSDUCTORES COMRENDIDOS EN EL NODO SEAN ACCESIBLES A UNA RED DE TRANSDUCTORES A TRAVÉS DE NODOS DE TRANSDUCTORES INTELIGENTES","Procedimiento, sistema de control, nodo de transductores y producto de programa informático para hacer, por parte de un nodo de transductores y/o por parte de un sistema de control, que unos o más transductores comprendidos en el nodo sean accesibles a una red de transductores cuando el nodo está conectado a la red de transductores. La presente invención se refiere a procedimientos para hacer accesible uno o más transductores de forma automática a una red de transductores, a través de nodos de transductores inteligentes que comprenden al menos uno de los citados transductores; la invención también se refiere a la red de transductores que comprende un sistema de control y al menos un nodo de transductores, configurados para ejecutar los citados procedimientos; de acuerdo con la invención también se definen unos productos de programa informático para llevar a cabo dichos procedimientos.",H04W48/16; H04W84/18; H04L67/125,
221305-2025,ES2326252A1,SISTEMA INALAMBRICO Y METODO DE LECTURA REMOTA DE CONTADORES,"Sistema inalámbrico y método de lectura remota de contadores. Sistema inalámbrico de lectura remota de contadores, que comprende: al menos un dispositivo de almacenamiento (100), conectado a un contador o integrado en un contador, que comprende medios (2) para almacenar datos relativos al consumo; al menos un dispositivo concentrador (200), y un dispositivo central (400). El dispositivo de almacenamiento (100) comprende medios (1, 5, 6) para enviar los datos relativos al consumo al dispositivo concentrador a través de una red de banda estrecha (500), que opera en una banda de frecuencia de uso libre. El dispositivo concentrador comprende medios para reenviar dichos datos al dispositivo central (400) a través de una red de banda ancha (600), que opera en una banda de frecuencia de uso libre.",G01D4/002; G01D4/004; Y02B90/20; Y04S20/30,
221305-2025,ES2438447A1,Sistema de recuperación del agua de riego,"Los sistemas de riego para cultivos de plantas que exigen un elevado volumen de agua especialmente campos de golf, presentan una fuerte oposición por parte de los municipios en los que se pretende instalar, cuando en los mismos el agua no es abundante, para ello la invención comprende un sistema de recuperación del agua de riego que se decanta después de pasar por unas capas de tierra, filtrado y drenaje a una zanja situada a un nivel inferior a la capa de drenaje, la capa de tierra recibe agua, abono y nutrientes y a la vez que se oxigena todo ello mediante los conductos adecuados, provistos de los orificios adecuados gobernando el sistema una central eléctrica.",A01F25/16; A01G25/02; A01G25/06; E01C13/083,
221305-2025,ES2600452A1,Método y sistema de mantenimiento predictivo de edificios y estructuras.,"Método y sistema de mantenimiento predictivo de edificios y estructuras, que prevé la instalación de una serie de sensores (S1, S2, S3, ..., Sn) colocados en lugares estratégicos del edificio o de la estructura a controlar, en la cual o bien cada uno de los sensores está conectado mediante cableado a un nodo (NS) que está dotado de una antena de transmisión inalámbrica con un nodo central de comunicación (NC); o bien cada sensor (S1, S2) dispone de medios propios de comunicación inalámbrica y directamente transmite los datos recogidos a dicho nodo central de comunicaciones (NC); presentando cada nodo central una antena de salida que comunica los datos recibidos a un servidor (Serv) existente en un centro de datos (CD), al cual se conectan varios terminales de usuario (T1, T2, T3, ..., Tn) para controlar y gestionar su edificio, que incluye una herramienta informática de predicción (HP), que en función de parámetros físicos y químicos que se miden en los sensores estima el comportamiento y deterioro de la estructura o edificio en el futuro, mediante algoritmos (Alg) que correlacionan los parámetros físico-químicos con los procesos patológicos que se pueden dar en función del tiempo.",A45C13/02; G06Q50/08; A45C13/103; A45C5/14; A45C7/0054; A45C2005/035,
221305-2025,ES2726003A1,Método para votación electrónica segura con sistema de auditoría inmutable y programas informáticos del mismo,"Método para votación electrónica segura con sistema de auditoría inmutable, permite conducir electrónicamente, con total seguridad, votaciones y consultas a través de una red de comunicaciones. El método emplea unos procesos (210) y protocolos (202, 204, 206, 208, 212, 214) criptográficos interrelacionados, especialmente diseñados para dotar de seguridad a la emisión de los votos, al recuento de los votos, y a la verificación de los resultados de la votación o consulta. Dichos procesos y protocolos criptográficos conforman conjuntamente un esquema criptográfico de votación capaz de asegurar los requisitos de seguridad específicos de una votación electrónica en la cual los votantes emiten sus votos remotamente. El método incorpora una capa de auditoría basada en el uso de mecanismos inmutables que protegen los registros de todas las acciones realizadas en la votación, como las realizadas por los administradores del sistema de los servidores de votación, para asegurar una total transparencia del proceso.",H04L9/32; G06F21/64; G07C13/00,
221305-2025,ES2928677A1,Sistema de conduccion ecoeficiente adaptado a la modelización tridimensional geoposicionada de la parametrización del trazado de cualquier infraestructura lineal particularizado al vehiculo,"Sistema de conducción, con modo asistido (170) y autónomo (180), adaptado a un modelo tridimensional geoposicionado de parametrización de los elementos del trazado (60) de cualquier infraestructura lineal, que transmite instrucciones al vehículo (110) en cada punto del recorrido escogido en tiempo real, particularizado a cada vehículo en función sus características (80), desde un dispositivo (40) instalado en el mismo desde el cual se gobiernan los distintos sistemas integrantes de la invención, en función de su geoposición real traspuesta al modelo (70), en condiciones de seguridad, confort y máxima eficiencia energética mediante la gestión del ahorro energético, calculando los momentos del recorrido en los cuales no es necesario el accionamiento del sistema de propulsión, aprovechando las energías que intervienen en el movimiento del vehículo y las fuerzas resultantes, para ahorrar energía y/o generarla en motores recargables, todo adaptado a los principios del trazado",G05D1/021; G08G1/167; G01S13/931; G05D1/0212; B60K31/00,
221305-2025,ES2374467A1,PROCESO CONSTRUCTIVO DE VIVIENDAS O EDIFICACIONES MODULARES CON PANELES PREFABRICADOS.,"La invención hace referencia a un proceso constructivo de viviendas o edificaciones modulares con paneles prefabricados de hormigón reforzados con fibra de vidrio aplicables para cerramiento externo o paredes de fachada y paredes de chapa tipo sándwich para cerramiento interno o paredes interiores. Estos combinan con estructuras metálicas para formar los cerramientos. Presenta la particularidad de contar con un sistema de anclaje de los paneles entre sí, a la losa de cimentación y a la cubierta. Todo el montaje del sistema se puede realizar en taller, planta de producción o instalación industrial ya que se realiza en seco con un montaje entre uniones mediante tornillería. La vivienda se puede montar dividida en diferentes partes y posteriormente elevarla y trasportarla.",E04B1/34321,
221305-2025,ES2570810A1,Sistema y método de tele-asistencia mediante televisor inteligente,"Sistema y método de tele-asistencia mediante televisor inteligente. El sistema comprende: - un televisor inteligente (2) con cámara de vídeo (20), micrófono (22) y módulo de conectividad IP (26) para su conexión a Internet (3); - un servidor de control (4) encargado de la gestión remota, a través de Internet (3), de los canales disponibles en el televisor inteligente (2), seleccionados entre - canales de televisión tradicional (12), - personas de contacto (11), y - servicios de video-asistencia (9); - un servidor de vídeo (5) encargado de gestionar las comunicaciones por video entre el televisor inteligente (2) y las personas de contacto (11) o los servicios de video-asistencia (9). Con la sencillez de uso de un televisor convencional, permite comunicarse por videollamada a través del televisor con servicios de tele-asistencia, amigos y familia de una manera fácil e intuitiva.",H04N5/445; H04N7/141; H04N7/173; H04N21/4223; H04N21/4788,
221305-2025,ES2902101A1,"BRAZALETE DE MUÑECA PARA LA MONITORIZACIÓN DE PARÁMETROS BIOQUÍMICOS HUMANOS, FÍSICOS HUMANOS Y MEDIO AMBIENTALES EN TIEMPO REAL EN COMBINACIÓN CON UN SISTEMA DE MÓDULOS DE COMUNICACIÓN, ALMACENAMIENTO E INTELIGENCIA ARTIFICIAL (IA)","La presente invención revela un brazalete de muñeca que permite monitorizar de forma continua las constantes vitales de la persona portadora, así como la adquisición de medidas de ciertos parámetros bioquímicos humanos, físicos humanos y medio ambientales en tiempo real en combinación con un sistema de módulos de comunicación, almacenamiento e inteligencia artificial (IA) comprende una pantalla (12); un indicador luminoso (14); botones (16) que permiten controlar el funcionamiento por parte del usuario; sensores (18), (20) y (22) permiten medir parámetros bioquímicos humanos, parámetros físicos humanos y parámetros medio ambientales; medios de alerta del brazalete; una unidad central de proceso (24) que permite controlar módulos de adquisición de parámetros, un módulo de comunicaciones hombre/máquina (32), un módulo de comunicaciones máquina/máquina (34), al menos un módulo de comunicaciones máquina/sistemas externos (36); un módulo de inteligencia artificial (42) que integra algoritmos de inteligencia artificial (IA); y medios de alimentación energética.",G16H40/67; A61B5/0002; A61B5/0205; A61B5/14532; A61B5/024,
221305-2025,ES2532132A1,Sistema vestible para interacción con entornos remotos mediante información gestual y sensaciones táctiles y procedimiento de uso,"Sistema vestible para interacción con entornos remotos mediante información gestual y sensaciones táctiles y procedimiento de uso. La presente invención consiste en un sistema vestible (1) que interactúa con un sistema remoto (2) intercambiando información gestual y sensaciones táctiles. El sistema vestible (1) envía información gestual que aporta un usuario humano (3) a través de un traje háptico de captura de movimiento (4) y guantes hápticos de datos (5). El sistema remoto (2) es estimulado por la información gestual recibida y envía al sistema vestible (1) sensaciones táctiles relacionadas a la reacción ante dichos estímulos. El sistema vestible (1) puede utilizarse para tareas de operación remota de máquinas (9) como manipuladores, vehículos autónomos o simuladores de realidad virtual (10). También puede aplicarse en el análisis de procedimientos de rehabilitación. Adicionalmente, dos o más sistemas vestibles (1) pueden utilizarse para complementar la interacción social a distancia entre dos o más usuarios humanos (3).",A61B5/103,
221305-2025,ES2065820A2,SISTEMA MODULAR DE CONSTRUCCION DE PARAMENTOS Y SIMILARES.,"SISTEMA MODULAR DE CONSTRUCCION DE PARAMENTOS Y SIMILARES. EL SISTEMA ESTA BASADO EN LA UTILIZACION DE PANELES ARMADOS Y ALIGERADOS, MODULABLES EN VERTICAL, LOS CUALES SE POSTENSAN Y SE HORMIGONAN SUS JUNTAS PARA CONSEGUIR UN CONJUNTO MONOLITICO. CADA PANEL (1) INCLUYE INTERNAMENTE UN AISLANTE DE POLIESTILENO EXPANDIDO (2), AFECTATO TRANSVERSALMENTE DE PAREJAS DE ORIFICIOS (5) QUE RIGIDIZAN LAS CAPAS DE HORMIGON PERIMETRAL DEL PROPIO PANEL (1). EN CORRESPONDENCIA CON LA MODULACION SE HAN PREVISTO ORIFICIOS (4), MIENTRAS QUE PERIMETRALMENTE CUENTA CON UNA ACANALADURA (3) EN MEDIA CANA. LA DISPOSICION CONTIGUA DE PANELES IGUALES (1) PERMITE OBTENER PARAMENTOS DE CUALQUIER TIPO, APOYOS DIRECTOS DE FORJADOS, MUROS DE CONTENCION, ETC. Y SU UNION SE REALIZA MEDIANTE VARILLAS Y RELLENO DE MORTERO UBICADOS EN LOS ALOJAMIENTOS QUE CONFORMAN LOS ENFRENTAMIENTOS DE LAS ACANALADURAS (3) Y ORIFICIOS PREVISTOS AL EFECTO LONGITUDI NALMENTE EN LOS PROPIOS PANELES (1), EFECTUANDOSE EL POSTENSADO MEDIANTE VARILLAS PASANTES POR LOS ORIFICIOS (4), QUE SE APRIETAN MEDIANTE TUERCAS EXTREMAS ROSCADAS SOBRE LOS EXTREMOS.",,
221305-2025,ES2537651A1,Sistema modular estandarizado para la construcción de centros sanitarios u hospitalarios,"La invención prevé la distribución de los distintos espacios del hospital de acuerdo con una serie de módulos de idéntica anchura que se disponen paralelamente entre dos pasillos, un pasillo de circulación técnica (PT) y un pasillo de circulación pública (PP), de modo que entre dichos dos pasillos se establecen los comentados módulos (M1-M2-M3) para zonas técnicas, mixtas y públicas, definiéndose tres zonas perfectamente diferenciadas y cuyo flujo de usuarios se ve optimizado. Los módulos se dividen longitudinalmente en sub-módulos con unas dimensiones preestablecidas de manera que las estancias destinadas a implantarse en su seno son proporcionales a dichas medidas, permitiendo múltiples distribuciones ajustándose a dichas medidas. Para ampliar el hospital solo es preciso alargar los comentados pasillos y añadir los módulos que sean necesarios, siendo fácilmente redistribuibles los módulos ya existentes si es necesario debido a su naturaleza modular.",E04H3/08; E04H1/005,
221305-2025,ES2134683A1,"SISTEMAS, FIJACIONES, PANELES Y ESTRUCTURA PERFECCIONADAS, PARA VIVIENDAS PREFABRICADAS, TIPO ""IGLOO"".","Sistemas, fijaciones, paneles y estructura perfeccionadas, para viviendas prefabricadas, tipo ""Igloo''. Se trata de una construcción modular e industrializadas de viviendas prefabricadas, tipo Igloo. Mediante la utilización de los sistemas y paneles descritos en el título de la invención. La esencia es hacer factible la construcción de la vivienda, en cualquier lugar, por cualquier persona, -manumontándola- (es decir: sin necesidad de medios mecánicos como grúas, etc.) de una vivienda prefabricada compuesta por paneles perfeccionados, que incorporan: cerramiento, estructura y aislamiento en cada Unidad de panel, y que éstos pueden estar formados por triángulos u otros polígonos, inscritos en semiesferas, parábolas o cualquier cuerpo de revolución similar. Además de las figuras mostradas en los dibujos, existen un gran número de alternativas o variantes, que salvo por la participación de diferentes polígonos elementales en la formación de la semiesfera, es resto de características y filosofíade construcción, son las mismas.",,
221305-2025,ES2808969A1,SISTEMA DE PERFUSIÓN DE FÁRMACOS EN LAZO CERRADO CON CONTROL SINÉRGICO,"Sistema de perfusión de fármacos en lazo cerrado con control sinérgico. El objetivo de la invención es realizar un sistema de cálculo automático de perfusión de fármacos aplicable a un paciente para, por ejemplo, inducir un estado anestésico satisfactorio en una intervención quirúrgica. El sistema de cálculo automático estaría condicionado por unos valores objetivo de monitores fisiológicos para evaluar el estado del paciente. La perfusión automática consigue aumentar la seguridad del paciente reduciendo la morbididad y mortalidad postintervención y reducir la continua toma de decisiones del especialista. La invención es un sistema electrónico donde se implementa un controlador MIMO-PID que calcula las perfusiones de varios fármacos en base a un error de control definido por desviaciones del estado del paciente, analizado por varios monitores. Las perfusiones automáticas de fármacos están condicionadas por sistemas de seguridad frente a eventos de infra/sobre-infusión y están complementadas con sistemas de corrección y de prealimentación.",A61B5/00; G16H20/17; G16H40/60; A61B5/1106; A61B5/4821; A61B5/4839; A61M5/1408; A61M5/1723; A61M5/16827; A61M2205/50; A61M2005/14208,
221305-2025,ES2394994A1,DISPOSITIVO DE CONDUCCIÓN ASISTIDA,"Dispositivo de conducción asistida para vehículos que constituye una interfaz hombre - máquina para facilitar la conducción de vehículos (3) propulsados por motores tales como sillas de ruedas, carros eléctricos, etc. y que básicamente comprende un sensor táctil (1) destinado a instalarse en el asa o manillar (2) del vehículo y medios para el procesado y acondicionamiento de la información que proporciona el sensor (1) de forma que las intenciones del usuario se transformen en instrucciones al sistema motor del vehículo.",G05G1/02; G05G1/52; B60L2200/34,
221305-2025,ES2424917A2,Sistema de aplicación de productos fitosanitarios adaptable,"Sistema de aplicación de productos fitosanitarios adaptable, que comprende al menos un primer dispositivo (1) de acercamiento horizontal, al menos un segundo dispositivo (2) de sujeción de las boquillas (5) de pulverización con al menos dos tramos (2.1, 2.2) basculantes entre sí para adaptarse a la forma del elemento a pulverizar y, al menos un tercer dispositivo (3) de aplicación del producto. El al menos un tercer dispositivo (3) puede estar formado por un mecanismo de pulverización hidroneumático que comprende un sistema de propulsión de aire (7) sobre una estructura soporte (4) y, al menos una conducción principal (8) conectada por un primer extremo (8.1) al sistema de propulsión de aire (7) y por un segundo extremo (8.2) a un elemento distribuidor (9) y una serie de conducciones secundarias (10) conectadas cada una de ellas por un primer extremo (10.1) al elemento distribuidor (9) y por un segundo extremo (10.2) a una boquilla (5) de pulverización.",A01M7/00; A01B73/06; A01C23/04,
221305-2025,ES2037587A2,INSTALACION DE CAPTACION Y TRATAMIENTO DE LAS LECTURAS DE LOS CONTADORES DE REDES DE DISTRIBUCION DE FLUIDOS.,"INSTALACION DE CAPTACION Y TRATAMIENTO DE LAS LECTURAS DE LOS CONTADORES DE REDES DE DISTRIBUCION DE FLUIDOS. PARTIENDO DE UNA INSTALACION CON CONTADORES DE CONSUMO DE FLUIDO CON UN CAPTADOR, CONECTADOS PERMANENTEMENTE CON CONCENTRADORES PRIMARIOS A LOS QUE TRANSMITEN IMPULSOS DE LECTURA, SE HACE QUE DICHA INSTALACION COMPRENDA ADEMAS CONCENTRADORES SECUNDARIOS Y CONCENTRADORES TERCIARIOS, QUE CADA CONCENTRADOR PRIMARIO ESTE CONECTADO PERMANENTEMENTE CON UNO DE LOS CONCENTRADORES SECUNDARIOS Y TENGA MEDIOS PARA TRANSMITIRLE IMPULSOS DE LECTURA Y PARA RECIBIR IMPULSOS DE CONTROL PROCEDENTES DE DICHO CONCENTRADOR SECUNDARIO, Y QUE CADA CONCENTRADOR SECUNDARIO ESTE CONECTADO CON EL CONCENTRADOR TERCIARIO O CON UNO DE LOS CONCENTRADORES TERCIARIOS Y TENGA MEDIOS PARA TRANSMITIRLE IMPULSOS Y PARA RECIBIR IMPULSOS DE CONTROL PROCEDENTES DE DICHO CONCENTRADOR TERCIARIO. LA INVENCION SE APLICA A REDES DE FLUIDOS PARA CENTRALIZAR SU CONTROL.",,
221305-2025,ES2156707A1,DISPOSITIVO AUTONOMO DE PRODUCCION DE AGUA CON ENERGIA SOLAR.,"Dispositivo autónomo de producción de agua con energía solar. Consiste en un equipo capaz de producir agua a partir del aire atmosférico, de cuya humedad natural se extraerá el agua, por el principio del punto de rocío, de una forma completamente autónoma, es decir sin aporte de ningún tipo de materia prima ni de energía, tomandose esta del sol, y que de forma automática puede regularse tanto en su funcionamiento como en el suministro del agua producida. Consta de un módulo solar (1) que proporciona energía para el funcionamiento del módulo frigorífico (2) que enfría unos paneles donde el aire ambiente condensa la humedad natural, siendo forzado a pasar por el Módulo Convector (4). El agua condensada se recoge, trata y almacena en el módulo hidráulico (3). Un Módulo de Control (5) contiene un autómata programable que gobierna el proceso, así como la instrumentación. Usos: Riego por goteo y otros.",,
273005-2025,ES2928677A1,Sistema de conduccion ecoeficiente adaptado a la modelización tridimensional geoposicionada de la parametrización del trazado de cualquier infraestructura lineal particularizado al vehiculo,"Sistema de conducción, con modo asistido (170) y autónomo (180), adaptado a un modelo tridimensional geoposicionado de parametrización de los elementos del trazado (60) de cualquier infraestructura lineal, que transmite instrucciones al vehículo (110) en cada punto del recorrido escogido en tiempo real, particularizado a cada vehículo en función sus características (80), desde un dispositivo (40) instalado en el mismo desde el cual se gobiernan los distintos sistemas integrantes de la invención, en función de su geoposición real traspuesta al modelo (70), en condiciones de seguridad, confort y máxima eficiencia energética mediante la gestión del ahorro energético, calculando los momentos del recorrido en los cuales no es necesario el accionamiento del sistema de propulsión, aprovechando las energías que intervienen en el movimiento del vehículo y las fuerzas resultantes, para ahorrar energía y/o generarla en motores recargables, todo adaptado a los principios del trazado",G05D1/021; G08G1/167; G01S13/931; G05D1/0212; B60K31/00,
273005-2025,ES2326252A1,SISTEMA INALAMBRICO Y METODO DE LECTURA REMOTA DE CONTADORES,"Sistema inalámbrico y método de lectura remota de contadores. Sistema inalámbrico de lectura remota de contadores, que comprende: al menos un dispositivo de almacenamiento (100), conectado a un contador o integrado en un contador, que comprende medios (2) para almacenar datos relativos al consumo; al menos un dispositivo concentrador (200), y un dispositivo central (400). El dispositivo de almacenamiento (100) comprende medios (1, 5, 6) para enviar los datos relativos al consumo al dispositivo concentrador a través de una red de banda estrecha (500), que opera en una banda de frecuencia de uso libre. El dispositivo concentrador comprende medios para reenviar dichos datos al dispositivo central (400) a través de una red de banda ancha (600), que opera en una banda de frecuencia de uso libre.",G01D4/002; G01D4/004; Y02B90/20; Y04S20/30,
273005-2025,ES2570810A1,Sistema y método de tele-asistencia mediante televisor inteligente,"Sistema y método de tele-asistencia mediante televisor inteligente. El sistema comprende: - un televisor inteligente (2) con cámara de vídeo (20), micrófono (22) y módulo de conectividad IP (26) para su conexión a Internet (3); - un servidor de control (4) encargado de la gestión remota, a través de Internet (3), de los canales disponibles en el televisor inteligente (2), seleccionados entre - canales de televisión tradicional (12), - personas de contacto (11), y - servicios de video-asistencia (9); - un servidor de vídeo (5) encargado de gestionar las comunicaciones por video entre el televisor inteligente (2) y las personas de contacto (11) o los servicios de video-asistencia (9). Con la sencillez de uso de un televisor convencional, permite comunicarse por videollamada a través del televisor con servicios de tele-asistencia, amigos y familia de una manera fácil e intuitiva.",H04N5/445; H04N7/141; H04N7/173; H04N21/4223; H04N21/4788,
273005-2025,ES2319487A1,SISTEMA DE CONSTRUCCION MODULAR,"Sistema de construcción modular. El sistema comprende unos bloques modulares (1a,...1n) constituidos por elementos constructivos de hormigón y material aislante, presentando las paredes (11) laterales formas adecuadas para su adosado lateral configurando un edificio o construcción mayor. Dichos bloques modulares (1a,...1n) presentan unos elementos de anclaje (18a, 18b) mutuo en las caras exteriores del techo (12) y suelo (13) para su acoplamiento mutuo apilado. En paredes (11), techo (12) y suelo (13), se encuentran unas aberturas para la formación de puertas (21), ventanas (22), escaleras y pasos (23a, 23b) entre módulos y al exterior. Las paredes (11), techo (12) y suelo (13), están constituidos por dos capas (14) de hormigón armado entre las que se encuentra una capa (15) de material aislante, estando los mallazos (16) de ambas capas (14) de hormigón armado unidas mediante elementos metálicos (17) o análogos.",E04B1/34823,
273005-2025,ES2444712A1,SISTEMA TELEMÉTRICO INALÁMBRICO PARA LA MONITORIZACIÓN DE MAGNITUDES ESTÁTICAS Y DINÁMICAS.,"Se propone un sistema telemétrico inalámbrico basado en transmisión de referencia temporal para la monitorización de magnitudes estáticas y dinámicas. El sistema propuesto comprende un instrumento lector y, al menos, un transpondedor que incluye a su vez los transductores asociados a las variables objeto de observación y/o medida. Con objeto de comunicar el instrumento lector y el transpondedor, el sistema también comprende un mecanismo para la transmisión de información relativa a la frecuencia de operación interna del transpondedor hacia el instrumento lector y un método para la determinación remota de la frecuencia de operación interna del transpondedor. El instrumento lector comprende: una antena (11000), una sección de comunicación (12000), una sección de procesado de señal (13000), una sección de cómputo (14000), una unidad de temporización (15000) estable con la temperatura, una sección de interfaz de usuario (16000) y una sección de salida de datos (17000).",H04B5/77; H04Q9/00; H04W4/80; H04B5/45; H04B5/73; A61B5/0024; G01S13/758; H04Q2209/40; H04Q2209/88,
273005-2025,ES2537651A1,Sistema modular estandarizado para la construcción de centros sanitarios u hospitalarios,"La invención prevé la distribución de los distintos espacios del hospital de acuerdo con una serie de módulos de idéntica anchura que se disponen paralelamente entre dos pasillos, un pasillo de circulación técnica (PT) y un pasillo de circulación pública (PP), de modo que entre dichos dos pasillos se establecen los comentados módulos (M1-M2-M3) para zonas técnicas, mixtas y públicas, definiéndose tres zonas perfectamente diferenciadas y cuyo flujo de usuarios se ve optimizado. Los módulos se dividen longitudinalmente en sub-módulos con unas dimensiones preestablecidas de manera que las estancias destinadas a implantarse en su seno son proporcionales a dichas medidas, permitiendo múltiples distribuciones ajustándose a dichas medidas. Para ampliar el hospital solo es preciso alargar los comentados pasillos y añadir los módulos que sean necesarios, siendo fácilmente redistribuibles los módulos ya existentes si es necesario debido a su naturaleza modular.",E04H3/08; E04H1/005,
273005-2025,ES2600452A1,Método y sistema de mantenimiento predictivo de edificios y estructuras.,"Método y sistema de mantenimiento predictivo de edificios y estructuras, que prevé la instalación de una serie de sensores (S1, S2, S3, ..., Sn) colocados en lugares estratégicos del edificio o de la estructura a controlar, en la cual o bien cada uno de los sensores está conectado mediante cableado a un nodo (NS) que está dotado de una antena de transmisión inalámbrica con un nodo central de comunicación (NC); o bien cada sensor (S1, S2) dispone de medios propios de comunicación inalámbrica y directamente transmite los datos recogidos a dicho nodo central de comunicaciones (NC); presentando cada nodo central una antena de salida que comunica los datos recibidos a un servidor (Serv) existente en un centro de datos (CD), al cual se conectan varios terminales de usuario (T1, T2, T3, ..., Tn) para controlar y gestionar su edificio, que incluye una herramienta informática de predicción (HP), que en función de parámetros físicos y químicos que se miden en los sensores estima el comportamiento y deterioro de la estructura o edificio en el futuro, mediante algoritmos (Alg) que correlacionan los parámetros físico-químicos con los procesos patológicos que se pueden dar en función del tiempo.",A45C13/02; G06Q50/08; A45C13/103; A45C5/14; A45C7/0054; A45C2005/035,
273005-2025,ES2808969A1,SISTEMA DE PERFUSIÓN DE FÁRMACOS EN LAZO CERRADO CON CONTROL SINÉRGICO,"Sistema de perfusión de fármacos en lazo cerrado con control sinérgico. El objetivo de la invención es realizar un sistema de cálculo automático de perfusión de fármacos aplicable a un paciente para, por ejemplo, inducir un estado anestésico satisfactorio en una intervención quirúrgica. El sistema de cálculo automático estaría condicionado por unos valores objetivo de monitores fisiológicos para evaluar el estado del paciente. La perfusión automática consigue aumentar la seguridad del paciente reduciendo la morbididad y mortalidad postintervención y reducir la continua toma de decisiones del especialista. La invención es un sistema electrónico donde se implementa un controlador MIMO-PID que calcula las perfusiones de varios fármacos en base a un error de control definido por desviaciones del estado del paciente, analizado por varios monitores. Las perfusiones automáticas de fármacos están condicionadas por sistemas de seguridad frente a eventos de infra/sobre-infusión y están complementadas con sistemas de corrección y de prealimentación.",A61B5/00; G16H20/17; G16H40/60; A61B5/1106; A61B5/4821; A61B5/4839; A61M5/1408; A61M5/1723; A61M5/16827; A61M2205/50; A61M2005/14208,
273005-2025,ES2372073A1,SISTEMA DE CONSTRUCCIÓN MODULAR FLEXIBLE.,"Sistema de construcción modular flexible, en el cual se utilizan módulos (4), cada uno de los cuales comprende tres zonas funcionales paralelas, una de las cuales es una zona de pasillo (1), otra una zona de servicios (2) y la tercera una zona de espacio privado (3), formándose con dichos módulos (4) viviendas (5) consecutivas, de forma que la zona de servicios (2) determina un espacio hueco, en el cual se disponen repetidamente, en correspondencia con cada módulo (4), elementos de las instalaciones de servicios, los cuales se establecen en conexión con respectivas acometidas generales de suministro de los servicios a la construcción.",E04H1/04; E04B1/348; E04H1/005; E04B1/34815,
273005-2025,ES2493340A1,"Dispositivo, sistema y procedimiento simulador para entrenamiento de profesionales sanitarios en el manejo de pacientes críticamente enfermos que precisen procedimientos de depuración extrarrenal venovenosa continua","Dispositivo, sistema y procedimiento simulador para entrenamiento de profesionales sanitarios en el manejo de pacientes críticamente enfermos que precisen procedimientos de depuración extrarrenal venovenosa continua. El dispositivo (100) comprende: - conectores de entrada/salida para su conexión a un monitor de depuración extrarrenal venovenosa (200) mediante tubos (202); - reguladores de la presión de las líneas del circuito de hemofiltración venovenosa continua mediante oclusión selectiva de la sección de los tubos (202), incluyendo: - regulador de presión de entrada (112), para modificar la presión de la línea arterial de salida del paciente simulado; - regulador de presión de retorno (114), para modificar la presión de retorno al sistema venoso del paciente simulado; - regulador de presión de filtro (116), para modificar la presión a la entrada del filtro de depuración extrarrenal venovenosa continua; - regulador de presión de efluente (118), para modificar la presión de efluente en la línea de ultrafiltrado.",A61M1/34; G09B9/00; A61M1/36,
273005-2025,ES2698701A1,SECADOR INTEGRAL DE CUERPO,"La presente invención describe un secador integral de cuerpo que incorpora un difusor (1) y una funda protectora (6) fija en un extremo superior de una columna (3) soporte, donde el difusor (1) aloja en su interior una turbina (6), una resistencia eléctrica (5) y un conducto con una tobera (2) para la salida del aire, y la columna (3) comprende un carril (4) para el deslizamiento del difusor (1), pudiendo el difusor (1) desplazarse a lo largo de la columna (3) de una forma a seleccionar entre eléctrica y manual para insuflar aire a lo largo de la longitud de la columna (3) y así proceder al secado de un usuario.",F26B3/04; A45D20/14; A47K10/48,
273005-2025,ES2452726A1,"Sistema de edificación modular, prefabricada y desmontable","La presente invención se refiere a un sistema de edificación modular, prefabricada y desmontable, mediante el cual se realizan construcciones con formas curvas basadas en media esfera (forma de cúpula) y medio cilindro circular recto (forma de bóveda de cañón). No requiere mano de obra especializada ni medios mecánicos para su montaje, siendo un ejemplo de autoconstrucción. Se pueden conseguir multitud de configuraciones y por tanto de edificaciones y usos, por ejemplo: vivienda, refugio, cabaña, cobertizo, almacén, casa de campo o playa, oficina, guardería, centro de reuniones, suite de hotel o camping, etc.",E04B1/32,
273005-2025,ES2065820A2,SISTEMA MODULAR DE CONSTRUCCION DE PARAMENTOS Y SIMILARES.,"SISTEMA MODULAR DE CONSTRUCCION DE PARAMENTOS Y SIMILARES. EL SISTEMA ESTA BASADO EN LA UTILIZACION DE PANELES ARMADOS Y ALIGERADOS, MODULABLES EN VERTICAL, LOS CUALES SE POSTENSAN Y SE HORMIGONAN SUS JUNTAS PARA CONSEGUIR UN CONJUNTO MONOLITICO. CADA PANEL (1) INCLUYE INTERNAMENTE UN AISLANTE DE POLIESTILENO EXPANDIDO (2), AFECTATO TRANSVERSALMENTE DE PAREJAS DE ORIFICIOS (5) QUE RIGIDIZAN LAS CAPAS DE HORMIGON PERIMETRAL DEL PROPIO PANEL (1). EN CORRESPONDENCIA CON LA MODULACION SE HAN PREVISTO ORIFICIOS (4), MIENTRAS QUE PERIMETRALMENTE CUENTA CON UNA ACANALADURA (3) EN MEDIA CANA. LA DISPOSICION CONTIGUA DE PANELES IGUALES (1) PERMITE OBTENER PARAMENTOS DE CUALQUIER TIPO, APOYOS DIRECTOS DE FORJADOS, MUROS DE CONTENCION, ETC. Y SU UNION SE REALIZA MEDIANTE VARILLAS Y RELLENO DE MORTERO UBICADOS EN LOS ALOJAMIENTOS QUE CONFORMAN LOS ENFRENTAMIENTOS DE LAS ACANALADURAS (3) Y ORIFICIOS PREVISTOS AL EFECTO LONGITUDI NALMENTE EN LOS PROPIOS PANELES (1), EFECTUANDOSE EL POSTENSADO MEDIANTE VARILLAS PASANTES POR LOS ORIFICIOS (4), QUE SE APRIETAN MEDIANTE TUERCAS EXTREMAS ROSCADAS SOBRE LOS EXTREMOS.",,
273005-2025,ES2467641A1,"Máscara para impresión y operación digital, y procedimientos de operación e impresión en un sustrato a partir de esta máscara","Máscara para impresión y operación digital, y procedimientos de operación e impresión en un sustrato a partir de esta máscara. Máscara (M) para impresión y operación digital, que comprende una malla estructural (1) porosa de soporte de material, una capa de cobertura (2), un material de máscara (3) dispuesto entre la capa estructural (1) y la capa de cobertura (2), en el que el material de máscara (M) es posicionable relativamente sobre la malla (1), de modo que constituye una máscara reconfigurable para impresión. La invención también se refiere a un procedimiento que emplea a esta máscara.",B41C1/14; B41J1/00; B41J2/01; B41M1/12; B41N1/12; B41N1/24; B41C1/147; B41F15/36; B41C1/08; B41M1/02; B41M1/04; B41M1/10; B41C1/003; B41M1/125; B41F15/0809,
273005-2025,ES2134683A1,"SISTEMAS, FIJACIONES, PANELES Y ESTRUCTURA PERFECCIONADAS, PARA VIVIENDAS PREFABRICADAS, TIPO ""IGLOO"".","Sistemas, fijaciones, paneles y estructura perfeccionadas, para viviendas prefabricadas, tipo ""Igloo''. Se trata de una construcción modular e industrializadas de viviendas prefabricadas, tipo Igloo. Mediante la utilización de los sistemas y paneles descritos en el título de la invención. La esencia es hacer factible la construcción de la vivienda, en cualquier lugar, por cualquier persona, -manumontándola- (es decir: sin necesidad de medios mecánicos como grúas, etc.) de una vivienda prefabricada compuesta por paneles perfeccionados, que incorporan: cerramiento, estructura y aislamiento en cada Unidad de panel, y que éstos pueden estar formados por triángulos u otros polígonos, inscritos en semiesferas, parábolas o cualquier cuerpo de revolución similar. Además de las figuras mostradas en los dibujos, existen un gran número de alternativas o variantes, que salvo por la participación de diferentes polígonos elementales en la formación de la semiesfera, es resto de características y filosofíade construcción, son las mismas.",,
273005-2025,ES2641296A1,"PROCEDIMIENTO, SISTEMA DE CONTROL, NODO DE TRANSDUCTORES, Y PRODUCTO DE PROGRAMA INFORMÁTICO PARA HACER, QUE UNOS O MÁS TRANSDUCTORES COMRENDIDOS EN EL NODO SEAN ACCESIBLES A UNA RED DE TRANSDUCTORES A TRAVÉS DE NODOS DE TRANSDUCTORES INTELIGENTES","Procedimiento, sistema de control, nodo de transductores y producto de programa informático para hacer, por parte de un nodo de transductores y/o por parte de un sistema de control, que unos o más transductores comprendidos en el nodo sean accesibles a una red de transductores cuando el nodo está conectado a la red de transductores. La presente invención se refiere a procedimientos para hacer accesible uno o más transductores de forma automática a una red de transductores, a través de nodos de transductores inteligentes que comprenden al menos uno de los citados transductores; la invención también se refiere a la red de transductores que comprende un sistema de control y al menos un nodo de transductores, configurados para ejecutar los citados procedimientos; de acuerdo con la invención también se definen unos productos de programa informático para llevar a cabo dichos procedimientos.",H04W48/16; H04W84/18; H04L67/125,
273005-2025,ES2374467A1,PROCESO CONSTRUCTIVO DE VIVIENDAS O EDIFICACIONES MODULARES CON PANELES PREFABRICADOS.,"La invención hace referencia a un proceso constructivo de viviendas o edificaciones modulares con paneles prefabricados de hormigón reforzados con fibra de vidrio aplicables para cerramiento externo o paredes de fachada y paredes de chapa tipo sándwich para cerramiento interno o paredes interiores. Estos combinan con estructuras metálicas para formar los cerramientos. Presenta la particularidad de contar con un sistema de anclaje de los paneles entre sí, a la losa de cimentación y a la cubierta. Todo el montaje del sistema se puede realizar en taller, planta de producción o instalación industrial ya que se realiza en seco con un montaje entre uniones mediante tornillería. La vivienda se puede montar dividida en diferentes partes y posteriormente elevarla y trasportarla.",E04B1/34321,
273005-2025,ES2424917A2,Sistema de aplicación de productos fitosanitarios adaptable,"Sistema de aplicación de productos fitosanitarios adaptable, que comprende al menos un primer dispositivo (1) de acercamiento horizontal, al menos un segundo dispositivo (2) de sujeción de las boquillas (5) de pulverización con al menos dos tramos (2.1, 2.2) basculantes entre sí para adaptarse a la forma del elemento a pulverizar y, al menos un tercer dispositivo (3) de aplicación del producto. El al menos un tercer dispositivo (3) puede estar formado por un mecanismo de pulverización hidroneumático que comprende un sistema de propulsión de aire (7) sobre una estructura soporte (4) y, al menos una conducción principal (8) conectada por un primer extremo (8.1) al sistema de propulsión de aire (7) y por un segundo extremo (8.2) a un elemento distribuidor (9) y una serie de conducciones secundarias (10) conectadas cada una de ellas por un primer extremo (10.1) al elemento distribuidor (9) y por un segundo extremo (10.2) a una boquilla (5) de pulverización.",A01M7/00; A01B73/06; A01C23/04,
273005-2025,ES2037587A2,INSTALACION DE CAPTACION Y TRATAMIENTO DE LAS LECTURAS DE LOS CONTADORES DE REDES DE DISTRIBUCION DE FLUIDOS.,"INSTALACION DE CAPTACION Y TRATAMIENTO DE LAS LECTURAS DE LOS CONTADORES DE REDES DE DISTRIBUCION DE FLUIDOS. PARTIENDO DE UNA INSTALACION CON CONTADORES DE CONSUMO DE FLUIDO CON UN CAPTADOR, CONECTADOS PERMANENTEMENTE CON CONCENTRADORES PRIMARIOS A LOS QUE TRANSMITEN IMPULSOS DE LECTURA, SE HACE QUE DICHA INSTALACION COMPRENDA ADEMAS CONCENTRADORES SECUNDARIOS Y CONCENTRADORES TERCIARIOS, QUE CADA CONCENTRADOR PRIMARIO ESTE CONECTADO PERMANENTEMENTE CON UNO DE LOS CONCENTRADORES SECUNDARIOS Y TENGA MEDIOS PARA TRANSMITIRLE IMPULSOS DE LECTURA Y PARA RECIBIR IMPULSOS DE CONTROL PROCEDENTES DE DICHO CONCENTRADOR SECUNDARIO, Y QUE CADA CONCENTRADOR SECUNDARIO ESTE CONECTADO CON EL CONCENTRADOR TERCIARIO O CON UNO DE LOS CONCENTRADORES TERCIARIOS Y TENGA MEDIOS PARA TRANSMITIRLE IMPULSOS Y PARA RECIBIR IMPULSOS DE CONTROL PROCEDENTES DE DICHO CONCENTRADOR TERCIARIO. LA INVENCION SE APLICA A REDES DE FLUIDOS PARA CENTRALIZAR SU CONTROL.",,
273005-2025,ES2303457A1,SISTEMA CONSTRUCTIVO.,"Sistema constructivo que tiene un módulo de vivienda, módulo de cubierta, módulo de terraza, módulo de fachada, edificación y útil de elevación para constituir una edificación a partir de los módulos. El módulo de vivienda (3) tiene una solera (31), un techo (34T) y pilares entre la solera (31) y el techo (34T). Los pilares tienen embebida una pieza polivalente (32) que sirve para apilar un módulo sobre otro. El módulo de cubierta corona la edificación, mientras que el módulo de terraza (359) y el módulo de fachada (310) pueden ser colocados en zonas periféricas de la edificación. El útil de elevación sirve para transportar y colocar el módulo de vivienda (3) en la ubicación deseada para completar una edificación.",B66C1/666; E04B1/343; E04B1/348; E04G21/142; E04B1/34823,
410719-2024,ES2923946A1,CARTÓN-TIERRA,"Cartón-tierra. Plancha de 1,5 cm de espesor compuesta por tres capas que se coloca directamente sobre la superficie a cultivar. Dirigido a usuarios con capacidades reducidas para solucionar problemas muy habituales de la horticultura, ahorrándoles trabajos y recursos, y aumentando seguridad y satisfacción. Innovaciones: 1. El cartón de la capa superior y el papel de la inferior, reciclados y compostables, van impregnados en purín de ortigas. 2. La capa superior lleva indicados mediante impresión los marcos de plantación, puntos de aireación, y de riego. 3. Composición de la capa intermedia. {IMAGEN} El usuario logra con menos esfuerzo un suelo fértil y equilibrado, protegido de hierbas adventicias e insolación gracias a este material seco, ligero, seguro, fácil de transportar y manejar, recortable y adaptable a cualquier forma del terreno, mesa de cultivo o maceta.",A01C1/04,
410719-2024,ES2246100A1,"HABITACION MODULAR PREFABRICADA, PARTICULARMENTE UN CUARTO DE ASEO O DE BAÑO.","Habitación modular prefabricada, particularmente un cuarto de aseo o de baño. Habitación modular prefabricada para la construcción, particularmente un cuarto de baño o de aseo, adaptada para ser instalada en edificios en construcción, provista de los aparatos sanitarios y de las instalaciones necesarias para suministrar y distribuir el agua sanitaria a dichos aparatos sanitarios, así como para evacuar las aguas grises y los residuos que provienen de dichos aparatos sanitarios, provista además de conexiones exteriores a la red de suministro eléctrico de la instalación, constituida por elementos construidos separadamente y unidos entre sí de forma sólida y estanca, constituyendo las paredes, el techo y el piso; adaptada para ser transportada y asentada sobre un forjado de la obra sin sufrir deformaciones; provista de unos elementos de regulación de la altura del piso respecto del forjado sobre el que se asienta; y estando dotado el piso de la habitación modular de un colector único para la evacuación exterior de las aguas grises y los residuos de los aparatos sanitarios instalados en la habitación modular.",A47K4/00; E03C1/01; E04B1/34869,
410719-2024,ES2537651A1,Sistema modular estandarizado para la construcción de centros sanitarios u hospitalarios,"La invención prevé la distribución de los distintos espacios del hospital de acuerdo con una serie de módulos de idéntica anchura que se disponen paralelamente entre dos pasillos, un pasillo de circulación técnica (PT) y un pasillo de circulación pública (PP), de modo que entre dichos dos pasillos se establecen los comentados módulos (M1-M2-M3) para zonas técnicas, mixtas y públicas, definiéndose tres zonas perfectamente diferenciadas y cuyo flujo de usuarios se ve optimizado. Los módulos se dividen longitudinalmente en sub-módulos con unas dimensiones preestablecidas de manera que las estancias destinadas a implantarse en su seno son proporcionales a dichas medidas, permitiendo múltiples distribuciones ajustándose a dichas medidas. Para ampliar el hospital solo es preciso alargar los comentados pasillos y añadir los módulos que sean necesarios, siendo fácilmente redistribuibles los módulos ya existentes si es necesario debido a su naturaleza modular.",E04H3/08; E04H1/005,
410719-2024,ES2156707A1,DISPOSITIVO AUTONOMO DE PRODUCCION DE AGUA CON ENERGIA SOLAR.,"Dispositivo autónomo de producción de agua con energía solar. Consiste en un equipo capaz de producir agua a partir del aire atmosférico, de cuya humedad natural se extraerá el agua, por el principio del punto de rocío, de una forma completamente autónoma, es decir sin aporte de ningún tipo de materia prima ni de energía, tomandose esta del sol, y que de forma automática puede regularse tanto en su funcionamiento como en el suministro del agua producida. Consta de un módulo solar (1) que proporciona energía para el funcionamiento del módulo frigorífico (2) que enfría unos paneles donde el aire ambiente condensa la humedad natural, siendo forzado a pasar por el Módulo Convector (4). El agua condensada se recoge, trata y almacena en el módulo hidráulico (3). Un Módulo de Control (5) contiene un autómata programable que gobierna el proceso, así como la instrumentación. Usos: Riego por goteo y otros.",,
410719-2024,ES2371621A1,FOTORREACTOR TUBULAR PARA FOTOCATALIZADORES SOPORTADOS.,"Fotorreactor que comprende un cilindro externo, unidades de fotocatalizador situadas en el interior y al menos dos estructuras de sujeción con forma de polígono estrellado, de manera que los vértices exteriores del polígono están en contacto con la cara interna del cilindro externo y las unidades de catalizador están sujetas a dos aristas de dos estructuras contiguas. Esta nueva estructura permite el uso de unidades de fotocatalizador de forma sencilla dispuestas en módulos versátiles en la forma, longitud de los mismos, posición y fáciles de ensamblar, irradiar y sustituir.",B01J19/12; B01J19/32; B01J21/14; B01J35/39; B01D53/885; B01J19/122; B01J19/325; B01J21/063; B01D2255/92; B01D53/8612; B01D2255/802; B01D2255/2047; B01J2219/0892; B01J2219/3306; B01D2255/20707; B01J2219/32275; B01J2219/32282; B01J2219/32408; B01J2219/32466; B01J2219/32483,
410719-2024,ES2532132A1,Sistema vestible para interacción con entornos remotos mediante información gestual y sensaciones táctiles y procedimiento de uso,"Sistema vestible para interacción con entornos remotos mediante información gestual y sensaciones táctiles y procedimiento de uso. La presente invención consiste en un sistema vestible (1) que interactúa con un sistema remoto (2) intercambiando información gestual y sensaciones táctiles. El sistema vestible (1) envía información gestual que aporta un usuario humano (3) a través de un traje háptico de captura de movimiento (4) y guantes hápticos de datos (5). El sistema remoto (2) es estimulado por la información gestual recibida y envía al sistema vestible (1) sensaciones táctiles relacionadas a la reacción ante dichos estímulos. El sistema vestible (1) puede utilizarse para tareas de operación remota de máquinas (9) como manipuladores, vehículos autónomos o simuladores de realidad virtual (10). También puede aplicarse en el análisis de procedimientos de rehabilitación. Adicionalmente, dos o más sistemas vestibles (1) pueden utilizarse para complementar la interacción social a distancia entre dos o más usuarios humanos (3).",A61B5/103,
410719-2024,ES2742923A1,Equipo de fotocatálisis para la eliminación de compuestos orgánicos volátiles y agentes biológicos,"Es un equipo de purificación de aire autónomo de protección colectiva con una maya específica y única de dióxido de titanio (TiO 2 ) y lámpara de luz ultravioleta de baja intensidad (UVb) no generadora de ozono, como medio de eliminación de compuestos orgánicos volátiles y agentes biológicos que proporciona una desinfección de la zona donde está instalado, eliminando cualquier patógeno o compuestos orgánico volátil al 99,9%, incluso las partículas inferiores a 0,3 micrones sin necesidad de filtros. Para conseguir esto, la malla de dióxido de titanio formado por nano celdas interacciona con la luz que emite las lámparas de luz ultravioleta generando una reacción catalítica entre la luz UV y el dióxido de titanio (4) produce radicales de hidróxilo e iones super-óxido que ""oxidan"" la masa celular de los organismos existentes en el aire, alérgenos y contaminantes orgánicos, eliminándolos como agentes nocivos para la salud y quedando como residuo inocuo para la salud, vapor de agua (H 2 O) y dióxido de carbono (CO 2 ). De esta forma se evita que el personal esté en una área contaminada, garantizando un aire libre de impurezas sin emitir ningún agente nocivo para salud como residuo resultante.",F24F3/16; B01D53/86; Y02A50/20,
410719-2024,ES2914350A1,DISPOSITIVO Y PROCESO PARA PRODUCIR CARBONATO DE DIMETILO,"La presente solicitud se refiere a un aparato y proceso para producir carbonato de dimetilo, en particular un sistema (aparato o proceso) para la síntesis de DMC sin la necesidad de usar un agente deshidratante. Más particularmente, la mezcla de alimentación para el proceso puede seleccionarse de las siguientes opciones: a) monóxido de carbono, metanol y gas no convertido del proceso, b) gas de síntesis sin CO 2 y gas no convertido del proceso, c) gas de síntesis con CO 2 y gas de síntesis agregado proveniente de gas no convertido purificado del proceso. El proceso usa un agrupamiento de catalizadores que comprende una combinación específica de diferentes grupos de catalizadores heterogéneos en donde cada grupo tiene una función diferente. Además, la invención se refiere a un aparato que comprende una combinación específica de catalizadores heterogéneos para aplicar diferentes vías para producir carbonato de dimetilo según cada opción de mezcla de alimentación de manera continua.",C07C68/04; C07C29/1518,
410719-2024,ES2257162A1,SISTEMA DE RIEGO EN VIVIENDAS POR CONDENSACION MEDIANTE EFECTO PELTIER.,"Sistema de riego en viviendas por condensación mediante efecto Peltier. Se aprovecha el agua que se produce por la condensación de la propia humedad del aire, al pasar por una superficie fría. Esta superficie fría se consigue mediante un módulo eléctrico de efecto Peltier (4). El aire ambiente es forzado, mediante un ventilador (3), a pasar a través de las aletas de un intercambiador y que al enfriarse, cede su carga de agua. Esta agua cae a un depósito (6) situado en la parte inferior del aparato a través de un plano inclinado (8), cuyos componentes sujeta el chasis (2). Este aparato se coloca en un punto elevado de la vivienda y por diferencia de alturas, el agua se distribuye por unos conductos hasta llegar a los goteros que riegan las plantas. Es un sistema automático y está especialmente indicado para regar las plantas en períodos de ausencia.",A01G25/00; A01G27/00; F25B21/02,
410719-2024,ES2438447A1,Sistema de recuperación del agua de riego,"Los sistemas de riego para cultivos de plantas que exigen un elevado volumen de agua especialmente campos de golf, presentan una fuerte oposición por parte de los municipios en los que se pretende instalar, cuando en los mismos el agua no es abundante, para ello la invención comprende un sistema de recuperación del agua de riego que se decanta después de pasar por unas capas de tierra, filtrado y drenaje a una zanja situada a un nivel inferior a la capa de drenaje, la capa de tierra recibe agua, abono y nutrientes y a la vez que se oxigena todo ello mediante los conductos adecuados, provistos de los orificios adecuados gobernando el sistema una central eléctrica.",A01F25/16; A01G25/02; A01G25/06; E01C13/083,
410719-2024,ES2808969A1,SISTEMA DE PERFUSIÓN DE FÁRMACOS EN LAZO CERRADO CON CONTROL SINÉRGICO,"Sistema de perfusión de fármacos en lazo cerrado con control sinérgico. El objetivo de la invención es realizar un sistema de cálculo automático de perfusión de fármacos aplicable a un paciente para, por ejemplo, inducir un estado anestésico satisfactorio en una intervención quirúrgica. El sistema de cálculo automático estaría condicionado por unos valores objetivo de monitores fisiológicos para evaluar el estado del paciente. La perfusión automática consigue aumentar la seguridad del paciente reduciendo la morbididad y mortalidad postintervención y reducir la continua toma de decisiones del especialista. La invención es un sistema electrónico donde se implementa un controlador MIMO-PID que calcula las perfusiones de varios fármacos en base a un error de control definido por desviaciones del estado del paciente, analizado por varios monitores. Las perfusiones automáticas de fármacos están condicionadas por sistemas de seguridad frente a eventos de infra/sobre-infusión y están complementadas con sistemas de corrección y de prealimentación.",A61B5/00; G16H20/17; G16H40/60; A61B5/1106; A61B5/4821; A61B5/4839; A61M5/1408; A61M5/1723; A61M5/16827; A61M2205/50; A61M2005/14208,
410719-2024,ES2374467A1,PROCESO CONSTRUCTIVO DE VIVIENDAS O EDIFICACIONES MODULARES CON PANELES PREFABRICADOS.,"La invención hace referencia a un proceso constructivo de viviendas o edificaciones modulares con paneles prefabricados de hormigón reforzados con fibra de vidrio aplicables para cerramiento externo o paredes de fachada y paredes de chapa tipo sándwich para cerramiento interno o paredes interiores. Estos combinan con estructuras metálicas para formar los cerramientos. Presenta la particularidad de contar con un sistema de anclaje de los paneles entre sí, a la losa de cimentación y a la cubierta. Todo el montaje del sistema se puede realizar en taller, planta de producción o instalación industrial ya que se realiza en seco con un montaje entre uniones mediante tornillería. La vivienda se puede montar dividida en diferentes partes y posteriormente elevarla y trasportarla.",E04B1/34321,
410719-2024,ES2065820A2,SISTEMA MODULAR DE CONSTRUCCION DE PARAMENTOS Y SIMILARES.,"SISTEMA MODULAR DE CONSTRUCCION DE PARAMENTOS Y SIMILARES. EL SISTEMA ESTA BASADO EN LA UTILIZACION DE PANELES ARMADOS Y ALIGERADOS, MODULABLES EN VERTICAL, LOS CUALES SE POSTENSAN Y SE HORMIGONAN SUS JUNTAS PARA CONSEGUIR UN CONJUNTO MONOLITICO. CADA PANEL (1) INCLUYE INTERNAMENTE UN AISLANTE DE POLIESTILENO EXPANDIDO (2), AFECTATO TRANSVERSALMENTE DE PAREJAS DE ORIFICIOS (5) QUE RIGIDIZAN LAS CAPAS DE HORMIGON PERIMETRAL DEL PROPIO PANEL (1). EN CORRESPONDENCIA CON LA MODULACION SE HAN PREVISTO ORIFICIOS (4), MIENTRAS QUE PERIMETRALMENTE CUENTA CON UNA ACANALADURA (3) EN MEDIA CANA. LA DISPOSICION CONTIGUA DE PANELES IGUALES (1) PERMITE OBTENER PARAMENTOS DE CUALQUIER TIPO, APOYOS DIRECTOS DE FORJADOS, MUROS DE CONTENCION, ETC. Y SU UNION SE REALIZA MEDIANTE VARILLAS Y RELLENO DE MORTERO UBICADOS EN LOS ALOJAMIENTOS QUE CONFORMAN LOS ENFRENTAMIENTOS DE LAS ACANALADURAS (3) Y ORIFICIOS PREVISTOS AL EFECTO LONGITUDI NALMENTE EN LOS PROPIOS PANELES (1), EFECTUANDOSE EL POSTENSADO MEDIANTE VARILLAS PASANTES POR LOS ORIFICIOS (4), QUE SE APRIETAN MEDIANTE TUERCAS EXTREMAS ROSCADAS SOBRE LOS EXTREMOS.",,
410719-2024,ES2394994A1,DISPOSITIVO DE CONDUCCIÓN ASISTIDA,"Dispositivo de conducción asistida para vehículos que constituye una interfaz hombre - máquina para facilitar la conducción de vehículos (3) propulsados por motores tales como sillas de ruedas, carros eléctricos, etc. y que básicamente comprende un sensor táctil (1) destinado a instalarse en el asa o manillar (2) del vehículo y medios para el procesado y acondicionamiento de la información que proporciona el sensor (1) de forma que las intenciones del usuario se transformen en instrucciones al sistema motor del vehículo.",G05G1/02; G05G1/52; B60L2200/34,
410719-2024,ES2116215A1,"ELECTROSONDA PARA MEDIR EL CONTENIDO DE HUMEDAD DEL SUELO Y LA COMPACTACION DEL MISMO, METODO DE MEDIDA CORRESPONDIENTE Y UTILIZACION DE DICHA ELECTROSONDA.","ELECTROSONDA PARA MEDIR EL CONTENIDO DE HUMEDAD DEL SUELO Y LA COMPACTACION DEL MISMO, METODO DE MEDIDA CORRESPONDIENTE Y UTILIZACION DE DICHA ELECTROSONDA. SE PROPORCIONA UNA SONDA PARA MEDIR POR MEDIO DE UN GEORESISTIMETRO LA RESISTIVIDAD ELECTRICA DEL SUELO EN SENTIDO VERTICAL. LA SONDA PREVISTA EN FORMA DE PICA TIENE PAREJAS DE ELECTRODOS EMISORES (5A-5A) Y RECEPTORES (5B-5B) MONTADOS AL REDEDOR DE UN TUBO (2) PARA GENERAR UNA SEÑAL ELECTRICA DE EXCITACION Y RECIBIR UNA SEÑAL ELECTRICA DE RETORNO QUE ES FUNCION DEL GRADO DE HUMEDAD DEL SUELO Y DE LA COMPACTACION DEL MISMO. LA ELECTROSONDA, ADEMAS DE SERVIR PARA REALIZAR PLANIMETRIAS DE LOS GRADOS DE HUMEDAD DEL SUELO Y DE SU COMPACTACION POR LAS ACCIONES DE LABOREO SEL MISMO, PUEDE UTILIZARSE PARA GENERAR UNA SEÑAL DE CONTROL, PARA GOBIERNO AUTOMATICO DE UNA INSTALACION DE RIEGO.",,
410719-2024,ES2756998A1,DISPOSITIVO LUMINOSO DE EMERGENCIAS ESCAMOTEABLE,"Es un dispositivo de señalización de peligro destinado a la seguridad vial, con dos columnas luminosas cilíndricas abatibles que enmarcan un triángulo de señalización de peligro autodesplegable, todo ello alojado en un espacio específico habilitado al efecto que permite su ocultación plegado en la misma carrocería de un vehículo. Activándose de forma automática en caso de accidente o por decisión voluntaria del usuario. Tras su uso posibilita el rearme de manera sencilla para siguientes usos.",B60Q1/52,
410719-2024,ES2307355A1,GENERADOR DE AGUA POTABLE POR CONDENSACION DEL VAPOR DEL AIRE.,"Generador de agua por condensación del vapor del aire. Se trata de la obtención de agua potable por condensación del vapor de agua del aire mediante el apoyo de una instalación frigorífica. La particularidad de nuestro sistema es que no necesita agua de otras fuentes, pues ella misma la obtiene de la humedad del aire. El aire después de ser filtrado, es enfriado con el aire de retorno ya tratado. Posteriormente es enfriado por debajo del punto de rocío con lo que el vapor de agua empezará a condensar. Obteniendo agua potable semejante a la de lluvia, el aire deshidratado sigue la evolución y se empleará para enfriar el aire entrante y al líquido frigorígeno, con lo que aumentaremos sensiblemente el rendimiento del generador.",B01D5/00; E03B3/28; Y02A20/00; Y02A20/152,
410719-2024,ES2365371A1,FOTORREACTOR PARA TRATAMIENTO DE AGUAS CONTAMINADAS.,"Un fotorreactor para tratamiento de aguas contaminadas que comprende un depósito (15) que a su vez comprende: un volumen de agua contaminada (14); un conducto de entrada (18) y otro de salida (19); al menos un elemento difusor de aire (16) situado en el fondo del depósito (15); al menos un módulo (112, 212) situado en el interior del depósito (15), que comprende unas estructuras (13, 23, 33, 43) que a su vez soportan a una pluralidad de elementos radiantes de luz (11, 21, 31, 41) en contacto con dicho volumen de agua contaminada (14), donde dichos elementos radiantes de luz (11, 21, 31, 41) están recubiertos de un catalizador configurado para activarse al impactar con el mismo la radiación luminosa radiada por dichos elementos radiantes de luz (11, 21, 31, 41). Los elementos radiantes de luz (11, 21, 31, 41) están dispuestos en planos paralelos horizontales con respecto a la línea de agua, y dicho al menos un elemento difusor de aire (16) está configurado para introducir burbujas de aire en dirección perpendicular a dichos planos horizontales, de forma que dichas burbujas de aire deben hacer un recorrido laberíntico al pasar entre los elementos radiantes de luz (11, 21, 31, 41), generando así turbulencia en dicho volumen de agua contaminada (14) y favoreciendo el contacto entre contaminante y catalizador.",B01J19/12; C02F1/325; C02F1/725; C02F1/74; C02F2305/10; C02F2201/322; C02F2301/024; C02F2201/3227,
410719-2024,ES2037587A2,INSTALACION DE CAPTACION Y TRATAMIENTO DE LAS LECTURAS DE LOS CONTADORES DE REDES DE DISTRIBUCION DE FLUIDOS.,"INSTALACION DE CAPTACION Y TRATAMIENTO DE LAS LECTURAS DE LOS CONTADORES DE REDES DE DISTRIBUCION DE FLUIDOS. PARTIENDO DE UNA INSTALACION CON CONTADORES DE CONSUMO DE FLUIDO CON UN CAPTADOR, CONECTADOS PERMANENTEMENTE CON CONCENTRADORES PRIMARIOS A LOS QUE TRANSMITEN IMPULSOS DE LECTURA, SE HACE QUE DICHA INSTALACION COMPRENDA ADEMAS CONCENTRADORES SECUNDARIOS Y CONCENTRADORES TERCIARIOS, QUE CADA CONCENTRADOR PRIMARIO ESTE CONECTADO PERMANENTEMENTE CON UNO DE LOS CONCENTRADORES SECUNDARIOS Y TENGA MEDIOS PARA TRANSMITIRLE IMPULSOS DE LECTURA Y PARA RECIBIR IMPULSOS DE CONTROL PROCEDENTES DE DICHO CONCENTRADOR SECUNDARIO, Y QUE CADA CONCENTRADOR SECUNDARIO ESTE CONECTADO CON EL CONCENTRADOR TERCIARIO O CON UNO DE LOS CONCENTRADORES TERCIARIOS Y TENGA MEDIOS PARA TRANSMITIRLE IMPULSOS Y PARA RECIBIR IMPULSOS DE CONTROL PROCEDENTES DE DICHO CONCENTRADOR TERCIARIO. LA INVENCION SE APLICA A REDES DE FLUIDOS PARA CENTRALIZAR SU CONTROL.",,
410719-2024,ES2134683A1,"SISTEMAS, FIJACIONES, PANELES Y ESTRUCTURA PERFECCIONADAS, PARA VIVIENDAS PREFABRICADAS, TIPO ""IGLOO"".","Sistemas, fijaciones, paneles y estructura perfeccionadas, para viviendas prefabricadas, tipo ""Igloo''. Se trata de una construcción modular e industrializadas de viviendas prefabricadas, tipo Igloo. Mediante la utilización de los sistemas y paneles descritos en el título de la invención. La esencia es hacer factible la construcción de la vivienda, en cualquier lugar, por cualquier persona, -manumontándola- (es decir: sin necesidad de medios mecánicos como grúas, etc.) de una vivienda prefabricada compuesta por paneles perfeccionados, que incorporan: cerramiento, estructura y aislamiento en cada Unidad de panel, y que éstos pueden estar formados por triángulos u otros polígonos, inscritos en semiesferas, parábolas o cualquier cuerpo de revolución similar. Además de las figuras mostradas en los dibujos, existen un gran número de alternativas o variantes, que salvo por la participación de diferentes polígonos elementales en la formación de la semiesfera, es resto de características y filosofíade construcción, son las mismas.",,
588217-2024,ES2935742A1,"RECUBRIMIENTO HÍBRIDO BASADO EN UNA MEZCLA DE MATERIAL COMPUESTO ADHESIVO, PARA APLICACIÓN EN SUPERFICIES DE ELEMENTOS IMPLANTABLES","Recubrimiento híbrido basado en una mezcla de material compuesto adhesivo, para aplicación en superficies de elementos implantables. El recubrimiento híbrido adhesivo/sol-gel es un material compuesto con características biocompatibles y osteoinductor desde las primeras 24 horas de su aplicación en superficies implantables o como relleno óseo independiente, este último, se muestra como material que se solidifica en menos de 3 horas y, al presentar mesoporos en todo su volumen, acepta la infiltración de sangre del paciente que se interviene quirúrgicamente.",A61L27/28; A61L27/00,
588217-2024,ES2365371A1,FOTORREACTOR PARA TRATAMIENTO DE AGUAS CONTAMINADAS.,"Un fotorreactor para tratamiento de aguas contaminadas que comprende un depósito (15) que a su vez comprende: un volumen de agua contaminada (14); un conducto de entrada (18) y otro de salida (19); al menos un elemento difusor de aire (16) situado en el fondo del depósito (15); al menos un módulo (112, 212) situado en el interior del depósito (15), que comprende unas estructuras (13, 23, 33, 43) que a su vez soportan a una pluralidad de elementos radiantes de luz (11, 21, 31, 41) en contacto con dicho volumen de agua contaminada (14), donde dichos elementos radiantes de luz (11, 21, 31, 41) están recubiertos de un catalizador configurado para activarse al impactar con el mismo la radiación luminosa radiada por dichos elementos radiantes de luz (11, 21, 31, 41). Los elementos radiantes de luz (11, 21, 31, 41) están dispuestos en planos paralelos horizontales con respecto a la línea de agua, y dicho al menos un elemento difusor de aire (16) está configurado para introducir burbujas de aire en dirección perpendicular a dichos planos horizontales, de forma que dichas burbujas de aire deben hacer un recorrido laberíntico al pasar entre los elementos radiantes de luz (11, 21, 31, 41), generando así turbulencia en dicho volumen de agua contaminada (14) y favoreciendo el contacto entre contaminante y catalizador.",B01J19/12; C02F1/325; C02F1/725; C02F1/74; C02F2305/10; C02F2201/322; C02F2301/024; C02F2201/3227,
588217-2024,ES2756998A1,DISPOSITIVO LUMINOSO DE EMERGENCIAS ESCAMOTEABLE,"Es un dispositivo de señalización de peligro destinado a la seguridad vial, con dos columnas luminosas cilíndricas abatibles que enmarcan un triángulo de señalización de peligro autodesplegable, todo ello alojado en un espacio específico habilitado al efecto que permite su ocultación plegado en la misma carrocería de un vehículo. Activándose de forma automática en caso de accidente o por decisión voluntaria del usuario. Tras su uso posibilita el rearme de manera sencilla para siguientes usos.",B60Q1/52,
588217-2024,ES2307355A1,GENERADOR DE AGUA POTABLE POR CONDENSACION DEL VAPOR DEL AIRE.,"Generador de agua por condensación del vapor del aire. Se trata de la obtención de agua potable por condensación del vapor de agua del aire mediante el apoyo de una instalación frigorífica. La particularidad de nuestro sistema es que no necesita agua de otras fuentes, pues ella misma la obtiene de la humedad del aire. El aire después de ser filtrado, es enfriado con el aire de retorno ya tratado. Posteriormente es enfriado por debajo del punto de rocío con lo que el vapor de agua empezará a condensar. Obteniendo agua potable semejante a la de lluvia, el aire deshidratado sigue la evolución y se empleará para enfriar el aire entrante y al líquido frigorígeno, con lo que aumentaremos sensiblemente el rendimiento del generador.",B01D5/00; E03B3/28; Y02A20/00; Y02A20/152,
588217-2024,ES2545931A1,"Composición anticorrosiva aditiva para productos descongelantes y anticongelantes, producto que lo comprende y método de preparación de los mismos","Composición anticorrosiva aditiva para productos descongelantes y anticongelantes, producto que lo comprende y método de preparación de los mismos. Se describe una composición anticorrosiva aditiva para productos que eliminan y/o reducen el hielo y/o la nieve en una superficie u objeto o previenen su formación y/o acumulación sobre los mismos, caracterizado porque comprende al menos: hidratos de carbono, en un porcentaje comprendido entre 5% y 22% en peso del total de composición; Nitrógeno en forma de catión amonio, en un porcentaje comprendido entre 1% y 2% en peso del total de composición; y agua en cantidad suficiente para completar la formulación además de proteínas y sales minerales. La fuente de hidratos de carbono es preferiblemente melaza industrial procedente de la industria azucarera. Se define también el producto anticongelante y descongelante aditivado con la composición anterior, que comprende sales de ión cloruro en una cantidad comprendida entre 20%-23%, la composición aditiva en una cantidad entre 10%-44% y agua, así como el uso de dicha composición para aditivar estas composiciones.",C09K3/18,
588217-2024,ES2742923A1,Equipo de fotocatálisis para la eliminación de compuestos orgánicos volátiles y agentes biológicos,"Es un equipo de purificación de aire autónomo de protección colectiva con una maya específica y única de dióxido de titanio (TiO 2 ) y lámpara de luz ultravioleta de baja intensidad (UVb) no generadora de ozono, como medio de eliminación de compuestos orgánicos volátiles y agentes biológicos que proporciona una desinfección de la zona donde está instalado, eliminando cualquier patógeno o compuestos orgánico volátil al 99,9%, incluso las partículas inferiores a 0,3 micrones sin necesidad de filtros. Para conseguir esto, la malla de dióxido de titanio formado por nano celdas interacciona con la luz que emite las lámparas de luz ultravioleta generando una reacción catalítica entre la luz UV y el dióxido de titanio (4) produce radicales de hidróxilo e iones super-óxido que ""oxidan"" la masa celular de los organismos existentes en el aire, alérgenos y contaminantes orgánicos, eliminándolos como agentes nocivos para la salud y quedando como residuo inocuo para la salud, vapor de agua (H 2 O) y dióxido de carbono (CO 2 ). De esta forma se evita que el personal esté en una área contaminada, garantizando un aire libre de impurezas sin emitir ningún agente nocivo para salud como residuo resultante.",F24F3/16; B01D53/86; Y02A50/20,
588217-2024,ES2808969A1,SISTEMA DE PERFUSIÓN DE FÁRMACOS EN LAZO CERRADO CON CONTROL SINÉRGICO,"Sistema de perfusión de fármacos en lazo cerrado con control sinérgico. El objetivo de la invención es realizar un sistema de cálculo automático de perfusión de fármacos aplicable a un paciente para, por ejemplo, inducir un estado anestésico satisfactorio en una intervención quirúrgica. El sistema de cálculo automático estaría condicionado por unos valores objetivo de monitores fisiológicos para evaluar el estado del paciente. La perfusión automática consigue aumentar la seguridad del paciente reduciendo la morbididad y mortalidad postintervención y reducir la continua toma de decisiones del especialista. La invención es un sistema electrónico donde se implementa un controlador MIMO-PID que calcula las perfusiones de varios fármacos en base a un error de control definido por desviaciones del estado del paciente, analizado por varios monitores. Las perfusiones automáticas de fármacos están condicionadas por sistemas de seguridad frente a eventos de infra/sobre-infusión y están complementadas con sistemas de corrección y de prealimentación.",A61B5/00; G16H20/17; G16H40/60; A61B5/1106; A61B5/4821; A61B5/4839; A61M5/1408; A61M5/1723; A61M5/16827; A61M2205/50; A61M2005/14208,
588217-2024,ES2914350A1,DISPOSITIVO Y PROCESO PARA PRODUCIR CARBONATO DE DIMETILO,"La presente solicitud se refiere a un aparato y proceso para producir carbonato de dimetilo, en particular un sistema (aparato o proceso) para la síntesis de DMC sin la necesidad de usar un agente deshidratante. Más particularmente, la mezcla de alimentación para el proceso puede seleccionarse de las siguientes opciones: a) monóxido de carbono, metanol y gas no convertido del proceso, b) gas de síntesis sin CO 2 y gas no convertido del proceso, c) gas de síntesis con CO 2 y gas de síntesis agregado proveniente de gas no convertido purificado del proceso. El proceso usa un agrupamiento de catalizadores que comprende una combinación específica de diferentes grupos de catalizadores heterogéneos en donde cada grupo tiene una función diferente. Además, la invención se refiere a un aparato que comprende una combinación específica de catalizadores heterogéneos para aplicar diferentes vías para producir carbonato de dimetilo según cada opción de mezcla de alimentación de manera continua.",C07C68/04; C07C29/1518,
588217-2024,ES2424917A2,Sistema de aplicación de productos fitosanitarios adaptable,"Sistema de aplicación de productos fitosanitarios adaptable, que comprende al menos un primer dispositivo (1) de acercamiento horizontal, al menos un segundo dispositivo (2) de sujeción de las boquillas (5) de pulverización con al menos dos tramos (2.1, 2.2) basculantes entre sí para adaptarse a la forma del elemento a pulverizar y, al menos un tercer dispositivo (3) de aplicación del producto. El al menos un tercer dispositivo (3) puede estar formado por un mecanismo de pulverización hidroneumático que comprende un sistema de propulsión de aire (7) sobre una estructura soporte (4) y, al menos una conducción principal (8) conectada por un primer extremo (8.1) al sistema de propulsión de aire (7) y por un segundo extremo (8.2) a un elemento distribuidor (9) y una serie de conducciones secundarias (10) conectadas cada una de ellas por un primer extremo (10.1) al elemento distribuidor (9) y por un segundo extremo (10.2) a una boquilla (5) de pulverización.",A01M7/00; A01B73/06; A01C23/04,
588217-2024,ES2698701A1,SECADOR INTEGRAL DE CUERPO,"La presente invención describe un secador integral de cuerpo que incorpora un difusor (1) y una funda protectora (6) fija en un extremo superior de una columna (3) soporte, donde el difusor (1) aloja en su interior una turbina (6), una resistencia eléctrica (5) y un conducto con una tobera (2) para la salida del aire, y la columna (3) comprende un carril (4) para el deslizamiento del difusor (1), pudiendo el difusor (1) desplazarse a lo largo de la columna (3) de una forma a seleccionar entre eléctrica y manual para insuflar aire a lo largo de la longitud de la columna (3) y así proceder al secado de un usuario.",F26B3/04; A45D20/14; A47K10/48,
588217-2024,ES2912698A1,Prótesis dental,"Prótesis dental La presente invención se dirige a una prótesis dental que comprende una estructura multifásica. La estructura multifásica incluye una primera zona compuesta por una aleación de base Co y una segunda zona de composición química diferente. De esta forma se consigue una estructura multifásica con diferentes propiedades mecánicas, electroquímicas y/o biológicas entre dichas primera y segunda zonas de la estructura multifásica. La primera zona tiene forma de una o varias piezas dentales y la segunda zona está configurada como una base de apoyo para actuar como contacto con uno o varios implantes dentales. La segunda zona de la estructura multifásica posee al menos un 1% en peso de Cu.",A61L27/00; B33Y80/00; A61C13/0018,
588217-2024,ES2641296A1,"PROCEDIMIENTO, SISTEMA DE CONTROL, NODO DE TRANSDUCTORES, Y PRODUCTO DE PROGRAMA INFORMÁTICO PARA HACER, QUE UNOS O MÁS TRANSDUCTORES COMRENDIDOS EN EL NODO SEAN ACCESIBLES A UNA RED DE TRANSDUCTORES A TRAVÉS DE NODOS DE TRANSDUCTORES INTELIGENTES","Procedimiento, sistema de control, nodo de transductores y producto de programa informático para hacer, por parte de un nodo de transductores y/o por parte de un sistema de control, que unos o más transductores comprendidos en el nodo sean accesibles a una red de transductores cuando el nodo está conectado a la red de transductores. La presente invención se refiere a procedimientos para hacer accesible uno o más transductores de forma automática a una red de transductores, a través de nodos de transductores inteligentes que comprenden al menos uno de los citados transductores; la invención también se refiere a la red de transductores que comprende un sistema de control y al menos un nodo de transductores, configurados para ejecutar los citados procedimientos; de acuerdo con la invención también se definen unos productos de programa informático para llevar a cabo dichos procedimientos.",H04W48/16; H04W84/18; H04L67/125,
588217-2024,ES2065820A2,SISTEMA MODULAR DE CONSTRUCCION DE PARAMENTOS Y SIMILARES.,"SISTEMA MODULAR DE CONSTRUCCION DE PARAMENTOS Y SIMILARES. EL SISTEMA ESTA BASADO EN LA UTILIZACION DE PANELES ARMADOS Y ALIGERADOS, MODULABLES EN VERTICAL, LOS CUALES SE POSTENSAN Y SE HORMIGONAN SUS JUNTAS PARA CONSEGUIR UN CONJUNTO MONOLITICO. CADA PANEL (1) INCLUYE INTERNAMENTE UN AISLANTE DE POLIESTILENO EXPANDIDO (2), AFECTATO TRANSVERSALMENTE DE PAREJAS DE ORIFICIOS (5) QUE RIGIDIZAN LAS CAPAS DE HORMIGON PERIMETRAL DEL PROPIO PANEL (1). EN CORRESPONDENCIA CON LA MODULACION SE HAN PREVISTO ORIFICIOS (4), MIENTRAS QUE PERIMETRALMENTE CUENTA CON UNA ACANALADURA (3) EN MEDIA CANA. LA DISPOSICION CONTIGUA DE PANELES IGUALES (1) PERMITE OBTENER PARAMENTOS DE CUALQUIER TIPO, APOYOS DIRECTOS DE FORJADOS, MUROS DE CONTENCION, ETC. Y SU UNION SE REALIZA MEDIANTE VARILLAS Y RELLENO DE MORTERO UBICADOS EN LOS ALOJAMIENTOS QUE CONFORMAN LOS ENFRENTAMIENTOS DE LAS ACANALADURAS (3) Y ORIFICIOS PREVISTOS AL EFECTO LONGITUDI NALMENTE EN LOS PROPIOS PANELES (1), EFECTUANDOSE EL POSTENSADO MEDIANTE VARILLAS PASANTES POR LOS ORIFICIOS (4), QUE SE APRIETAN MEDIANTE TUERCAS EXTREMAS ROSCADAS SOBRE LOS EXTREMOS.",,
588217-2024,ES2684102A1,PROCEDIMIENTO DE EXTRACCIÓN ANTIOXIDATIVA DE ACEITE DE OLIVA CON ALTO CONTENIDO EN ANTIOXIDANTES,"Procedimiento de extracción de aceite de oliva que permite obtener un aceite con un elevado contenido en antioxidantes, evitando las pérdidas que se producen durante los procedimientos de extracción convencionales actuales, manteniendo a su vez unos parámetros organolépticos similares a los aceites de oliva virgen extra (AOVES) resultantes de dichos procedimientos de extracción convencionales. El procedimiento se diferencia del convencional principalmente en que se suprimen las fases de molienda mecánica de las aceitunas y batido de la pasta obtenida, que son aquellas en las que se producen los principales riesgos de pérdida de antioxidantes propios de la aceituna. El aceite obtenido mediante este procedimiento tiene una acidez máxima de 0.2gr/100gr, frente al máximo legal de 0.8 gr/100gr, y un elevado contenido en antioxidantes, con un mínimo de 7000 mg/kg, de los cuales 800 mg corresponden a la suma de biofenoles y tocoferoles y 6200 a escualeno.",A23D7/00; A23D7/02; C11B1/00; C11B1/04; C11B1/10; A23B20/30,
588217-2024,ES2116215A1,"ELECTROSONDA PARA MEDIR EL CONTENIDO DE HUMEDAD DEL SUELO Y LA COMPACTACION DEL MISMO, METODO DE MEDIDA CORRESPONDIENTE Y UTILIZACION DE DICHA ELECTROSONDA.","ELECTROSONDA PARA MEDIR EL CONTENIDO DE HUMEDAD DEL SUELO Y LA COMPACTACION DEL MISMO, METODO DE MEDIDA CORRESPONDIENTE Y UTILIZACION DE DICHA ELECTROSONDA. SE PROPORCIONA UNA SONDA PARA MEDIR POR MEDIO DE UN GEORESISTIMETRO LA RESISTIVIDAD ELECTRICA DEL SUELO EN SENTIDO VERTICAL. LA SONDA PREVISTA EN FORMA DE PICA TIENE PAREJAS DE ELECTRODOS EMISORES (5A-5A) Y RECEPTORES (5B-5B) MONTADOS AL REDEDOR DE UN TUBO (2) PARA GENERAR UNA SEÑAL ELECTRICA DE EXCITACION Y RECIBIR UNA SEÑAL ELECTRICA DE RETORNO QUE ES FUNCION DEL GRADO DE HUMEDAD DEL SUELO Y DE LA COMPACTACION DEL MISMO. LA ELECTROSONDA, ADEMAS DE SERVIR PARA REALIZAR PLANIMETRIAS DE LOS GRADOS DE HUMEDAD DEL SUELO Y DE SU COMPACTACION POR LAS ACCIONES DE LABOREO SEL MISMO, PUEDE UTILIZARSE PARA GENERAR UNA SEÑAL DE CONTROL, PARA GOBIERNO AUTOMATICO DE UNA INSTALACION DE RIEGO.",,
588217-2024,ES2856935A1,FOTOCATALIZADORES DE RUTENIO(II) Y SÍNTESIS FOTOCATALÍTICA DE IMINAS,"Fotocatalizadores de rutenio (II) y síntesis fotocatalítica de iminas. Se describe fotocatalizadores de rutenio (II) de fórmula (M + ) n X n- , en el que X n- es un anión y M + es un complejo catiónico de fórmula (Ia):{IMAGEN} que comprenden un ligando 8-anilsulfonamidoquinolina, así como su procedimiento de obtención. También se describe el uso de dichos fotocatalizadores de rutenio(II) en la síntesis de iminas mediante fotooxidación de aminas en presencia de oxígeno y mediante la utilización de luz visible.",B01J23/70; C07C251/04; C07C251/16; C07D215/40; C07F15/0053,
588217-2024,ES2438447A1,Sistema de recuperación del agua de riego,"Los sistemas de riego para cultivos de plantas que exigen un elevado volumen de agua especialmente campos de golf, presentan una fuerte oposición por parte de los municipios en los que se pretende instalar, cuando en los mismos el agua no es abundante, para ello la invención comprende un sistema de recuperación del agua de riego que se decanta después de pasar por unas capas de tierra, filtrado y drenaje a una zanja situada a un nivel inferior a la capa de drenaje, la capa de tierra recibe agua, abono y nutrientes y a la vez que se oxigena todo ello mediante los conductos adecuados, provistos de los orificios adecuados gobernando el sistema una central eléctrica.",A01F25/16; A01G25/02; A01G25/06; E01C13/083,
588217-2024,ES2444712A1,SISTEMA TELEMÉTRICO INALÁMBRICO PARA LA MONITORIZACIÓN DE MAGNITUDES ESTÁTICAS Y DINÁMICAS.,"Se propone un sistema telemétrico inalámbrico basado en transmisión de referencia temporal para la monitorización de magnitudes estáticas y dinámicas. El sistema propuesto comprende un instrumento lector y, al menos, un transpondedor que incluye a su vez los transductores asociados a las variables objeto de observación y/o medida. Con objeto de comunicar el instrumento lector y el transpondedor, el sistema también comprende un mecanismo para la transmisión de información relativa a la frecuencia de operación interna del transpondedor hacia el instrumento lector y un método para la determinación remota de la frecuencia de operación interna del transpondedor. El instrumento lector comprende: una antena (11000), una sección de comunicación (12000), una sección de procesado de señal (13000), una sección de cómputo (14000), una unidad de temporización (15000) estable con la temperatura, una sección de interfaz de usuario (16000) y una sección de salida de datos (17000).",H04B5/77; H04Q9/00; H04W4/80; H04B5/45; H04B5/73; A61B5/0024; G01S13/758; H04Q2209/40; H04Q2209/88,
588217-2024,ES2037587A2,INSTALACION DE CAPTACION Y TRATAMIENTO DE LAS LECTURAS DE LOS CONTADORES DE REDES DE DISTRIBUCION DE FLUIDOS.,"INSTALACION DE CAPTACION Y TRATAMIENTO DE LAS LECTURAS DE LOS CONTADORES DE REDES DE DISTRIBUCION DE FLUIDOS. PARTIENDO DE UNA INSTALACION CON CONTADORES DE CONSUMO DE FLUIDO CON UN CAPTADOR, CONECTADOS PERMANENTEMENTE CON CONCENTRADORES PRIMARIOS A LOS QUE TRANSMITEN IMPULSOS DE LECTURA, SE HACE QUE DICHA INSTALACION COMPRENDA ADEMAS CONCENTRADORES SECUNDARIOS Y CONCENTRADORES TERCIARIOS, QUE CADA CONCENTRADOR PRIMARIO ESTE CONECTADO PERMANENTEMENTE CON UNO DE LOS CONCENTRADORES SECUNDARIOS Y TENGA MEDIOS PARA TRANSMITIRLE IMPULSOS DE LECTURA Y PARA RECIBIR IMPULSOS DE CONTROL PROCEDENTES DE DICHO CONCENTRADOR SECUNDARIO, Y QUE CADA CONCENTRADOR SECUNDARIO ESTE CONECTADO CON EL CONCENTRADOR TERCIARIO O CON UNO DE LOS CONCENTRADORES TERCIARIOS Y TENGA MEDIOS PARA TRANSMITIRLE IMPULSOS Y PARA RECIBIR IMPULSOS DE CONTROL PROCEDENTES DE DICHO CONCENTRADOR TERCIARIO. LA INVENCION SE APLICA A REDES DE FLUIDOS PARA CENTRALIZAR SU CONTROL.",,
588217-2024,ES2156707A1,DISPOSITIVO AUTONOMO DE PRODUCCION DE AGUA CON ENERGIA SOLAR.,"Dispositivo autónomo de producción de agua con energía solar. Consiste en un equipo capaz de producir agua a partir del aire atmosférico, de cuya humedad natural se extraerá el agua, por el principio del punto de rocío, de una forma completamente autónoma, es decir sin aporte de ningún tipo de materia prima ni de energía, tomandose esta del sol, y que de forma automática puede regularse tanto en su funcionamiento como en el suministro del agua producida. Consta de un módulo solar (1) que proporciona energía para el funcionamiento del módulo frigorífico (2) que enfría unos paneles donde el aire ambiente condensa la humedad natural, siendo forzado a pasar por el Módulo Convector (4). El agua condensada se recoge, trata y almacena en el módulo hidráulico (3). Un Módulo de Control (5) contiene un autómata programable que gobierna el proceso, así como la instrumentación. Usos: Riego por goteo y otros.",,
642378-2025,ES2923946A1,CARTÓN-TIERRA,"Cartón-tierra. Plancha de 1,5 cm de espesor compuesta por tres capas que se coloca directamente sobre la superficie a cultivar. Dirigido a usuarios con capacidades reducidas para solucionar problemas muy habituales de la horticultura, ahorrándoles trabajos y recursos, y aumentando seguridad y satisfacción. Innovaciones: 1. El cartón de la capa superior y el papel de la inferior, reciclados y compostables, van impregnados en purín de ortigas. 2. La capa superior lleva indicados mediante impresión los marcos de plantación, puntos de aireación, y de riego. 3. Composición de la capa intermedia. {IMAGEN} El usuario logra con menos esfuerzo un suelo fértil y equilibrado, protegido de hierbas adventicias e insolación gracias a este material seco, ligero, seguro, fácil de transportar y manejar, recortable y adaptable a cualquier forma del terreno, mesa de cultivo o maceta.",A01C1/04,
642378-2025,ES2246100A1,"HABITACION MODULAR PREFABRICADA, PARTICULARMENTE UN CUARTO DE ASEO O DE BAÑO.","Habitación modular prefabricada, particularmente un cuarto de aseo o de baño. Habitación modular prefabricada para la construcción, particularmente un cuarto de baño o de aseo, adaptada para ser instalada en edificios en construcción, provista de los aparatos sanitarios y de las instalaciones necesarias para suministrar y distribuir el agua sanitaria a dichos aparatos sanitarios, así como para evacuar las aguas grises y los residuos que provienen de dichos aparatos sanitarios, provista además de conexiones exteriores a la red de suministro eléctrico de la instalación, constituida por elementos construidos separadamente y unidos entre sí de forma sólida y estanca, constituyendo las paredes, el techo y el piso; adaptada para ser transportada y asentada sobre un forjado de la obra sin sufrir deformaciones; provista de unos elementos de regulación de la altura del piso respecto del forjado sobre el que se asienta; y estando dotado el piso de la habitación modular de un colector único para la evacuación exterior de las aguas grises y los residuos de los aparatos sanitarios instalados en la habitación modular.",A47K4/00; E03C1/01; E04B1/34869,
642378-2025,ES2438447A1,Sistema de recuperación del agua de riego,"Los sistemas de riego para cultivos de plantas que exigen un elevado volumen de agua especialmente campos de golf, presentan una fuerte oposición por parte de los municipios en los que se pretende instalar, cuando en los mismos el agua no es abundante, para ello la invención comprende un sistema de recuperación del agua de riego que se decanta después de pasar por unas capas de tierra, filtrado y drenaje a una zanja situada a un nivel inferior a la capa de drenaje, la capa de tierra recibe agua, abono y nutrientes y a la vez que se oxigena todo ello mediante los conductos adecuados, provistos de los orificios adecuados gobernando el sistema una central eléctrica.",A01F25/16; A01G25/02; A01G25/06; E01C13/083,
642378-2025,ES2199673A1,SISTEMA PARA LA PURIFICACION DEL AIRE EN LA ATMOSFERA INTERIOR DE EDIFICIOS.,"Sistema para la purificación del aire en la atmósfera interior de edificios. El aire del interior de edificios, contaminado con diversos compuestos volátiles o gases permanentes se pone en contacto con uno de los lados de una membrana con características de separación apropiadas. La membrana puede ser polimérica o inorgánica, y en este último caso, microporosa o mesoporosa. Al otro lado de la membrana se introduce una corriente de aire (o de otro gas) con una baja o nula concentración de contaminantes, por ejemplo aire procedente del exterior del edificio. Alternativamente, la fuerza impulsora para el transporte de los contaminantes puede ser inducida mediante vacío. Los contaminantes son así transportados selectivamente al exterior del edificio purificándose la atmósfera interior.",,
642378-2025,ES2307355A1,GENERADOR DE AGUA POTABLE POR CONDENSACION DEL VAPOR DEL AIRE.,"Generador de agua por condensación del vapor del aire. Se trata de la obtención de agua potable por condensación del vapor de agua del aire mediante el apoyo de una instalación frigorífica. La particularidad de nuestro sistema es que no necesita agua de otras fuentes, pues ella misma la obtiene de la humedad del aire. El aire después de ser filtrado, es enfriado con el aire de retorno ya tratado. Posteriormente es enfriado por debajo del punto de rocío con lo que el vapor de agua empezará a condensar. Obteniendo agua potable semejante a la de lluvia, el aire deshidratado sigue la evolución y se empleará para enfriar el aire entrante y al líquido frigorígeno, con lo que aumentaremos sensiblemente el rendimiento del generador.",B01D5/00; E03B3/28; Y02A20/00; Y02A20/152,
642378-2025,ES2424917A2,Sistema de aplicación de productos fitosanitarios adaptable,"Sistema de aplicación de productos fitosanitarios adaptable, que comprende al menos un primer dispositivo (1) de acercamiento horizontal, al menos un segundo dispositivo (2) de sujeción de las boquillas (5) de pulverización con al menos dos tramos (2.1, 2.2) basculantes entre sí para adaptarse a la forma del elemento a pulverizar y, al menos un tercer dispositivo (3) de aplicación del producto. El al menos un tercer dispositivo (3) puede estar formado por un mecanismo de pulverización hidroneumático que comprende un sistema de propulsión de aire (7) sobre una estructura soporte (4) y, al menos una conducción principal (8) conectada por un primer extremo (8.1) al sistema de propulsión de aire (7) y por un segundo extremo (8.2) a un elemento distribuidor (9) y una serie de conducciones secundarias (10) conectadas cada una de ellas por un primer extremo (10.1) al elemento distribuidor (9) y por un segundo extremo (10.2) a una boquilla (5) de pulverización.",A01M7/00; A01B73/06; A01C23/04,
642378-2025,ES2452726A1,"Sistema de edificación modular, prefabricada y desmontable","La presente invención se refiere a un sistema de edificación modular, prefabricada y desmontable, mediante el cual se realizan construcciones con formas curvas basadas en media esfera (forma de cúpula) y medio cilindro circular recto (forma de bóveda de cañón). No requiere mano de obra especializada ni medios mecánicos para su montaje, siendo un ejemplo de autoconstrucción. Se pueden conseguir multitud de configuraciones y por tanto de edificaciones y usos, por ejemplo: vivienda, refugio, cabaña, cobertizo, almacén, casa de campo o playa, oficina, guardería, centro de reuniones, suite de hotel o camping, etc.",E04B1/32,
642378-2025,ES2698701A1,SECADOR INTEGRAL DE CUERPO,"La presente invención describe un secador integral de cuerpo que incorpora un difusor (1) y una funda protectora (6) fija en un extremo superior de una columna (3) soporte, donde el difusor (1) aloja en su interior una turbina (6), una resistencia eléctrica (5) y un conducto con una tobera (2) para la salida del aire, y la columna (3) comprende un carril (4) para el deslizamiento del difusor (1), pudiendo el difusor (1) desplazarse a lo largo de la columna (3) de una forma a seleccionar entre eléctrica y manual para insuflar aire a lo largo de la longitud de la columna (3) y así proceder al secado de un usuario.",F26B3/04; A45D20/14; A47K10/48,
642378-2025,ES2253985A1,MAQUINA PARA SOTERRAR CONDUCCIONES HIDRAULICAS PARA JARDINERIA.,"Máquina para soterrar conducciones hidráulicas para jardinería, que consiste en un conjunto arrastrado por un tractor a través de un rulo pesado compactador situado en la parte posterior de un chasis longitudinal donde van montados correspondientes carretes de bobinado para tubería flexible, que al menos en número de tres vías paralelas y equidistadas, son localizadas, instaladas y soterradas, dichas tuberías, en correspondientes vías, producidos por otros tantos órganos de instalación que tienen medios de cavado y que son sucesiva y conjuntamente cerrados y compactados por el referido rulo de arrastre.",E02F5/102,
642378-2025,ES2374467A1,PROCESO CONSTRUCTIVO DE VIVIENDAS O EDIFICACIONES MODULARES CON PANELES PREFABRICADOS.,"La invención hace referencia a un proceso constructivo de viviendas o edificaciones modulares con paneles prefabricados de hormigón reforzados con fibra de vidrio aplicables para cerramiento externo o paredes de fachada y paredes de chapa tipo sándwich para cerramiento interno o paredes interiores. Estos combinan con estructuras metálicas para formar los cerramientos. Presenta la particularidad de contar con un sistema de anclaje de los paneles entre sí, a la losa de cimentación y a la cubierta. Todo el montaje del sistema se puede realizar en taller, planta de producción o instalación industrial ya que se realiza en seco con un montaje entre uniones mediante tornillería. La vivienda se puede montar dividida en diferentes partes y posteriormente elevarla y trasportarla.",E04B1/34321,
642378-2025,ES2537651A1,Sistema modular estandarizado para la construcción de centros sanitarios u hospitalarios,"La invención prevé la distribución de los distintos espacios del hospital de acuerdo con una serie de módulos de idéntica anchura que se disponen paralelamente entre dos pasillos, un pasillo de circulación técnica (PT) y un pasillo de circulación pública (PP), de modo que entre dichos dos pasillos se establecen los comentados módulos (M1-M2-M3) para zonas técnicas, mixtas y públicas, definiéndose tres zonas perfectamente diferenciadas y cuyo flujo de usuarios se ve optimizado. Los módulos se dividen longitudinalmente en sub-módulos con unas dimensiones preestablecidas de manera que las estancias destinadas a implantarse en su seno son proporcionales a dichas medidas, permitiendo múltiples distribuciones ajustándose a dichas medidas. Para ampliar el hospital solo es preciso alargar los comentados pasillos y añadir los módulos que sean necesarios, siendo fácilmente redistribuibles los módulos ya existentes si es necesario debido a su naturaleza modular.",E04H3/08; E04H1/005,
642378-2025,ES2365371A1,FOTORREACTOR PARA TRATAMIENTO DE AGUAS CONTAMINADAS.,"Un fotorreactor para tratamiento de aguas contaminadas que comprende un depósito (15) que a su vez comprende: un volumen de agua contaminada (14); un conducto de entrada (18) y otro de salida (19); al menos un elemento difusor de aire (16) situado en el fondo del depósito (15); al menos un módulo (112, 212) situado en el interior del depósito (15), que comprende unas estructuras (13, 23, 33, 43) que a su vez soportan a una pluralidad de elementos radiantes de luz (11, 21, 31, 41) en contacto con dicho volumen de agua contaminada (14), donde dichos elementos radiantes de luz (11, 21, 31, 41) están recubiertos de un catalizador configurado para activarse al impactar con el mismo la radiación luminosa radiada por dichos elementos radiantes de luz (11, 21, 31, 41). Los elementos radiantes de luz (11, 21, 31, 41) están dispuestos en planos paralelos horizontales con respecto a la línea de agua, y dicho al menos un elemento difusor de aire (16) está configurado para introducir burbujas de aire en dirección perpendicular a dichos planos horizontales, de forma que dichas burbujas de aire deben hacer un recorrido laberíntico al pasar entre los elementos radiantes de luz (11, 21, 31, 41), generando así turbulencia en dicho volumen de agua contaminada (14) y favoreciendo el contacto entre contaminante y catalizador.",B01J19/12; C02F1/325; C02F1/725; C02F1/74; C02F2305/10; C02F2201/322; C02F2301/024; C02F2201/3227,
642378-2025,ES2065820A2,SISTEMA MODULAR DE CONSTRUCCION DE PARAMENTOS Y SIMILARES.,"SISTEMA MODULAR DE CONSTRUCCION DE PARAMENTOS Y SIMILARES. EL SISTEMA ESTA BASADO EN LA UTILIZACION DE PANELES ARMADOS Y ALIGERADOS, MODULABLES EN VERTICAL, LOS CUALES SE POSTENSAN Y SE HORMIGONAN SUS JUNTAS PARA CONSEGUIR UN CONJUNTO MONOLITICO. CADA PANEL (1) INCLUYE INTERNAMENTE UN AISLANTE DE POLIESTILENO EXPANDIDO (2), AFECTATO TRANSVERSALMENTE DE PAREJAS DE ORIFICIOS (5) QUE RIGIDIZAN LAS CAPAS DE HORMIGON PERIMETRAL DEL PROPIO PANEL (1). EN CORRESPONDENCIA CON LA MODULACION SE HAN PREVISTO ORIFICIOS (4), MIENTRAS QUE PERIMETRALMENTE CUENTA CON UNA ACANALADURA (3) EN MEDIA CANA. LA DISPOSICION CONTIGUA DE PANELES IGUALES (1) PERMITE OBTENER PARAMENTOS DE CUALQUIER TIPO, APOYOS DIRECTOS DE FORJADOS, MUROS DE CONTENCION, ETC. Y SU UNION SE REALIZA MEDIANTE VARILLAS Y RELLENO DE MORTERO UBICADOS EN LOS ALOJAMIENTOS QUE CONFORMAN LOS ENFRENTAMIENTOS DE LAS ACANALADURAS (3) Y ORIFICIOS PREVISTOS AL EFECTO LONGITUDI NALMENTE EN LOS PROPIOS PANELES (1), EFECTUANDOSE EL POSTENSADO MEDIANTE VARILLAS PASANTES POR LOS ORIFICIOS (4), QUE SE APRIETAN MEDIANTE TUERCAS EXTREMAS ROSCADAS SOBRE LOS EXTREMOS.",,
642378-2025,ES2372073A1,SISTEMA DE CONSTRUCCIÓN MODULAR FLEXIBLE.,"Sistema de construcción modular flexible, en el cual se utilizan módulos (4), cada uno de los cuales comprende tres zonas funcionales paralelas, una de las cuales es una zona de pasillo (1), otra una zona de servicios (2) y la tercera una zona de espacio privado (3), formándose con dichos módulos (4) viviendas (5) consecutivas, de forma que la zona de servicios (2) determina un espacio hueco, en el cual se disponen repetidamente, en correspondencia con cada módulo (4), elementos de las instalaciones de servicios, los cuales se establecen en conexión con respectivas acometidas generales de suministro de los servicios a la construcción.",E04H1/04; E04B1/348; E04H1/005; E04B1/34815,
642378-2025,ES2116215A1,"ELECTROSONDA PARA MEDIR EL CONTENIDO DE HUMEDAD DEL SUELO Y LA COMPACTACION DEL MISMO, METODO DE MEDIDA CORRESPONDIENTE Y UTILIZACION DE DICHA ELECTROSONDA.","ELECTROSONDA PARA MEDIR EL CONTENIDO DE HUMEDAD DEL SUELO Y LA COMPACTACION DEL MISMO, METODO DE MEDIDA CORRESPONDIENTE Y UTILIZACION DE DICHA ELECTROSONDA. SE PROPORCIONA UNA SONDA PARA MEDIR POR MEDIO DE UN GEORESISTIMETRO LA RESISTIVIDAD ELECTRICA DEL SUELO EN SENTIDO VERTICAL. LA SONDA PREVISTA EN FORMA DE PICA TIENE PAREJAS DE ELECTRODOS EMISORES (5A-5A) Y RECEPTORES (5B-5B) MONTADOS AL REDEDOR DE UN TUBO (2) PARA GENERAR UNA SEÑAL ELECTRICA DE EXCITACION Y RECIBIR UNA SEÑAL ELECTRICA DE RETORNO QUE ES FUNCION DEL GRADO DE HUMEDAD DEL SUELO Y DE LA COMPACTACION DEL MISMO. LA ELECTROSONDA, ADEMAS DE SERVIR PARA REALIZAR PLANIMETRIAS DE LOS GRADOS DE HUMEDAD DEL SUELO Y DE SU COMPACTACION POR LAS ACCIONES DE LABOREO SEL MISMO, PUEDE UTILIZARSE PARA GENERAR UNA SEÑAL DE CONTROL, PARA GOBIERNO AUTOMATICO DE UNA INSTALACION DE RIEGO.",,
642378-2025,ES2532132A1,Sistema vestible para interacción con entornos remotos mediante información gestual y sensaciones táctiles y procedimiento de uso,"Sistema vestible para interacción con entornos remotos mediante información gestual y sensaciones táctiles y procedimiento de uso. La presente invención consiste en un sistema vestible (1) que interactúa con un sistema remoto (2) intercambiando información gestual y sensaciones táctiles. El sistema vestible (1) envía información gestual que aporta un usuario humano (3) a través de un traje háptico de captura de movimiento (4) y guantes hápticos de datos (5). El sistema remoto (2) es estimulado por la información gestual recibida y envía al sistema vestible (1) sensaciones táctiles relacionadas a la reacción ante dichos estímulos. El sistema vestible (1) puede utilizarse para tareas de operación remota de máquinas (9) como manipuladores, vehículos autónomos o simuladores de realidad virtual (10). También puede aplicarse en el análisis de procedimientos de rehabilitación. Adicionalmente, dos o más sistemas vestibles (1) pueden utilizarse para complementar la interacción social a distancia entre dos o más usuarios humanos (3).",A61B5/103,
642378-2025,ES2257162A1,SISTEMA DE RIEGO EN VIVIENDAS POR CONDENSACION MEDIANTE EFECTO PELTIER.,"Sistema de riego en viviendas por condensación mediante efecto Peltier. Se aprovecha el agua que se produce por la condensación de la propia humedad del aire, al pasar por una superficie fría. Esta superficie fría se consigue mediante un módulo eléctrico de efecto Peltier (4). El aire ambiente es forzado, mediante un ventilador (3), a pasar a través de las aletas de un intercambiador y que al enfriarse, cede su carga de agua. Esta agua cae a un depósito (6) situado en la parte inferior del aparato a través de un plano inclinado (8), cuyos componentes sujeta el chasis (2). Este aparato se coloca en un punto elevado de la vivienda y por diferencia de alturas, el agua se distribuye por unos conductos hasta llegar a los goteros que riegan las plantas. Es un sistema automático y está especialmente indicado para regar las plantas en períodos de ausencia.",A01G25/00; A01G27/00; F25B21/02,
642378-2025,ES2303457A1,SISTEMA CONSTRUCTIVO.,"Sistema constructivo que tiene un módulo de vivienda, módulo de cubierta, módulo de terraza, módulo de fachada, edificación y útil de elevación para constituir una edificación a partir de los módulos. El módulo de vivienda (3) tiene una solera (31), un techo (34T) y pilares entre la solera (31) y el techo (34T). Los pilares tienen embebida una pieza polivalente (32) que sirve para apilar un módulo sobre otro. El módulo de cubierta corona la edificación, mientras que el módulo de terraza (359) y el módulo de fachada (310) pueden ser colocados en zonas periféricas de la edificación. El útil de elevación sirve para transportar y colocar el módulo de vivienda (3) en la ubicación deseada para completar una edificación.",B66C1/666; E04B1/343; E04B1/348; E04G21/142; E04B1/34823,
642378-2025,ES2037587A2,INSTALACION DE CAPTACION Y TRATAMIENTO DE LAS LECTURAS DE LOS CONTADORES DE REDES DE DISTRIBUCION DE FLUIDOS.,"INSTALACION DE CAPTACION Y TRATAMIENTO DE LAS LECTURAS DE LOS CONTADORES DE REDES DE DISTRIBUCION DE FLUIDOS. PARTIENDO DE UNA INSTALACION CON CONTADORES DE CONSUMO DE FLUIDO CON UN CAPTADOR, CONECTADOS PERMANENTEMENTE CON CONCENTRADORES PRIMARIOS A LOS QUE TRANSMITEN IMPULSOS DE LECTURA, SE HACE QUE DICHA INSTALACION COMPRENDA ADEMAS CONCENTRADORES SECUNDARIOS Y CONCENTRADORES TERCIARIOS, QUE CADA CONCENTRADOR PRIMARIO ESTE CONECTADO PERMANENTEMENTE CON UNO DE LOS CONCENTRADORES SECUNDARIOS Y TENGA MEDIOS PARA TRANSMITIRLE IMPULSOS DE LECTURA Y PARA RECIBIR IMPULSOS DE CONTROL PROCEDENTES DE DICHO CONCENTRADOR SECUNDARIO, Y QUE CADA CONCENTRADOR SECUNDARIO ESTE CONECTADO CON EL CONCENTRADOR TERCIARIO O CON UNO DE LOS CONCENTRADORES TERCIARIOS Y TENGA MEDIOS PARA TRANSMITIRLE IMPULSOS Y PARA RECIBIR IMPULSOS DE CONTROL PROCEDENTES DE DICHO CONCENTRADOR TERCIARIO. LA INVENCION SE APLICA A REDES DE FLUIDOS PARA CENTRALIZAR SU CONTROL.",,
642378-2025,ES2134683A1,"SISTEMAS, FIJACIONES, PANELES Y ESTRUCTURA PERFECCIONADAS, PARA VIVIENDAS PREFABRICADAS, TIPO ""IGLOO"".","Sistemas, fijaciones, paneles y estructura perfeccionadas, para viviendas prefabricadas, tipo ""Igloo''. Se trata de una construcción modular e industrializadas de viviendas prefabricadas, tipo Igloo. Mediante la utilización de los sistemas y paneles descritos en el título de la invención. La esencia es hacer factible la construcción de la vivienda, en cualquier lugar, por cualquier persona, -manumontándola- (es decir: sin necesidad de medios mecánicos como grúas, etc.) de una vivienda prefabricada compuesta por paneles perfeccionados, que incorporan: cerramiento, estructura y aislamiento en cada Unidad de panel, y que éstos pueden estar formados por triángulos u otros polígonos, inscritos en semiesferas, parábolas o cualquier cuerpo de revolución similar. Además de las figuras mostradas en los dibujos, existen un gran número de alternativas o variantes, que salvo por la participación de diferentes polígonos elementales en la formación de la semiesfera, es resto de características y filosofíade construcción, son las mismas.",,
654218-2024,ES2923946A1,CARTÓN-TIERRA,"Cartón-tierra. Plancha de 1,5 cm de espesor compuesta por tres capas que se coloca directamente sobre la superficie a cultivar. Dirigido a usuarios con capacidades reducidas para solucionar problemas muy habituales de la horticultura, ahorrándoles trabajos y recursos, y aumentando seguridad y satisfacción. Innovaciones: 1. El cartón de la capa superior y el papel de la inferior, reciclados y compostables, van impregnados en purín de ortigas. 2. La capa superior lleva indicados mediante impresión los marcos de plantación, puntos de aireación, y de riego. 3. Composición de la capa intermedia. {IMAGEN} El usuario logra con menos esfuerzo un suelo fértil y equilibrado, protegido de hierbas adventicias e insolación gracias a este material seco, ligero, seguro, fácil de transportar y manejar, recortable y adaptable a cualquier forma del terreno, mesa de cultivo o maceta.",A01C1/04,
654218-2024,ES2281289A1,VIVIENDA UNIFAMILIAR PREFABRICADA DE HORMIGON ARMADO Y PROCEDIMIENTO DE MONTAJE DE LA MISMA,"Vivienda unifamiliar prefabricada de hormigón armado y procedimiento de montaje de la misma, cuyos principales elementos tales como pilares (1), cerramientos (4), placas de forjado (7), cubierta (9) etc. están prefabricados en taller de hormigón armado; en que tanto las placas de forjado (7) como los cerramientos (4) llevan las instalaciones precisas integradas en su interior; siendo colocados de forma mecánica de acuerdo al esquema de la vivienda; en que partiendo de la cimentación realizada ""in situ"", se hacen las vigas de atado y asientos correspondientes para apoyo de los cerramientos (4) para proceder en orden correlativo a su montaje con cerramientos interiores y divisorios (8), escaleras (13), forjados (7) y cerramientos exteriores (4) acabando con la cubierta (9), para proceder posteriormente a unir las diferentes instalaciones entre cerramientos y falsos techos donde se encuentran integradas.",E04B1/04; E04B1/20; E04H1/02; E04B1/343; E04F11/02,
654218-2024,ES2452726A1,"Sistema de edificación modular, prefabricada y desmontable","La presente invención se refiere a un sistema de edificación modular, prefabricada y desmontable, mediante el cual se realizan construcciones con formas curvas basadas en media esfera (forma de cúpula) y medio cilindro circular recto (forma de bóveda de cañón). No requiere mano de obra especializada ni medios mecánicos para su montaje, siendo un ejemplo de autoconstrucción. Se pueden conseguir multitud de configuraciones y por tanto de edificaciones y usos, por ejemplo: vivienda, refugio, cabaña, cobertizo, almacén, casa de campo o playa, oficina, guardería, centro de reuniones, suite de hotel o camping, etc.",E04B1/32,
654218-2024,ES2257162A1,SISTEMA DE RIEGO EN VIVIENDAS POR CONDENSACION MEDIANTE EFECTO PELTIER.,"Sistema de riego en viviendas por condensación mediante efecto Peltier. Se aprovecha el agua que se produce por la condensación de la propia humedad del aire, al pasar por una superficie fría. Esta superficie fría se consigue mediante un módulo eléctrico de efecto Peltier (4). El aire ambiente es forzado, mediante un ventilador (3), a pasar a través de las aletas de un intercambiador y que al enfriarse, cede su carga de agua. Esta agua cae a un depósito (6) situado en la parte inferior del aparato a través de un plano inclinado (8), cuyos componentes sujeta el chasis (2). Este aparato se coloca en un punto elevado de la vivienda y por diferencia de alturas, el agua se distribuye por unos conductos hasta llegar a los goteros que riegan las plantas. Es un sistema automático y está especialmente indicado para regar las plantas en períodos de ausencia.",A01G25/00; A01G27/00; F25B21/02,
654218-2024,ES2340132A1,SISTEMA DE CIMENTACION AUTONIVELANTE PARA EDIFICACIONES TRANSPORTABLES,"Sistema de cimentación autonivelante para edificaciones transportables, que estando especialmente concebido para viviendas o inmuebles modulares móviles, se caracteriza por tener un conjunto de gatos mecánicos (hidraúlicos, neumáticos o eléctricos) (1) dispuestos estratégicamente en la vertical de algunos soportes estructurales de la edificación modular (15) (15'') (15''''), cuyo forjado interior puede ser tradicional o estar constituido por semirremolques transformados (11) (11'') (11''''), capaces de acoplarse lateralmente entre sí y poder adquirir distintos niveles hasta atornillaras horizontalmente entre sí, mediante el alargamiento (o acortamiento) de los vástagos (6) (6'') de los gatos (1), que además lograrán mantener en todo momento el nivel preestablecido de la edificación, cualquiera que sea la altura de la placa de apoyo de cimentación (13) escogida o el asentamiento que pudiera adquirir dicho apoyo a lo largo del tiempo, y todo ello gracias a una regulación manual o automatizada con la domótica.",B60P3/32; B60P3/36; B60S9/14; B60S9/21; E04B1/35; E04B1/36; E04H1/12; B62D63/08; E04B1/343; E04B1/34352,
654218-2024,ES2438447A1,Sistema de recuperación del agua de riego,"Los sistemas de riego para cultivos de plantas que exigen un elevado volumen de agua especialmente campos de golf, presentan una fuerte oposición por parte de los municipios en los que se pretende instalar, cuando en los mismos el agua no es abundante, para ello la invención comprende un sistema de recuperación del agua de riego que se decanta después de pasar por unas capas de tierra, filtrado y drenaje a una zanja situada a un nivel inferior a la capa de drenaje, la capa de tierra recibe agua, abono y nutrientes y a la vez que se oxigena todo ello mediante los conductos adecuados, provistos de los orificios adecuados gobernando el sistema una central eléctrica.",A01F25/16; A01G25/02; A01G25/06; E01C13/083,
654218-2024,ES2532132A1,Sistema vestible para interacción con entornos remotos mediante información gestual y sensaciones táctiles y procedimiento de uso,"Sistema vestible para interacción con entornos remotos mediante información gestual y sensaciones táctiles y procedimiento de uso. La presente invención consiste en un sistema vestible (1) que interactúa con un sistema remoto (2) intercambiando información gestual y sensaciones táctiles. El sistema vestible (1) envía información gestual que aporta un usuario humano (3) a través de un traje háptico de captura de movimiento (4) y guantes hápticos de datos (5). El sistema remoto (2) es estimulado por la información gestual recibida y envía al sistema vestible (1) sensaciones táctiles relacionadas a la reacción ante dichos estímulos. El sistema vestible (1) puede utilizarse para tareas de operación remota de máquinas (9) como manipuladores, vehículos autónomos o simuladores de realidad virtual (10). También puede aplicarse en el análisis de procedimientos de rehabilitación. Adicionalmente, dos o más sistemas vestibles (1) pueden utilizarse para complementar la interacción social a distancia entre dos o más usuarios humanos (3).",A61B5/103,
654218-2024,ES2698701A1,SECADOR INTEGRAL DE CUERPO,"La presente invención describe un secador integral de cuerpo que incorpora un difusor (1) y una funda protectora (6) fija en un extremo superior de una columna (3) soporte, donde el difusor (1) aloja en su interior una turbina (6), una resistencia eléctrica (5) y un conducto con una tobera (2) para la salida del aire, y la columna (3) comprende un carril (4) para el deslizamiento del difusor (1), pudiendo el difusor (1) desplazarse a lo largo de la columna (3) de una forma a seleccionar entre eléctrica y manual para insuflar aire a lo largo de la longitud de la columna (3) y así proceder al secado de un usuario.",F26B3/04; A45D20/14; A47K10/48,
654218-2024,ES2303457A1,SISTEMA CONSTRUCTIVO.,"Sistema constructivo que tiene un módulo de vivienda, módulo de cubierta, módulo de terraza, módulo de fachada, edificación y útil de elevación para constituir una edificación a partir de los módulos. El módulo de vivienda (3) tiene una solera (31), un techo (34T) y pilares entre la solera (31) y el techo (34T). Los pilares tienen embebida una pieza polivalente (32) que sirve para apilar un módulo sobre otro. El módulo de cubierta corona la edificación, mientras que el módulo de terraza (359) y el módulo de fachada (310) pueden ser colocados en zonas periféricas de la edificación. El útil de elevación sirve para transportar y colocar el módulo de vivienda (3) en la ubicación deseada para completar una edificación.",B66C1/666; E04B1/343; E04B1/348; E04G21/142; E04B1/34823,
654218-2024,ES2424917A2,Sistema de aplicación de productos fitosanitarios adaptable,"Sistema de aplicación de productos fitosanitarios adaptable, que comprende al menos un primer dispositivo (1) de acercamiento horizontal, al menos un segundo dispositivo (2) de sujeción de las boquillas (5) de pulverización con al menos dos tramos (2.1, 2.2) basculantes entre sí para adaptarse a la forma del elemento a pulverizar y, al menos un tercer dispositivo (3) de aplicación del producto. El al menos un tercer dispositivo (3) puede estar formado por un mecanismo de pulverización hidroneumático que comprende un sistema de propulsión de aire (7) sobre una estructura soporte (4) y, al menos una conducción principal (8) conectada por un primer extremo (8.1) al sistema de propulsión de aire (7) y por un segundo extremo (8.2) a un elemento distribuidor (9) y una serie de conducciones secundarias (10) conectadas cada una de ellas por un primer extremo (10.1) al elemento distribuidor (9) y por un segundo extremo (10.2) a una boquilla (5) de pulverización.",A01M7/00; A01B73/06; A01C23/04,
654218-2024,ES2600452A1,Método y sistema de mantenimiento predictivo de edificios y estructuras.,"Método y sistema de mantenimiento predictivo de edificios y estructuras, que prevé la instalación de una serie de sensores (S1, S2, S3, ..., Sn) colocados en lugares estratégicos del edificio o de la estructura a controlar, en la cual o bien cada uno de los sensores está conectado mediante cableado a un nodo (NS) que está dotado de una antena de transmisión inalámbrica con un nodo central de comunicación (NC); o bien cada sensor (S1, S2) dispone de medios propios de comunicación inalámbrica y directamente transmite los datos recogidos a dicho nodo central de comunicaciones (NC); presentando cada nodo central una antena de salida que comunica los datos recibidos a un servidor (Serv) existente en un centro de datos (CD), al cual se conectan varios terminales de usuario (T1, T2, T3, ..., Tn) para controlar y gestionar su edificio, que incluye una herramienta informática de predicción (HP), que en función de parámetros físicos y químicos que se miden en los sensores estima el comportamiento y deterioro de la estructura o edificio en el futuro, mediante algoritmos (Alg) que correlacionan los parámetros físico-químicos con los procesos patológicos que se pueden dar en función del tiempo.",A45C13/02; G06Q50/08; A45C13/103; A45C5/14; A45C7/0054; A45C2005/035,
654218-2024,ES2372073A1,SISTEMA DE CONSTRUCCIÓN MODULAR FLEXIBLE.,"Sistema de construcción modular flexible, en el cual se utilizan módulos (4), cada uno de los cuales comprende tres zonas funcionales paralelas, una de las cuales es una zona de pasillo (1), otra una zona de servicios (2) y la tercera una zona de espacio privado (3), formándose con dichos módulos (4) viviendas (5) consecutivas, de forma que la zona de servicios (2) determina un espacio hueco, en el cual se disponen repetidamente, en correspondencia con cada módulo (4), elementos de las instalaciones de servicios, los cuales se establecen en conexión con respectivas acometidas generales de suministro de los servicios a la construcción.",E04H1/04; E04B1/348; E04H1/005; E04B1/34815,
654218-2024,ES2065820A2,SISTEMA MODULAR DE CONSTRUCCION DE PARAMENTOS Y SIMILARES.,"SISTEMA MODULAR DE CONSTRUCCION DE PARAMENTOS Y SIMILARES. EL SISTEMA ESTA BASADO EN LA UTILIZACION DE PANELES ARMADOS Y ALIGERADOS, MODULABLES EN VERTICAL, LOS CUALES SE POSTENSAN Y SE HORMIGONAN SUS JUNTAS PARA CONSEGUIR UN CONJUNTO MONOLITICO. CADA PANEL (1) INCLUYE INTERNAMENTE UN AISLANTE DE POLIESTILENO EXPANDIDO (2), AFECTATO TRANSVERSALMENTE DE PAREJAS DE ORIFICIOS (5) QUE RIGIDIZAN LAS CAPAS DE HORMIGON PERIMETRAL DEL PROPIO PANEL (1). EN CORRESPONDENCIA CON LA MODULACION SE HAN PREVISTO ORIFICIOS (4), MIENTRAS QUE PERIMETRALMENTE CUENTA CON UNA ACANALADURA (3) EN MEDIA CANA. LA DISPOSICION CONTIGUA DE PANELES IGUALES (1) PERMITE OBTENER PARAMENTOS DE CUALQUIER TIPO, APOYOS DIRECTOS DE FORJADOS, MUROS DE CONTENCION, ETC. Y SU UNION SE REALIZA MEDIANTE VARILLAS Y RELLENO DE MORTERO UBICADOS EN LOS ALOJAMIENTOS QUE CONFORMAN LOS ENFRENTAMIENTOS DE LAS ACANALADURAS (3) Y ORIFICIOS PREVISTOS AL EFECTO LONGITUDI NALMENTE EN LOS PROPIOS PANELES (1), EFECTUANDOSE EL POSTENSADO MEDIANTE VARILLAS PASANTES POR LOS ORIFICIOS (4), QUE SE APRIETAN MEDIANTE TUERCAS EXTREMAS ROSCADAS SOBRE LOS EXTREMOS.",,
654218-2024,ES2374467A1,PROCESO CONSTRUCTIVO DE VIVIENDAS O EDIFICACIONES MODULARES CON PANELES PREFABRICADOS.,"La invención hace referencia a un proceso constructivo de viviendas o edificaciones modulares con paneles prefabricados de hormigón reforzados con fibra de vidrio aplicables para cerramiento externo o paredes de fachada y paredes de chapa tipo sándwich para cerramiento interno o paredes interiores. Estos combinan con estructuras metálicas para formar los cerramientos. Presenta la particularidad de contar con un sistema de anclaje de los paneles entre sí, a la losa de cimentación y a la cubierta. Todo el montaje del sistema se puede realizar en taller, planta de producción o instalación industrial ya que se realiza en seco con un montaje entre uniones mediante tornillería. La vivienda se puede montar dividida en diferentes partes y posteriormente elevarla y trasportarla.",E04B1/34321,
654218-2024,ES2134683A1,"SISTEMAS, FIJACIONES, PANELES Y ESTRUCTURA PERFECCIONADAS, PARA VIVIENDAS PREFABRICADAS, TIPO ""IGLOO"".","Sistemas, fijaciones, paneles y estructura perfeccionadas, para viviendas prefabricadas, tipo ""Igloo''. Se trata de una construcción modular e industrializadas de viviendas prefabricadas, tipo Igloo. Mediante la utilización de los sistemas y paneles descritos en el título de la invención. La esencia es hacer factible la construcción de la vivienda, en cualquier lugar, por cualquier persona, -manumontándola- (es decir: sin necesidad de medios mecánicos como grúas, etc.) de una vivienda prefabricada compuesta por paneles perfeccionados, que incorporan: cerramiento, estructura y aislamiento en cada Unidad de panel, y que éstos pueden estar formados por triángulos u otros polígonos, inscritos en semiesferas, parábolas o cualquier cuerpo de revolución similar. Además de las figuras mostradas en los dibujos, existen un gran número de alternativas o variantes, que salvo por la participación de diferentes polígonos elementales en la formación de la semiesfera, es resto de características y filosofíade construcción, son las mismas.",,
654218-2024,ES2537651A1,Sistema modular estandarizado para la construcción de centros sanitarios u hospitalarios,"La invención prevé la distribución de los distintos espacios del hospital de acuerdo con una serie de módulos de idéntica anchura que se disponen paralelamente entre dos pasillos, un pasillo de circulación técnica (PT) y un pasillo de circulación pública (PP), de modo que entre dichos dos pasillos se establecen los comentados módulos (M1-M2-M3) para zonas técnicas, mixtas y públicas, definiéndose tres zonas perfectamente diferenciadas y cuyo flujo de usuarios se ve optimizado. Los módulos se dividen longitudinalmente en sub-módulos con unas dimensiones preestablecidas de manera que las estancias destinadas a implantarse en su seno son proporcionales a dichas medidas, permitiendo múltiples distribuciones ajustándose a dichas medidas. Para ampliar el hospital solo es preciso alargar los comentados pasillos y añadir los módulos que sean necesarios, siendo fácilmente redistribuibles los módulos ya existentes si es necesario debido a su naturaleza modular.",E04H3/08; E04H1/005,
654218-2024,ES2319487A1,SISTEMA DE CONSTRUCCION MODULAR,"Sistema de construcción modular. El sistema comprende unos bloques modulares (1a,...1n) constituidos por elementos constructivos de hormigón y material aislante, presentando las paredes (11) laterales formas adecuadas para su adosado lateral configurando un edificio o construcción mayor. Dichos bloques modulares (1a,...1n) presentan unos elementos de anclaje (18a, 18b) mutuo en las caras exteriores del techo (12) y suelo (13) para su acoplamiento mutuo apilado. En paredes (11), techo (12) y suelo (13), se encuentran unas aberturas para la formación de puertas (21), ventanas (22), escaleras y pasos (23a, 23b) entre módulos y al exterior. Las paredes (11), techo (12) y suelo (13), están constituidos por dos capas (14) de hormigón armado entre las que se encuentra una capa (15) de material aislante, estando los mallazos (16) de ambas capas (14) de hormigón armado unidas mediante elementos metálicos (17) o análogos.",E04B1/34823,
654218-2024,ES2336528A1,PARED ARQUITECTONICA PARA CASAS PREFABRICADAS,"Pared arquitectónica para casas prefabricadas, que comporta una estructura tipo sándwich, formada por: una serie de paneles (1) tipo sándwich; una protección exterior de dichos paneles consistente en una pintura pétrea (7) y/o piedra natural o artificial (6) convenientemente adherida o fijada sobre dichos paneles (1); una serie de rastreles o listones de madera (2) por el interior de dichos paneles sándwich (1); una serie de tableros de partículas de madera (2) que definen la cara interior de la pared; y una capa de poliuretano (4) proyectada por la cara de los tableros de partículas (2) situada hacia el exterior y entre dos listones (3) consecutivos, que determina entre esta capa y el panel sándwich (1) una cámara de aire (5).",E04B2/70; E04C2/46; E04C2/284; E04F13/08,
654218-2024,ES2037587A2,INSTALACION DE CAPTACION Y TRATAMIENTO DE LAS LECTURAS DE LOS CONTADORES DE REDES DE DISTRIBUCION DE FLUIDOS.,"INSTALACION DE CAPTACION Y TRATAMIENTO DE LAS LECTURAS DE LOS CONTADORES DE REDES DE DISTRIBUCION DE FLUIDOS. PARTIENDO DE UNA INSTALACION CON CONTADORES DE CONSUMO DE FLUIDO CON UN CAPTADOR, CONECTADOS PERMANENTEMENTE CON CONCENTRADORES PRIMARIOS A LOS QUE TRANSMITEN IMPULSOS DE LECTURA, SE HACE QUE DICHA INSTALACION COMPRENDA ADEMAS CONCENTRADORES SECUNDARIOS Y CONCENTRADORES TERCIARIOS, QUE CADA CONCENTRADOR PRIMARIO ESTE CONECTADO PERMANENTEMENTE CON UNO DE LOS CONCENTRADORES SECUNDARIOS Y TENGA MEDIOS PARA TRANSMITIRLE IMPULSOS DE LECTURA Y PARA RECIBIR IMPULSOS DE CONTROL PROCEDENTES DE DICHO CONCENTRADOR SECUNDARIO, Y QUE CADA CONCENTRADOR SECUNDARIO ESTE CONECTADO CON EL CONCENTRADOR TERCIARIO O CON UNO DE LOS CONCENTRADORES TERCIARIOS Y TENGA MEDIOS PARA TRANSMITIRLE IMPULSOS Y PARA RECIBIR IMPULSOS DE CONTROL PROCEDENTES DE DICHO CONCENTRADOR TERCIARIO. LA INVENCION SE APLICA A REDES DE FLUIDOS PARA CENTRALIZAR SU CONTROL.",,
654218-2024,ES2246100A1,"HABITACION MODULAR PREFABRICADA, PARTICULARMENTE UN CUARTO DE ASEO O DE BAÑO.","Habitación modular prefabricada, particularmente un cuarto de aseo o de baño. Habitación modular prefabricada para la construcción, particularmente un cuarto de baño o de aseo, adaptada para ser instalada en edificios en construcción, provista de los aparatos sanitarios y de las instalaciones necesarias para suministrar y distribuir el agua sanitaria a dichos aparatos sanitarios, así como para evacuar las aguas grises y los residuos que provienen de dichos aparatos sanitarios, provista además de conexiones exteriores a la red de suministro eléctrico de la instalación, constituida por elementos construidos separadamente y unidos entre sí de forma sólida y estanca, constituyendo las paredes, el techo y el piso; adaptada para ser transportada y asentada sobre un forjado de la obra sin sufrir deformaciones; provista de unos elementos de regulación de la altura del piso respecto del forjado sobre el que se asienta; y estando dotado el piso de la habitación modular de un colector único para la evacuación exterior de las aguas grises y los residuos de los aparatos sanitarios instalados en la habitación modular.",A47K4/00; E03C1/01; E04B1/34869,
794374-2025,ES2935742A1,"RECUBRIMIENTO HÍBRIDO BASADO EN UNA MEZCLA DE MATERIAL COMPUESTO ADHESIVO, PARA APLICACIÓN EN SUPERFICIES DE ELEMENTOS IMPLANTABLES","Recubrimiento híbrido basado en una mezcla de material compuesto adhesivo, para aplicación en superficies de elementos implantables. El recubrimiento híbrido adhesivo/sol-gel es un material compuesto con características biocompatibles y osteoinductor desde las primeras 24 horas de su aplicación en superficies implantables o como relleno óseo independiente, este último, se muestra como material que se solidifica en menos de 3 horas y, al presentar mesoporos en todo su volumen, acepta la infiltración de sangre del paciente que se interviene quirúrgicamente.",A61L27/28; A61L27/00,
794374-2025,ES2257162A1,SISTEMA DE RIEGO EN VIVIENDAS POR CONDENSACION MEDIANTE EFECTO PELTIER.,"Sistema de riego en viviendas por condensación mediante efecto Peltier. Se aprovecha el agua que se produce por la condensación de la propia humedad del aire, al pasar por una superficie fría. Esta superficie fría se consigue mediante un módulo eléctrico de efecto Peltier (4). El aire ambiente es forzado, mediante un ventilador (3), a pasar a través de las aletas de un intercambiador y que al enfriarse, cede su carga de agua. Esta agua cae a un depósito (6) situado en la parte inferior del aparato a través de un plano inclinado (8), cuyos componentes sujeta el chasis (2). Este aparato se coloca en un punto elevado de la vivienda y por diferencia de alturas, el agua se distribuye por unos conductos hasta llegar a los goteros que riegan las plantas. Es un sistema automático y está especialmente indicado para regar las plantas en períodos de ausencia.",A01G25/00; A01G27/00; F25B21/02,
794374-2025,ES2537651A1,Sistema modular estandarizado para la construcción de centros sanitarios u hospitalarios,"La invención prevé la distribución de los distintos espacios del hospital de acuerdo con una serie de módulos de idéntica anchura que se disponen paralelamente entre dos pasillos, un pasillo de circulación técnica (PT) y un pasillo de circulación pública (PP), de modo que entre dichos dos pasillos se establecen los comentados módulos (M1-M2-M3) para zonas técnicas, mixtas y públicas, definiéndose tres zonas perfectamente diferenciadas y cuyo flujo de usuarios se ve optimizado. Los módulos se dividen longitudinalmente en sub-módulos con unas dimensiones preestablecidas de manera que las estancias destinadas a implantarse en su seno son proporcionales a dichas medidas, permitiendo múltiples distribuciones ajustándose a dichas medidas. Para ampliar el hospital solo es preciso alargar los comentados pasillos y añadir los módulos que sean necesarios, siendo fácilmente redistribuibles los módulos ya existentes si es necesario debido a su naturaleza modular.",E04H3/08; E04H1/005,
794374-2025,ES2246100A1,"HABITACION MODULAR PREFABRICADA, PARTICULARMENTE UN CUARTO DE ASEO O DE BAÑO.","Habitación modular prefabricada, particularmente un cuarto de aseo o de baño. Habitación modular prefabricada para la construcción, particularmente un cuarto de baño o de aseo, adaptada para ser instalada en edificios en construcción, provista de los aparatos sanitarios y de las instalaciones necesarias para suministrar y distribuir el agua sanitaria a dichos aparatos sanitarios, así como para evacuar las aguas grises y los residuos que provienen de dichos aparatos sanitarios, provista además de conexiones exteriores a la red de suministro eléctrico de la instalación, constituida por elementos construidos separadamente y unidos entre sí de forma sólida y estanca, constituyendo las paredes, el techo y el piso; adaptada para ser transportada y asentada sobre un forjado de la obra sin sufrir deformaciones; provista de unos elementos de regulación de la altura del piso respecto del forjado sobre el que se asienta; y estando dotado el piso de la habitación modular de un colector único para la evacuación exterior de las aguas grises y los residuos de los aparatos sanitarios instalados en la habitación modular.",A47K4/00; E03C1/01; E04B1/34869,
794374-2025,ES2372073A1,SISTEMA DE CONSTRUCCIÓN MODULAR FLEXIBLE.,"Sistema de construcción modular flexible, en el cual se utilizan módulos (4), cada uno de los cuales comprende tres zonas funcionales paralelas, una de las cuales es una zona de pasillo (1), otra una zona de servicios (2) y la tercera una zona de espacio privado (3), formándose con dichos módulos (4) viviendas (5) consecutivas, de forma que la zona de servicios (2) determina un espacio hueco, en el cual se disponen repetidamente, en correspondencia con cada módulo (4), elementos de las instalaciones de servicios, los cuales se establecen en conexión con respectivas acometidas generales de suministro de los servicios a la construcción.",E04H1/04; E04B1/348; E04H1/005; E04B1/34815,
794374-2025,ES2532132A1,Sistema vestible para interacción con entornos remotos mediante información gestual y sensaciones táctiles y procedimiento de uso,"Sistema vestible para interacción con entornos remotos mediante información gestual y sensaciones táctiles y procedimiento de uso. La presente invención consiste en un sistema vestible (1) que interactúa con un sistema remoto (2) intercambiando información gestual y sensaciones táctiles. El sistema vestible (1) envía información gestual que aporta un usuario humano (3) a través de un traje háptico de captura de movimiento (4) y guantes hápticos de datos (5). El sistema remoto (2) es estimulado por la información gestual recibida y envía al sistema vestible (1) sensaciones táctiles relacionadas a la reacción ante dichos estímulos. El sistema vestible (1) puede utilizarse para tareas de operación remota de máquinas (9) como manipuladores, vehículos autónomos o simuladores de realidad virtual (10). También puede aplicarse en el análisis de procedimientos de rehabilitación. Adicionalmente, dos o más sistemas vestibles (1) pueden utilizarse para complementar la interacción social a distancia entre dos o más usuarios humanos (3).",A61B5/103,
794374-2025,ES2600452A1,Método y sistema de mantenimiento predictivo de edificios y estructuras.,"Método y sistema de mantenimiento predictivo de edificios y estructuras, que prevé la instalación de una serie de sensores (S1, S2, S3, ..., Sn) colocados en lugares estratégicos del edificio o de la estructura a controlar, en la cual o bien cada uno de los sensores está conectado mediante cableado a un nodo (NS) que está dotado de una antena de transmisión inalámbrica con un nodo central de comunicación (NC); o bien cada sensor (S1, S2) dispone de medios propios de comunicación inalámbrica y directamente transmite los datos recogidos a dicho nodo central de comunicaciones (NC); presentando cada nodo central una antena de salida que comunica los datos recibidos a un servidor (Serv) existente en un centro de datos (CD), al cual se conectan varios terminales de usuario (T1, T2, T3, ..., Tn) para controlar y gestionar su edificio, que incluye una herramienta informática de predicción (HP), que en función de parámetros físicos y químicos que se miden en los sensores estima el comportamiento y deterioro de la estructura o edificio en el futuro, mediante algoritmos (Alg) que correlacionan los parámetros físico-químicos con los procesos patológicos que se pueden dar en función del tiempo.",A45C13/02; G06Q50/08; A45C13/103; A45C5/14; A45C7/0054; A45C2005/035,
794374-2025,ES2928677A1,Sistema de conduccion ecoeficiente adaptado a la modelización tridimensional geoposicionada de la parametrización del trazado de cualquier infraestructura lineal particularizado al vehiculo,"Sistema de conducción, con modo asistido (170) y autónomo (180), adaptado a un modelo tridimensional geoposicionado de parametrización de los elementos del trazado (60) de cualquier infraestructura lineal, que transmite instrucciones al vehículo (110) en cada punto del recorrido escogido en tiempo real, particularizado a cada vehículo en función sus características (80), desde un dispositivo (40) instalado en el mismo desde el cual se gobiernan los distintos sistemas integrantes de la invención, en función de su geoposición real traspuesta al modelo (70), en condiciones de seguridad, confort y máxima eficiencia energética mediante la gestión del ahorro energético, calculando los momentos del recorrido en los cuales no es necesario el accionamiento del sistema de propulsión, aprovechando las energías que intervienen en el movimiento del vehículo y las fuerzas resultantes, para ahorrar energía y/o generarla en motores recargables, todo adaptado a los principios del trazado",G05D1/021; G08G1/167; G01S13/931; G05D1/0212; B60K31/00,
794374-2025,ES2303457A1,SISTEMA CONSTRUCTIVO.,"Sistema constructivo que tiene un módulo de vivienda, módulo de cubierta, módulo de terraza, módulo de fachada, edificación y útil de elevación para constituir una edificación a partir de los módulos. El módulo de vivienda (3) tiene una solera (31), un techo (34T) y pilares entre la solera (31) y el techo (34T). Los pilares tienen embebida una pieza polivalente (32) que sirve para apilar un módulo sobre otro. El módulo de cubierta corona la edificación, mientras que el módulo de terraza (359) y el módulo de fachada (310) pueden ser colocados en zonas periféricas de la edificación. El útil de elevación sirve para transportar y colocar el módulo de vivienda (3) en la ubicación deseada para completar una edificación.",B66C1/666; E04B1/343; E04B1/348; E04G21/142; E04B1/34823,
794374-2025,ES2452726A1,"Sistema de edificación modular, prefabricada y desmontable","La presente invención se refiere a un sistema de edificación modular, prefabricada y desmontable, mediante el cual se realizan construcciones con formas curvas basadas en media esfera (forma de cúpula) y medio cilindro circular recto (forma de bóveda de cañón). No requiere mano de obra especializada ni medios mecánicos para su montaje, siendo un ejemplo de autoconstrucción. Se pueden conseguir multitud de configuraciones y por tanto de edificaciones y usos, por ejemplo: vivienda, refugio, cabaña, cobertizo, almacén, casa de campo o playa, oficina, guardería, centro de reuniones, suite de hotel o camping, etc.",E04B1/32,
794374-2025,ES2923946A1,CARTÓN-TIERRA,"Cartón-tierra. Plancha de 1,5 cm de espesor compuesta por tres capas que se coloca directamente sobre la superficie a cultivar. Dirigido a usuarios con capacidades reducidas para solucionar problemas muy habituales de la horticultura, ahorrándoles trabajos y recursos, y aumentando seguridad y satisfacción. Innovaciones: 1. El cartón de la capa superior y el papel de la inferior, reciclados y compostables, van impregnados en purín de ortigas. 2. La capa superior lleva indicados mediante impresión los marcos de plantación, puntos de aireación, y de riego. 3. Composición de la capa intermedia. {IMAGEN} El usuario logra con menos esfuerzo un suelo fértil y equilibrado, protegido de hierbas adventicias e insolación gracias a este material seco, ligero, seguro, fácil de transportar y manejar, recortable y adaptable a cualquier forma del terreno, mesa de cultivo o maceta.",A01C1/04,
794374-2025,ES2374467A1,PROCESO CONSTRUCTIVO DE VIVIENDAS O EDIFICACIONES MODULARES CON PANELES PREFABRICADOS.,"La invención hace referencia a un proceso constructivo de viviendas o edificaciones modulares con paneles prefabricados de hormigón reforzados con fibra de vidrio aplicables para cerramiento externo o paredes de fachada y paredes de chapa tipo sándwich para cerramiento interno o paredes interiores. Estos combinan con estructuras metálicas para formar los cerramientos. Presenta la particularidad de contar con un sistema de anclaje de los paneles entre sí, a la losa de cimentación y a la cubierta. Todo el montaje del sistema se puede realizar en taller, planta de producción o instalación industrial ya que se realiza en seco con un montaje entre uniones mediante tornillería. La vivienda se puede montar dividida en diferentes partes y posteriormente elevarla y trasportarla.",E04B1/34321,
794374-2025,ES2116215A1,"ELECTROSONDA PARA MEDIR EL CONTENIDO DE HUMEDAD DEL SUELO Y LA COMPACTACION DEL MISMO, METODO DE MEDIDA CORRESPONDIENTE Y UTILIZACION DE DICHA ELECTROSONDA.","ELECTROSONDA PARA MEDIR EL CONTENIDO DE HUMEDAD DEL SUELO Y LA COMPACTACION DEL MISMO, METODO DE MEDIDA CORRESPONDIENTE Y UTILIZACION DE DICHA ELECTROSONDA. SE PROPORCIONA UNA SONDA PARA MEDIR POR MEDIO DE UN GEORESISTIMETRO LA RESISTIVIDAD ELECTRICA DEL SUELO EN SENTIDO VERTICAL. LA SONDA PREVISTA EN FORMA DE PICA TIENE PAREJAS DE ELECTRODOS EMISORES (5A-5A) Y RECEPTORES (5B-5B) MONTADOS AL REDEDOR DE UN TUBO (2) PARA GENERAR UNA SEÑAL ELECTRICA DE EXCITACION Y RECIBIR UNA SEÑAL ELECTRICA DE RETORNO QUE ES FUNCION DEL GRADO DE HUMEDAD DEL SUELO Y DE LA COMPACTACION DEL MISMO. LA ELECTROSONDA, ADEMAS DE SERVIR PARA REALIZAR PLANIMETRIAS DE LOS GRADOS DE HUMEDAD DEL SUELO Y DE SU COMPACTACION POR LAS ACCIONES DE LABOREO SEL MISMO, PUEDE UTILIZARSE PARA GENERAR UNA SEÑAL DE CONTROL, PARA GOBIERNO AUTOMATICO DE UNA INSTALACION DE RIEGO.",,
794374-2025,ES2438447A1,Sistema de recuperación del agua de riego,"Los sistemas de riego para cultivos de plantas que exigen un elevado volumen de agua especialmente campos de golf, presentan una fuerte oposición por parte de los municipios en los que se pretende instalar, cuando en los mismos el agua no es abundante, para ello la invención comprende un sistema de recuperación del agua de riego que se decanta después de pasar por unas capas de tierra, filtrado y drenaje a una zanja situada a un nivel inferior a la capa de drenaje, la capa de tierra recibe agua, abono y nutrientes y a la vez que se oxigena todo ello mediante los conductos adecuados, provistos de los orificios adecuados gobernando el sistema una central eléctrica.",A01F25/16; A01G25/02; A01G25/06; E01C13/083,
794374-2025,ES2134683A1,"SISTEMAS, FIJACIONES, PANELES Y ESTRUCTURA PERFECCIONADAS, PARA VIVIENDAS PREFABRICADAS, TIPO ""IGLOO"".","Sistemas, fijaciones, paneles y estructura perfeccionadas, para viviendas prefabricadas, tipo ""Igloo''. Se trata de una construcción modular e industrializadas de viviendas prefabricadas, tipo Igloo. Mediante la utilización de los sistemas y paneles descritos en el título de la invención. La esencia es hacer factible la construcción de la vivienda, en cualquier lugar, por cualquier persona, -manumontándola- (es decir: sin necesidad de medios mecánicos como grúas, etc.) de una vivienda prefabricada compuesta por paneles perfeccionados, que incorporan: cerramiento, estructura y aislamiento en cada Unidad de panel, y que éstos pueden estar formados por triángulos u otros polígonos, inscritos en semiesferas, parábolas o cualquier cuerpo de revolución similar. Además de las figuras mostradas en los dibujos, existen un gran número de alternativas o variantes, que salvo por la participación de diferentes polígonos elementales en la formación de la semiesfera, es resto de características y filosofíade construcción, son las mismas.",,
794374-2025,ES2698701A1,SECADOR INTEGRAL DE CUERPO,"La presente invención describe un secador integral de cuerpo que incorpora un difusor (1) y una funda protectora (6) fija en un extremo superior de una columna (3) soporte, donde el difusor (1) aloja en su interior una turbina (6), una resistencia eléctrica (5) y un conducto con una tobera (2) para la salida del aire, y la columna (3) comprende un carril (4) para el deslizamiento del difusor (1), pudiendo el difusor (1) desplazarse a lo largo de la columna (3) de una forma a seleccionar entre eléctrica y manual para insuflar aire a lo largo de la longitud de la columna (3) y así proceder al secado de un usuario.",F26B3/04; A45D20/14; A47K10/48,
794374-2025,ES2307355A1,GENERADOR DE AGUA POTABLE POR CONDENSACION DEL VAPOR DEL AIRE.,"Generador de agua por condensación del vapor del aire. Se trata de la obtención de agua potable por condensación del vapor de agua del aire mediante el apoyo de una instalación frigorífica. La particularidad de nuestro sistema es que no necesita agua de otras fuentes, pues ella misma la obtiene de la humedad del aire. El aire después de ser filtrado, es enfriado con el aire de retorno ya tratado. Posteriormente es enfriado por debajo del punto de rocío con lo que el vapor de agua empezará a condensar. Obteniendo agua potable semejante a la de lluvia, el aire deshidratado sigue la evolución y se empleará para enfriar el aire entrante y al líquido frigorígeno, con lo que aumentaremos sensiblemente el rendimiento del generador.",B01D5/00; E03B3/28; Y02A20/00; Y02A20/152,
794374-2025,ES2319487A1,SISTEMA DE CONSTRUCCION MODULAR,"Sistema de construcción modular. El sistema comprende unos bloques modulares (1a,...1n) constituidos por elementos constructivos de hormigón y material aislante, presentando las paredes (11) laterales formas adecuadas para su adosado lateral configurando un edificio o construcción mayor. Dichos bloques modulares (1a,...1n) presentan unos elementos de anclaje (18a, 18b) mutuo en las caras exteriores del techo (12) y suelo (13) para su acoplamiento mutuo apilado. En paredes (11), techo (12) y suelo (13), se encuentran unas aberturas para la formación de puertas (21), ventanas (22), escaleras y pasos (23a, 23b) entre módulos y al exterior. Las paredes (11), techo (12) y suelo (13), están constituidos por dos capas (14) de hormigón armado entre las que se encuentra una capa (15) de material aislante, estando los mallazos (16) de ambas capas (14) de hormigón armado unidas mediante elementos metálicos (17) o análogos.",E04B1/34823,
794374-2025,ES2065820A2,SISTEMA MODULAR DE CONSTRUCCION DE PARAMENTOS Y SIMILARES.,"SISTEMA MODULAR DE CONSTRUCCION DE PARAMENTOS Y SIMILARES. EL SISTEMA ESTA BASADO EN LA UTILIZACION DE PANELES ARMADOS Y ALIGERADOS, MODULABLES EN VERTICAL, LOS CUALES SE POSTENSAN Y SE HORMIGONAN SUS JUNTAS PARA CONSEGUIR UN CONJUNTO MONOLITICO. CADA PANEL (1) INCLUYE INTERNAMENTE UN AISLANTE DE POLIESTILENO EXPANDIDO (2), AFECTATO TRANSVERSALMENTE DE PAREJAS DE ORIFICIOS (5) QUE RIGIDIZAN LAS CAPAS DE HORMIGON PERIMETRAL DEL PROPIO PANEL (1). EN CORRESPONDENCIA CON LA MODULACION SE HAN PREVISTO ORIFICIOS (4), MIENTRAS QUE PERIMETRALMENTE CUENTA CON UNA ACANALADURA (3) EN MEDIA CANA. LA DISPOSICION CONTIGUA DE PANELES IGUALES (1) PERMITE OBTENER PARAMENTOS DE CUALQUIER TIPO, APOYOS DIRECTOS DE FORJADOS, MUROS DE CONTENCION, ETC. Y SU UNION SE REALIZA MEDIANTE VARILLAS Y RELLENO DE MORTERO UBICADOS EN LOS ALOJAMIENTOS QUE CONFORMAN LOS ENFRENTAMIENTOS DE LAS ACANALADURAS (3) Y ORIFICIOS PREVISTOS AL EFECTO LONGITUDI NALMENTE EN LOS PROPIOS PANELES (1), EFECTUANDOSE EL POSTENSADO MEDIANTE VARILLAS PASANTES POR LOS ORIFICIOS (4), QUE SE APRIETAN MEDIANTE TUERCAS EXTREMAS ROSCADAS SOBRE LOS EXTREMOS.",,
794374-2025,ES2156707A1,DISPOSITIVO AUTONOMO DE PRODUCCION DE AGUA CON ENERGIA SOLAR.,"Dispositivo autónomo de producción de agua con energía solar. Consiste en un equipo capaz de producir agua a partir del aire atmosférico, de cuya humedad natural se extraerá el agua, por el principio del punto de rocío, de una forma completamente autónoma, es decir sin aporte de ningún tipo de materia prima ni de energía, tomandose esta del sol, y que de forma automática puede regularse tanto en su funcionamiento como en el suministro del agua producida. Consta de un módulo solar (1) que proporciona energía para el funcionamiento del módulo frigorífico (2) que enfría unos paneles donde el aire ambiente condensa la humedad natural, siendo forzado a pasar por el Módulo Convector (4). El agua condensada se recoge, trata y almacena en el módulo hidráulico (3). Un Módulo de Control (5) contiene un autómata programable que gobierna el proceso, así como la instrumentación. Usos: Riego por goteo y otros.",,
820594-2025,ES2928677A1,Sistema de conduccion ecoeficiente adaptado a la modelización tridimensional geoposicionada de la parametrización del trazado de cualquier infraestructura lineal particularizado al vehiculo,"Sistema de conducción, con modo asistido (170) y autónomo (180), adaptado a un modelo tridimensional geoposicionado de parametrización de los elementos del trazado (60) de cualquier infraestructura lineal, que transmite instrucciones al vehículo (110) en cada punto del recorrido escogido en tiempo real, particularizado a cada vehículo en función sus características (80), desde un dispositivo (40) instalado en el mismo desde el cual se gobiernan los distintos sistemas integrantes de la invención, en función de su geoposición real traspuesta al modelo (70), en condiciones de seguridad, confort y máxima eficiencia energética mediante la gestión del ahorro energético, calculando los momentos del recorrido en los cuales no es necesario el accionamiento del sistema de propulsión, aprovechando las energías que intervienen en el movimiento del vehículo y las fuerzas resultantes, para ahorrar energía y/o generarla en motores recargables, todo adaptado a los principios del trazado",G05D1/021; G08G1/167; G01S13/931; G05D1/0212; B60K31/00,
820594-2025,ES2340132A1,SISTEMA DE CIMENTACION AUTONIVELANTE PARA EDIFICACIONES TRANSPORTABLES,"Sistema de cimentación autonivelante para edificaciones transportables, que estando especialmente concebido para viviendas o inmuebles modulares móviles, se caracteriza por tener un conjunto de gatos mecánicos (hidraúlicos, neumáticos o eléctricos) (1) dispuestos estratégicamente en la vertical de algunos soportes estructurales de la edificación modular (15) (15'') (15''''), cuyo forjado interior puede ser tradicional o estar constituido por semirremolques transformados (11) (11'') (11''''), capaces de acoplarse lateralmente entre sí y poder adquirir distintos niveles hasta atornillaras horizontalmente entre sí, mediante el alargamiento (o acortamiento) de los vástagos (6) (6'') de los gatos (1), que además lograrán mantener en todo momento el nivel preestablecido de la edificación, cualquiera que sea la altura de la placa de apoyo de cimentación (13) escogida o el asentamiento que pudiera adquirir dicho apoyo a lo largo del tiempo, y todo ello gracias a una regulación manual o automatizada con la domótica.",B60P3/32; B60P3/36; B60S9/14; B60S9/21; E04B1/35; E04B1/36; E04H1/12; B62D63/08; E04B1/343; E04B1/34352,
820594-2025,ES2570810A1,Sistema y método de tele-asistencia mediante televisor inteligente,"Sistema y método de tele-asistencia mediante televisor inteligente. El sistema comprende: - un televisor inteligente (2) con cámara de vídeo (20), micrófono (22) y módulo de conectividad IP (26) para su conexión a Internet (3); - un servidor de control (4) encargado de la gestión remota, a través de Internet (3), de los canales disponibles en el televisor inteligente (2), seleccionados entre - canales de televisión tradicional (12), - personas de contacto (11), y - servicios de video-asistencia (9); - un servidor de vídeo (5) encargado de gestionar las comunicaciones por video entre el televisor inteligente (2) y las personas de contacto (11) o los servicios de video-asistencia (9). Con la sencillez de uso de un televisor convencional, permite comunicarse por videollamada a través del televisor con servicios de tele-asistencia, amigos y familia de una manera fácil e intuitiva.",H04N5/445; H04N7/141; H04N7/173; H04N21/4223; H04N21/4788,
820594-2025,ES2326252A1,SISTEMA INALAMBRICO Y METODO DE LECTURA REMOTA DE CONTADORES,"Sistema inalámbrico y método de lectura remota de contadores. Sistema inalámbrico de lectura remota de contadores, que comprende: al menos un dispositivo de almacenamiento (100), conectado a un contador o integrado en un contador, que comprende medios (2) para almacenar datos relativos al consumo; al menos un dispositivo concentrador (200), y un dispositivo central (400). El dispositivo de almacenamiento (100) comprende medios (1, 5, 6) para enviar los datos relativos al consumo al dispositivo concentrador a través de una red de banda estrecha (500), que opera en una banda de frecuencia de uso libre. El dispositivo concentrador comprende medios para reenviar dichos datos al dispositivo central (400) a través de una red de banda ancha (600), que opera en una banda de frecuencia de uso libre.",G01D4/002; G01D4/004; Y02B90/20; Y04S20/30,
820594-2025,ES2424917A2,Sistema de aplicación de productos fitosanitarios adaptable,"Sistema de aplicación de productos fitosanitarios adaptable, que comprende al menos un primer dispositivo (1) de acercamiento horizontal, al menos un segundo dispositivo (2) de sujeción de las boquillas (5) de pulverización con al menos dos tramos (2.1, 2.2) basculantes entre sí para adaptarse a la forma del elemento a pulverizar y, al menos un tercer dispositivo (3) de aplicación del producto. El al menos un tercer dispositivo (3) puede estar formado por un mecanismo de pulverización hidroneumático que comprende un sistema de propulsión de aire (7) sobre una estructura soporte (4) y, al menos una conducción principal (8) conectada por un primer extremo (8.1) al sistema de propulsión de aire (7) y por un segundo extremo (8.2) a un elemento distribuidor (9) y una serie de conducciones secundarias (10) conectadas cada una de ellas por un primer extremo (10.1) al elemento distribuidor (9) y por un segundo extremo (10.2) a una boquilla (5) de pulverización.",A01M7/00; A01B73/06; A01C23/04,
820594-2025,ES2552604A1,SISTEMA Y MÉTODO DE CONTROL DE SUPERVISIÓN VIA UNA RED TELEMÁTICA DE DATOS.,"Sistema y método de control y supervisión vía una red telemática de datos. El sistema es un sistema micro-controlado (1) y supervisa y controla una serie de dispositivos (8) tales como electrodomésticos, equipos de imagen y sonido, o maquinaria industrial. El sistema consta de sensores (3) para la recogida de datos (2) de los dispositivos (8) a controlar y actuadores (3') para enviar instrucciones (2') a dichos dispositivos (8). Los datos e instrucciones son gestionados y almacenados por una centralita (4). La centralita tiene un script (412), conectado a una base de datos (100) de datos (2) e instrucciones (2'), y está conectada a través de internet a un servidor web (300) y éste a un dispositivo exterior de administración (5), tipo tablet, smartphone u ordenador, del sistema (1) a través de una aplicación web (400).",H04L67/12,
820594-2025,ES2600452A1,Método y sistema de mantenimiento predictivo de edificios y estructuras.,"Método y sistema de mantenimiento predictivo de edificios y estructuras, que prevé la instalación de una serie de sensores (S1, S2, S3, ..., Sn) colocados en lugares estratégicos del edificio o de la estructura a controlar, en la cual o bien cada uno de los sensores está conectado mediante cableado a un nodo (NS) que está dotado de una antena de transmisión inalámbrica con un nodo central de comunicación (NC); o bien cada sensor (S1, S2) dispone de medios propios de comunicación inalámbrica y directamente transmite los datos recogidos a dicho nodo central de comunicaciones (NC); presentando cada nodo central una antena de salida que comunica los datos recibidos a un servidor (Serv) existente en un centro de datos (CD), al cual se conectan varios terminales de usuario (T1, T2, T3, ..., Tn) para controlar y gestionar su edificio, que incluye una herramienta informática de predicción (HP), que en función de parámetros físicos y químicos que se miden en los sensores estima el comportamiento y deterioro de la estructura o edificio en el futuro, mediante algoritmos (Alg) que correlacionan los parámetros físico-químicos con los procesos patológicos que se pueden dar en función del tiempo.",A45C13/02; G06Q50/08; A45C13/103; A45C5/14; A45C7/0054; A45C2005/035,
820594-2025,ES2902101A1,"BRAZALETE DE MUÑECA PARA LA MONITORIZACIÓN DE PARÁMETROS BIOQUÍMICOS HUMANOS, FÍSICOS HUMANOS Y MEDIO AMBIENTALES EN TIEMPO REAL EN COMBINACIÓN CON UN SISTEMA DE MÓDULOS DE COMUNICACIÓN, ALMACENAMIENTO E INTELIGENCIA ARTIFICIAL (IA)","La presente invención revela un brazalete de muñeca que permite monitorizar de forma continua las constantes vitales de la persona portadora, así como la adquisición de medidas de ciertos parámetros bioquímicos humanos, físicos humanos y medio ambientales en tiempo real en combinación con un sistema de módulos de comunicación, almacenamiento e inteligencia artificial (IA) comprende una pantalla (12); un indicador luminoso (14); botones (16) que permiten controlar el funcionamiento por parte del usuario; sensores (18), (20) y (22) permiten medir parámetros bioquímicos humanos, parámetros físicos humanos y parámetros medio ambientales; medios de alerta del brazalete; una unidad central de proceso (24) que permite controlar módulos de adquisición de parámetros, un módulo de comunicaciones hombre/máquina (32), un módulo de comunicaciones máquina/máquina (34), al menos un módulo de comunicaciones máquina/sistemas externos (36); un módulo de inteligencia artificial (42) que integra algoritmos de inteligencia artificial (IA); y medios de alimentación energética.",G16H40/67; A61B5/0002; A61B5/0205; A61B5/14532; A61B5/024,
820594-2025,ES2370895A1,Exoesqueleto robotizado vestible para brazo humano.,"La presente invención se refiere a un exoesqueleto robotizado accionado por cables y mecanismos paralelos de reducido peso y volumen, permitiendo al usuario moverse cómodamente y realizar terapias médicas, ayudas a la realización de fuerzas del tipo ortésico, actividades relacionadas con prácticas deportivas o entrenamientos especializados que requieran secuencias de movimientos o ayuda para las tareas cotidianas. El sistema está formado por un chaleco (8), al cual están adosados el exo-brazo (2), el exo-antebrazo (3), una estructura de cinemática paralela del hombro que permite efectuar un seguimiento de los desplazamientos del hombro respecto al cuerpo, un sistema de compensación del peso (4, 5) del conjunto articulado, accionamientos de potencia (6) que permiten mover de manera controlada el brazo articulado, un sistema de alimentación autónomo y una unidad de control basada en computador (1) en la que residirán los procedimientos de control de movimiento, que pueden ser programados, tele-operados o coordinados.",A61F5/013; A61H1/0274; B25J9/0006,
820594-2025,ES2537651A1,Sistema modular estandarizado para la construcción de centros sanitarios u hospitalarios,"La invención prevé la distribución de los distintos espacios del hospital de acuerdo con una serie de módulos de idéntica anchura que se disponen paralelamente entre dos pasillos, un pasillo de circulación técnica (PT) y un pasillo de circulación pública (PP), de modo que entre dichos dos pasillos se establecen los comentados módulos (M1-M2-M3) para zonas técnicas, mixtas y públicas, definiéndose tres zonas perfectamente diferenciadas y cuyo flujo de usuarios se ve optimizado. Los módulos se dividen longitudinalmente en sub-módulos con unas dimensiones preestablecidas de manera que las estancias destinadas a implantarse en su seno son proporcionales a dichas medidas, permitiendo múltiples distribuciones ajustándose a dichas medidas. Para ampliar el hospital solo es preciso alargar los comentados pasillos y añadir los módulos que sean necesarios, siendo fácilmente redistribuibles los módulos ya existentes si es necesario debido a su naturaleza modular.",E04H3/08; E04H1/005,
820594-2025,ES2808969A1,SISTEMA DE PERFUSIÓN DE FÁRMACOS EN LAZO CERRADO CON CONTROL SINÉRGICO,"Sistema de perfusión de fármacos en lazo cerrado con control sinérgico. El objetivo de la invención es realizar un sistema de cálculo automático de perfusión de fármacos aplicable a un paciente para, por ejemplo, inducir un estado anestésico satisfactorio en una intervención quirúrgica. El sistema de cálculo automático estaría condicionado por unos valores objetivo de monitores fisiológicos para evaluar el estado del paciente. La perfusión automática consigue aumentar la seguridad del paciente reduciendo la morbididad y mortalidad postintervención y reducir la continua toma de decisiones del especialista. La invención es un sistema electrónico donde se implementa un controlador MIMO-PID que calcula las perfusiones de varios fármacos en base a un error de control definido por desviaciones del estado del paciente, analizado por varios monitores. Las perfusiones automáticas de fármacos están condicionadas por sistemas de seguridad frente a eventos de infra/sobre-infusión y están complementadas con sistemas de corrección y de prealimentación.",A61B5/00; G16H20/17; G16H40/60; A61B5/1106; A61B5/4821; A61B5/4839; A61M5/1408; A61M5/1723; A61M5/16827; A61M2205/50; A61M2005/14208,
820594-2025,ES2444712A1,SISTEMA TELEMÉTRICO INALÁMBRICO PARA LA MONITORIZACIÓN DE MAGNITUDES ESTÁTICAS Y DINÁMICAS.,"Se propone un sistema telemétrico inalámbrico basado en transmisión de referencia temporal para la monitorización de magnitudes estáticas y dinámicas. El sistema propuesto comprende un instrumento lector y, al menos, un transpondedor que incluye a su vez los transductores asociados a las variables objeto de observación y/o medida. Con objeto de comunicar el instrumento lector y el transpondedor, el sistema también comprende un mecanismo para la transmisión de información relativa a la frecuencia de operación interna del transpondedor hacia el instrumento lector y un método para la determinación remota de la frecuencia de operación interna del transpondedor. El instrumento lector comprende: una antena (11000), una sección de comunicación (12000), una sección de procesado de señal (13000), una sección de cómputo (14000), una unidad de temporización (15000) estable con la temperatura, una sección de interfaz de usuario (16000) y una sección de salida de datos (17000).",H04B5/77; H04Q9/00; H04W4/80; H04B5/45; H04B5/73; A61B5/0024; G01S13/758; H04Q2209/40; H04Q2209/88,
820594-2025,ES2065820A2,SISTEMA MODULAR DE CONSTRUCCION DE PARAMENTOS Y SIMILARES.,"SISTEMA MODULAR DE CONSTRUCCION DE PARAMENTOS Y SIMILARES. EL SISTEMA ESTA BASADO EN LA UTILIZACION DE PANELES ARMADOS Y ALIGERADOS, MODULABLES EN VERTICAL, LOS CUALES SE POSTENSAN Y SE HORMIGONAN SUS JUNTAS PARA CONSEGUIR UN CONJUNTO MONOLITICO. CADA PANEL (1) INCLUYE INTERNAMENTE UN AISLANTE DE POLIESTILENO EXPANDIDO (2), AFECTATO TRANSVERSALMENTE DE PAREJAS DE ORIFICIOS (5) QUE RIGIDIZAN LAS CAPAS DE HORMIGON PERIMETRAL DEL PROPIO PANEL (1). EN CORRESPONDENCIA CON LA MODULACION SE HAN PREVISTO ORIFICIOS (4), MIENTRAS QUE PERIMETRALMENTE CUENTA CON UNA ACANALADURA (3) EN MEDIA CANA. LA DISPOSICION CONTIGUA DE PANELES IGUALES (1) PERMITE OBTENER PARAMENTOS DE CUALQUIER TIPO, APOYOS DIRECTOS DE FORJADOS, MUROS DE CONTENCION, ETC. Y SU UNION SE REALIZA MEDIANTE VARILLAS Y RELLENO DE MORTERO UBICADOS EN LOS ALOJAMIENTOS QUE CONFORMAN LOS ENFRENTAMIENTOS DE LAS ACANALADURAS (3) Y ORIFICIOS PREVISTOS AL EFECTO LONGITUDI NALMENTE EN LOS PROPIOS PANELES (1), EFECTUANDOSE EL POSTENSADO MEDIANTE VARILLAS PASANTES POR LOS ORIFICIOS (4), QUE SE APRIETAN MEDIANTE TUERCAS EXTREMAS ROSCADAS SOBRE LOS EXTREMOS.",,
820594-2025,ES2532132A1,Sistema vestible para interacción con entornos remotos mediante información gestual y sensaciones táctiles y procedimiento de uso,"Sistema vestible para interacción con entornos remotos mediante información gestual y sensaciones táctiles y procedimiento de uso. La presente invención consiste en un sistema vestible (1) que interactúa con un sistema remoto (2) intercambiando información gestual y sensaciones táctiles. El sistema vestible (1) envía información gestual que aporta un usuario humano (3) a través de un traje háptico de captura de movimiento (4) y guantes hápticos de datos (5). El sistema remoto (2) es estimulado por la información gestual recibida y envía al sistema vestible (1) sensaciones táctiles relacionadas a la reacción ante dichos estímulos. El sistema vestible (1) puede utilizarse para tareas de operación remota de máquinas (9) como manipuladores, vehículos autónomos o simuladores de realidad virtual (10). También puede aplicarse en el análisis de procedimientos de rehabilitación. Adicionalmente, dos o más sistemas vestibles (1) pueden utilizarse para complementar la interacción social a distancia entre dos o más usuarios humanos (3).",A61B5/103,
820594-2025,ES2116215A1,"ELECTROSONDA PARA MEDIR EL CONTENIDO DE HUMEDAD DEL SUELO Y LA COMPACTACION DEL MISMO, METODO DE MEDIDA CORRESPONDIENTE Y UTILIZACION DE DICHA ELECTROSONDA.","ELECTROSONDA PARA MEDIR EL CONTENIDO DE HUMEDAD DEL SUELO Y LA COMPACTACION DEL MISMO, METODO DE MEDIDA CORRESPONDIENTE Y UTILIZACION DE DICHA ELECTROSONDA. SE PROPORCIONA UNA SONDA PARA MEDIR POR MEDIO DE UN GEORESISTIMETRO LA RESISTIVIDAD ELECTRICA DEL SUELO EN SENTIDO VERTICAL. LA SONDA PREVISTA EN FORMA DE PICA TIENE PAREJAS DE ELECTRODOS EMISORES (5A-5A) Y RECEPTORES (5B-5B) MONTADOS AL REDEDOR DE UN TUBO (2) PARA GENERAR UNA SEÑAL ELECTRICA DE EXCITACION Y RECIBIR UNA SEÑAL ELECTRICA DE RETORNO QUE ES FUNCION DEL GRADO DE HUMEDAD DEL SUELO Y DE LA COMPACTACION DEL MISMO. LA ELECTROSONDA, ADEMAS DE SERVIR PARA REALIZAR PLANIMETRIAS DE LOS GRADOS DE HUMEDAD DEL SUELO Y DE SU COMPACTACION POR LAS ACCIONES DE LABOREO SEL MISMO, PUEDE UTILIZARSE PARA GENERAR UNA SEÑAL DE CONTROL, PARA GOBIERNO AUTOMATICO DE UNA INSTALACION DE RIEGO.",,
820594-2025,ES2641296A1,"PROCEDIMIENTO, SISTEMA DE CONTROL, NODO DE TRANSDUCTORES, Y PRODUCTO DE PROGRAMA INFORMÁTICO PARA HACER, QUE UNOS O MÁS TRANSDUCTORES COMRENDIDOS EN EL NODO SEAN ACCESIBLES A UNA RED DE TRANSDUCTORES A TRAVÉS DE NODOS DE TRANSDUCTORES INTELIGENTES","Procedimiento, sistema de control, nodo de transductores y producto de programa informático para hacer, por parte de un nodo de transductores y/o por parte de un sistema de control, que unos o más transductores comprendidos en el nodo sean accesibles a una red de transductores cuando el nodo está conectado a la red de transductores. La presente invención se refiere a procedimientos para hacer accesible uno o más transductores de forma automática a una red de transductores, a través de nodos de transductores inteligentes que comprenden al menos uno de los citados transductores; la invención también se refiere a la red de transductores que comprende un sistema de control y al menos un nodo de transductores, configurados para ejecutar los citados procedimientos; de acuerdo con la invención también se definen unos productos de programa informático para llevar a cabo dichos procedimientos.",H04W48/16; H04W84/18; H04L67/125,
820594-2025,ES2374467A1,PROCESO CONSTRUCTIVO DE VIVIENDAS O EDIFICACIONES MODULARES CON PANELES PREFABRICADOS.,"La invención hace referencia a un proceso constructivo de viviendas o edificaciones modulares con paneles prefabricados de hormigón reforzados con fibra de vidrio aplicables para cerramiento externo o paredes de fachada y paredes de chapa tipo sándwich para cerramiento interno o paredes interiores. Estos combinan con estructuras metálicas para formar los cerramientos. Presenta la particularidad de contar con un sistema de anclaje de los paneles entre sí, a la losa de cimentación y a la cubierta. Todo el montaje del sistema se puede realizar en taller, planta de producción o instalación industrial ya que se realiza en seco con un montaje entre uniones mediante tornillería. La vivienda se puede montar dividida en diferentes partes y posteriormente elevarla y trasportarla.",E04B1/34321,
820594-2025,ES2394994A1,DISPOSITIVO DE CONDUCCIÓN ASISTIDA,"Dispositivo de conducción asistida para vehículos que constituye una interfaz hombre - máquina para facilitar la conducción de vehículos (3) propulsados por motores tales como sillas de ruedas, carros eléctricos, etc. y que básicamente comprende un sensor táctil (1) destinado a instalarse en el asa o manillar (2) del vehículo y medios para el procesado y acondicionamiento de la información que proporciona el sensor (1) de forma que las intenciones del usuario se transformen en instrucciones al sistema motor del vehículo.",G05G1/02; G05G1/52; B60L2200/34,
820594-2025,ES2037587A2,INSTALACION DE CAPTACION Y TRATAMIENTO DE LAS LECTURAS DE LOS CONTADORES DE REDES DE DISTRIBUCION DE FLUIDOS.,"INSTALACION DE CAPTACION Y TRATAMIENTO DE LAS LECTURAS DE LOS CONTADORES DE REDES DE DISTRIBUCION DE FLUIDOS. PARTIENDO DE UNA INSTALACION CON CONTADORES DE CONSUMO DE FLUIDO CON UN CAPTADOR, CONECTADOS PERMANENTEMENTE CON CONCENTRADORES PRIMARIOS A LOS QUE TRANSMITEN IMPULSOS DE LECTURA, SE HACE QUE DICHA INSTALACION COMPRENDA ADEMAS CONCENTRADORES SECUNDARIOS Y CONCENTRADORES TERCIARIOS, QUE CADA CONCENTRADOR PRIMARIO ESTE CONECTADO PERMANENTEMENTE CON UNO DE LOS CONCENTRADORES SECUNDARIOS Y TENGA MEDIOS PARA TRANSMITIRLE IMPULSOS DE LECTURA Y PARA RECIBIR IMPULSOS DE CONTROL PROCEDENTES DE DICHO CONCENTRADOR SECUNDARIO, Y QUE CADA CONCENTRADOR SECUNDARIO ESTE CONECTADO CON EL CONCENTRADOR TERCIARIO O CON UNO DE LOS CONCENTRADORES TERCIARIOS Y TENGA MEDIOS PARA TRANSMITIRLE IMPULSOS Y PARA RECIBIR IMPULSOS DE CONTROL PROCEDENTES DE DICHO CONCENTRADOR TERCIARIO. LA INVENCION SE APLICA A REDES DE FLUIDOS PARA CENTRALIZAR SU CONTROL.",,
820594-2025,ES2134683A1,"SISTEMAS, FIJACIONES, PANELES Y ESTRUCTURA PERFECCIONADAS, PARA VIVIENDAS PREFABRICADAS, TIPO ""IGLOO"".","Sistemas, fijaciones, paneles y estructura perfeccionadas, para viviendas prefabricadas, tipo ""Igloo''. Se trata de una construcción modular e industrializadas de viviendas prefabricadas, tipo Igloo. Mediante la utilización de los sistemas y paneles descritos en el título de la invención. La esencia es hacer factible la construcción de la vivienda, en cualquier lugar, por cualquier persona, -manumontándola- (es decir: sin necesidad de medios mecánicos como grúas, etc.) de una vivienda prefabricada compuesta por paneles perfeccionados, que incorporan: cerramiento, estructura y aislamiento en cada Unidad de panel, y que éstos pueden estar formados por triángulos u otros polígonos, inscritos en semiesferas, parábolas o cualquier cuerpo de revolución similar. Además de las figuras mostradas en los dibujos, existen un gran número de alternativas o variantes, que salvo por la participación de diferentes polígonos elementales en la formación de la semiesfera, es resto de características y filosofíade construcción, son las mismas.",,
