Family_ID,Publication_Numbers,Compound,Relevance_Class,Therapeutic_Application,Formulation,Drug_Delivery,Combination_Therapy,Diagnostic_Application,Manufacturing,Chemical_Modification,Conjugation,Purification_Isolation,Other_Application,Evidence,Confidence,Human_Review
59067913,ES-2951650-T3,Brentuximab vedotin,Directly Relevant,Yes,No,No,Yes,No,No,No,No,No,,"Claim 1 specifically claims a combination therapy of nivolumab + brentuximab vedotin (1.8 mg/kg) for relapsed/refractory Hodgkin lymphoma, with a defined dosing schedule.",High,No
59337521,ES-2724408-T3;ES-2776880-T3,Brentuximab vedotin; Cytarabine; Trabectedin,Incidental Mention,No,No,No,No,No,No,No,No,No,Packaging/device,"Brentuximab vedotin appears only in a Markush-style list of ~40 cytotoxic drugs compatible with the claimed flexible multi-chamber lyophilization bag; the invention is a pharmaceutical packaging device, unrelated to the compound itself.",High,No
48948166,US-11366118-B2,Brentuximab_vedotin,Directly Relevant,Yes,No,No,No,Yes,No,No,No,No,,"Claim 1 specifically identifies the CD30-directed antibody-drug conjugate therapy as brentuximab vedotin, administered at a defined dose (1.8 mg/kg every three weeks), for patients selected by CD30 expression detection.",High,No
59631857,ES-2951552-T3,Brentuximab vedotin,Incidental Mention,No,No,No,No,No,No,No,No,No,,Brentuximab vedotin appears only in a ~20-item antibody list as an alternative targeting moiety option for the claimed immunomodulatory polypeptide platform.,High,No
62196678,ES-2983677-T3,Brentuximab vedotin,Incidental Mention,No,No,No,No,No,No,No,No,No,,"Brentuximab vedotin appears only in a long list (~30 items) of immunomodulatory drugs usable in a mouse-model cytokine-release-syndrome toxicity assay; the invention is the assay method, not the drug.",High,No
62790985,US-20240109952-A1,Brentuximab_vedotin,Incidental Mention,No,No,No,No,No,No,No,No,No,,Brentuximab vedotin appears only in a long generic list (~25+ items) of known antibody-drug conjugates/antibodies illustrating a SIRPalpha-41BBL fusion protein's possible combination partners; not the invention's focus.,High,No
57983500,ES-2881771-T3,Brentuximab vedotin,Incidental Mention,No,No,No,No,No,No,No,No,No,,Brentuximab vedotin appears only in a ~35-item list of antibodies that may be co-administered with the claimed SIRP-alpha polypeptide; the invention is the polypeptide itself.,High,No
58668412,ES-2905556-T3,Brentuximab vedotin; Cytarabine,Incidental Mention,No,No,No,No,No,No,No,No,No,,Brentuximab vedotin appears only in a dependent claim's list (~35 drugs) of chemotherapy agents that can cause the mucositis the invention treats; the invention is a fatty-acid-derivative compound for mucositis.,High,No
67874498,US-20240352526-A1,Brentuximab_vedotin; Cytarabine; Polatuzumab_vedotin,Directly Relevant,No,No,No,No,Yes,No,No,No,No,,"Claim 1 specifically recites a genetic-test method for assessing PML risk 'wherein the immunosuppressive agent comprises brentuximab vedotin' -- the compound is the defined therapy being risk-monitored, not a background example. | [also classified Incidental Mention under Polatuzumab_vedotin] | [also classified Incidental Mention under Cytarabine]",High,No
46650947,EP-3321281-B1,Brentuximab_vedotin,Incidental Mention,No,No,No,No,No,No,No,No,No,,Brentuximab vedotin appears only in a very long (~100+) generic antibody list illustrating candidate cell-binding molecules for P97-fragment conjugates; unrelated core invention.,High,No
pub:HK-40063153-A,HK-40063153-A,Brentuximab_vedotin; Polatuzumab_vedotin,Incidental Mention,No,No,No,No,No,No,No,No,No,,Brentuximab named among ~20 example antibody-drug-conjugate antibodies for a saponin-conjugate platform; not singled out.,High,No
52293317,US-20180208577-A1,Brentuximab_vedotin,Incidental Mention,No,No,No,No,No,No,No,No,No,,Brentuximab vedotin appears only in a ~12-item antibody-therapy list as one combinable option with the claimed compound; unrelated core invention.,High,No
72659328,ES-3014597-T3,Brentuximab vedotin,Incidental Mention,No,No,No,No,No,No,No,No,No,,Brentuximab vedotin appears only in a ~25-item list of therapeutic proteins compatible with the claimed lipolytic-activity detection composition/kit; unrelated invention (assay chemistry).,High,No
56563560,US-20250134837-A1,Brentuximab_vedotin,Incidental Mention,No,No,No,No,No,No,No,No,No,,Brentuximab vedotin appears only in an 11-item antibody list as one option for the claimed IRS/STAT3-modulator combination; not singled out.,High,No
45975893,ES-3004351-T3,Brentuximab vedotin,Directly Relevant,Yes,No,No,Yes,No,No,No,No,No,,"Dependent claim 17 specifically recites ""the antibody-drug conjugate is brentuximab vedotin"" as an embodiment of the claimed auristatin-ADC + PI3K-AKT-mTOR-inhibitor combination cancer therapy.",High,No
56686842,US-20180305451-A1,Brentuximab_vedotin,Incidental Mention,No,No,No,No,No,No,No,No,No,,Brentuximab vedotin appears only in a long list of known ADCs/immunoconjugates as background for a HIDE1-composition invention; unrelated core invention.,High,No
52117996,US-12011421-B2,Brentuximab_vedotin,Incidental Mention,No,No,No,No,No,No,No,No,No,,Brentuximab vedotin appears only in an extremely long (~60+) generic antibody list for a curcuphenol-compound MHC-I-expression invention; unrelated core invention.,High,No
54480822,EP-3646862-A1,Brentuximab_vedotin,Incidental Mention,No,No,No,No,No,No,No,No,No,,Brentuximab vedotin appears only in a ~20-item list of drugs that can cause the thrombocytopenia the invention treats; same pattern as the earlier-classified mucositis family (58668412).,High,No
63036509,ES-3002968-T3,Brentuximab vedotin,Incidental Mention,No,No,No,No,No,No,No,No,No,,Brentuximab vedotin appears only in a very long generic list of antibody drugs as one dosing-combination option for the claimed NLRP3-modulator compounds; unrelated core invention.,High,No
59067911,US-20250134996-A1,Brentuximab_vedotin,Directly Relevant,Yes,No,No,No,No,No,No,No,No,,"Claim 1 specifically defines the eligible patient population as those not responsive to prior brentuximab vedotin treatment, for a nivolumab Hodgkin-lymphoma method -- brentuximab vedotin is a defining element of the claimed therapeutic method.",High,No
59900801,EP-3432905-B1,Brentuximab_vedotin,Indirectly Relevant,No,No,No,Yes,No,No,No,No,No,,"Brentuximab vedotin is one of 4 specifically named chemotherapeutic options (MMAE, brentuximab vedotin, glembatumumab, AGS67E) combinable with the claimed HSV-vector gene therapy for chemo-induced peripheral neuropathy -- a real but non-exclusive combination option, short list not a generic background dump.",Medium,Yes
66182633,US-12429405-B2,Brentuximab_vedotin,Incidental Mention,No,No,No,No,No,No,No,No,No,,Brentuximab vedotin appears only in an extremely long (~150+) generic antibody list illustrating sample types for a mass-spectrometry sample-prep method; unrelated core invention.,High,No
53878794,ES-2978993-T3,Brentuximab vedotin,Incidental Mention,No,No,No,No,No,No,No,No,No,,"Brentuximab vedotin named once in background/description among a ~15-item list of FDA-approved and clinical-stage ADCs, as general context for the ADC field; the invention is a Trop-2/CD3 bispecific antibody.",High,No
47682058,EP-2802871-B1,Brentuximab_vedotin,Incidental Mention,No,No,No,No,No,No,No,No,No,,Brentuximab vedotin appears only in a long list of biologics as example analytes for a subvisible-particle characterization method; unrelated core invention.,High,No
49483867,ES-2861393-T3,Brentuximab vedotin,Incidental Mention,No,No,No,No,No,No,No,No,No,,"Brentuximab vedotin appears only in a ~10-item list of cancer-targeted antibodies usable as the ""immunotherapy"" combined with the claimed bardoxolone methyl derivative.",High,No
55858921,EP-3738611-B1,Brentuximab_vedotin,Incidental Mention,No,No,No,No,No,No,No,No,No,,Brentuximab vedotin appears only in a comprehensive background list (~50 items) of known antibody-antigen pairs for a cancer-stem-cell diagnosis/therapy invention; unrelated core invention.,High,No
pub:HK-40120510-A,HK-40120510-A,Brentuximab_vedotin,Incidental Mention,No,No,No,No,No,No,No,No,No,,Same charged-depth-filtration purification invention and Markush antibody list already classified Incidental under family 56802689 (ES-2995985-T3/ES-2964640-T3); this is another family member with the same pattern.,High,No
55701917,ES-2898867-T3,Brentuximab vedotin,Incidental Mention,No,No,No,No,No,No,No,No,No,,Brentuximab vedotin appears only in a ~15-item list of exemplary monoclonal anticancer antibodies usable in the claimed multispecific-antibody bladder-cancer composition; not the invention itself.,High,No
pub:NZ-728265-B2,NZ-728265-B2,Brentuximab_vedotin,Incidental Mention,No,No,No,No,No,No,No,No,No,,Brentuximab vedotin appears only in an extremely long generic antibody list for an organ-transplant/antibody-therapy method; unrelated core invention.,High,No
63490700,ES-2948287-T3,Brentuximab vedotin,Incidental Mention,No,No,No,Yes(borderline),No,No,No,No,No,,"Brentuximab vedotin is named as an example within the ""ADC"" combination-therapy category (one of 5 therapy classes: chemo/targeted/ADC/immunotherapy/CAR-T) that may be combined with the claimed Bcl-2 inhibitor; more specific than a pure background list but still one example among many, not the focus of the invention.",Medium,Yes
70057223,US-12493019-B2,Brentuximab_vedotin,Incidental Mention,No,No,No,No,No,No,No,No,No,,Brentuximab vedotin appears only in an extremely long (~150+) generic antibody list for a protein-stability-determination method; unrelated core invention.,High,No
50681898,EP-3299019-B1,Brentuximab_vedotin; Cytarabine; Trabectedin,Incidental Mention,No,No,No,No,No,No,No,No,No,,Brentuximab vedotin appears only in a long list (~30 items) of combinable kinase inhibitors/antibodies for PI3K-modulator compounds; unrelated core invention.,High,No
69165612,AU-2019396614-A1,Brentuximab_vedotin,Incidental Mention,No,No,No,No,No,No,No,No,No,,Brentuximab vedotin appears only in an extremely long generic antibody list for a protein-concentration-determination method; unrelated core invention.,High,No
46513877,BR-112014002219-A2,Brentuximab_vedotin; Cytarabine,Incidental Mention,No,No,No,No,No,No,No,No,No,,Brentuximab vedotin appears only in a very long generic antibody list of candidate cell-binding molecules for P97-conjugate technology; unrelated core invention.,High,No
54264150,EP-4257186-A2,Brentuximab_vedotin,Incidental Mention,No,No,No,No,No,No,No,No,No,,Brentuximab vedotin appears only in a ~15-item list of known therapeutic antibodies as example affinity-medicant-conjugate components; unrelated core invention.,High,No
pub:HK-40019879-A,HK-40019879-A,Brentuximab_vedotin; Cytarabine,Incidental Mention,No,No,No,No,No,No,No,No,No,,Brentuximab vedotin appears only in a long list (~30 items) of known cancer drugs/biologics as background for a TRAILSHORT-antibody invention; unrelated core invention.,High,No
54241398,EP-3319936-B1,Brentuximab_vedotin,Incidental Mention,No,No,No,No,No,No,No,No,No,,Brentuximab vedotin appears only in an extremely long (~100+) generic drug list for a bridge-linker conjugation-chemistry invention; unrelated core invention.,High,No
58714966,AU-2018268304-B2,Brentuximab_vedotin,Indirectly Relevant,No,No,No,Yes,No,No,No,No,No,,"Claim 17 specifically states the antibody-drug conjugate combined with the claimed anti-SIRPalpha antibody 'is trastuzumab emtansine or brentuximab vedotin' -- one of only two specifically named ADC combination options, not a background list.",Medium,Yes
45840985,US-20150125443-A1,Brentuximab_vedotin; Polatuzumab_vedotin,Incidental Mention,No,No,No,No,No,No,No,No,No,,Brentuximab vedotin appears only in an extremely long generic antibody list for a combined antibody/endoglycosidase therapy invention; unrelated core invention.,High,No
51351332,EP-2958564-B1,Brentuximab_vedotin; Cytarabine; Trabectedin,Incidental Mention,No,No,No,No,No,No,No,No,No,,"Same PI3K-modulator pattern and Markush list as family 50681898; brentuximab vedotin one of ~30 combinable agents, not the invention's focus.",High,No
52396337,US-20180002435-A1,Brentuximab_vedotin,Incidental Mention,No,No,No,No,No,No,No,No,No,,Brentuximab vedotin appears only in a ~20-item list of mAb-specific epitopes for a chimeric-antigen-receptor sorting system; unrelated core invention.,High,No
50473801,US-20200376092-A1,Brentuximab_vedotin,Incidental Mention,No,No,No,No,No,No,No,No,No,,Brentuximab vedotin appears only in a very long generic antibody list of candidate cell-binding molecules for P97-fragment technology; unrelated core invention.,High,No
63350600,ES-2978396-T3,Brentuximab vedotin,Incidental Mention,No,No,No,No,No,No,No,No,No,,"Same ~150+-item generic antibody list as family 63350601, in a sister patent on real-time mass-spectrometry sample preparation; unrelated invention.",High,No
50341876,US-20160166697-A1,Brentuximab_vedotin; Cytarabine,Incidental Mention,No,No,No,No,No,No,No,No,No,,Brentuximab vedotin appears only in a long background list (~30 items) of known cancer antibodies for a general cancer-treatment method; unrelated core invention.,High,No
58634582,EP-4046655-A9,Brentuximab_vedotin; Cytarabine,Incidental Mention,No,No,No,Yes,No,No,No,No,No,,"Brentuximab vedotin is one of ~13 chemotherapy/targeted-agent options in a Markush-style combination option for anti-PD-1 antibody use; list length places it closer to generic-list Incidental than a singled-out embodiment, though borderline.",Medium,Yes
66166525,US-12405275-B2,Brentuximab_vedotin,Incidental Mention,No,No,No,No,No,No,No,No,No,,Brentuximab vedotin appears only in an extremely long (~150+) generic antibody list for a trypsin-resistant-polypeptide preparation method; unrelated core invention.,High,No
66949183,IL-275500-B2,Brentuximab_vedotin,Incidental Mention,No,No,No,No,No,No,No,No,No,,Brentuximab vedotin appears only in a long list (~40 items) of known immunomodulatory drugs as background for C5aR-inhibitor compounds; unrelated core invention.,High,No
68054774,EP-3773563-A1,Brentuximab_vedotin,Incidental Mention,No,No,No,No,No,No,No,No,No,,"Same C5aR-antagonist pattern and drug list as family 66949183; brentuximab vedotin one of ~40 background examples, not the invention's focus.",High,No
49551134,US-9931359-B2,Brentuximab_vedotin,Incidental Mention,No,No,No,Yes,No,No,No,No,No,,"Brentuximab vedotin is one of 8 named ADCs in a Markush-style list of options for an anti-tumor antibody/drug-conjugate infusion method; a real but generic alternatives list, not a singled-out claim.",Medium,Yes
55077927,HK-1232224-A1,Brentuximab_vedotin; Cytarabine; Trabectedin,Incidental Mention,No,No,No,No,No,No,No,No,No,,Same PI3K/kinase-inhibitor combinable-agent pattern and long Markush list as families 50681898/51351332; brentuximab vedotin not singled out.,High,No
47720472,ES-2806678-T3,Brentuximab vedotin,Incidental Mention,No,No,No,No,No,No,No,No,No,,Brentuximab vedotin appears only in an extremely long (~200+) generic list of antibody-class therapeutic proteins the claimed mRNA histone-stem-loop expression platform could encode.,High,No
65001137,AU-2018299536-B2,Brentuximab_vedotin; Trabectedin,Incidental Mention,No,No,No,No,No,No,No,No,No,,Same long combinable-kinase-inhibitor/antibody list pattern as related PI3K-modulator families; brentuximab vedotin not singled out.,High,No
63038706,EP-4632080-A2,Brentuximab_vedotin,Incidental Mention,No,No,No,No,Yes,No,No,No,No,,"Same viral-disease-risk-assessment invention concept as the Directly Relevant family 67874498, but this claim uses a broader ~15-item immunosuppressive-medicament Markush list rather than naming brentuximab vedotin specifically -- list length places it as Incidental despite the related invention, flagged given the nuance.",Medium,Yes
47073382,US-20150272945-A1,Brentuximab_vedotin; Cytarabine; Eribulin_mesylate,Incidental Mention,No,No,No,No,No,No,No,No,No,,Brentuximab vedotin appears only in a very long generic chemotherapy-drug list as background for a masitinib patient-subpopulation-selection invention; unrelated core invention.,High,No
59311397,NZ-743923-A,Brentuximab_vedotin,Incidental Mention,No,No,No,No,No,No,No,No,No,,Brentuximab vedotin appears only in an extremely long (200+) generic antibody-name list for a chimeric-proteins/immunotherapy invention; unrelated core invention.,High,No
68982441,EP-4427810-A2,Brentuximab_vedotin,Incidental Mention,No,No,No,No,No,No,No,No,No,,Brentuximab vedotin is one of ~11 named bridging-chemotherapy options for an adoptive-cell-therapy method; a real but generic alternatives list.,High,No
pub:HK-40003517-B,HK-40003517-B,Brentuximab_vedotin,Incidental Mention,No,No,No,No,No,No,No,No,No,,Same NLRP3-modulator pattern and drug list already classified Incidental under family 63036509 (ES-3002968-T3); this is another family member with the same pattern.,High,No
63350601,ES-2978397-T3,Brentuximab vedotin,Incidental Mention,No,No,No,No,No,No,No,No,No,,Brentuximab vedotin appears only in an extremely long (~150+) generic antibody-name list illustrating sample types for the claimed real-time glycan-assay system; unrelated invention (analytical instrumentation).,High,No
57942495,CA-2991868-A1,Brentuximab_vedotin; Cytarabine; Eribulin_mesylate,Incidental Mention,No,No,No,No,No,No,No,No,No,,Brentuximab vedotin (as brand name Adcetris) appears only in an extremely long (200+) generic cancer-drug-name list for a MSPD2/cancer invention; unrelated core invention.,High,No
77520789,IL-298855-A,Brentuximab_vedotin; Cytarabine; Enfortumab_vedotin + Polatuzumab_vedotin (MULTIPLE),Incidental Mention,No,No,No,No,No,No,No,No,No,,"Brentuximab vedotin is one of 9 named ADCs in a Markush-style list of options for a deoxyuridine-triphosphatase-inhibitor combination-therapy claim; borderline given the shorter list, but still a generic-alternatives format.",Medium,Yes
47624111,EP-2809657-B1,Brentuximab_vedotin; Cytarabine,Incidental Mention,No,No,No,No,No,No,No,No,No,,Brentuximab vedotin appears only in a ~25-item list of other therapeutic agents combinable with the claimed novel therapeutic agents; unrelated core invention.,High,No
63407234,US-20200281932-A1,Brentuximab_vedotin; Cytarabine; Trabectedin,Incidental Mention,No,No,No,No,No,No,No,No,No,,Brentuximab vedotin appears only in an extremely long generic drug-name list for a copanlisib-formulation invention; unrelated core invention.,High,No
62145906,JP-2020502065-A,Brentuximab_vedotin; Cytarabine,Incidental Mention,No,No,No,No,No,No,No,No,No,,Brentuximab vedotin appears only in a long list (~20 items) of known cancer antibodies/drugs as background for a dihydroimidazole-pyrimido-pyrimidine-ketone compound invention; unrelated core invention.,High,No
70005713,WO-2020168156-A1,Brentuximab_vedotin,Incidental Mention,No,No,No,No,No,No,No,No,No,,Same extremely long generic antibody-list pattern as related real-time-assay/sample-prep families (e.g. 66182633); unrelated core invention.,High,No
65955185,IL-277421-A,Brentuximab_vedotin,Incidental Mention,No,No,No,No,No,No,No,No,No,,Brentuximab vedotin (Adcetris) appears only among ~10 branded biologics listed as examples for a compositions invention; unrelated core invention.,High,No
75686256,IL-292570-A,Brentuximab_vedotin; Cytarabine,Incidental Mention,No,No,No,No,No,No,No,No,No,,Brentuximab vedotin appears only in a list of known therapeutic antibodies as background for CD73-inhibitor compounds; unrelated core invention.,High,No
pub:IN-201747032980-A,IN-201747032980-A,Brentuximab_vedotin; Cytarabine,Incidental Mention,No,No,No,No,No,No,No,No,No,,"Brentuximab vedotin (Adcetris) is discussed only as prior-art background describing the known CD30-ADC class, for an invention about FLT3-targeted ADCs; not the claimed invention.",High,No
pub:HK-40006091-A,HK-40006091-A,Omega3_carboxylic_acid,Incidental Mention,No,No,No,No,No,No,No,No,No,,Omega-3 carboxylic acid appears only in a long generic list of liver-fibrosis drug candidates/comparators; not the invention's subject.,High,No
50685178,US-12350261-B2,Plitidepsin,Incidental Mention,No,No,No,No,No,No,No,No,No,,Plitidepsin appears only in a ~20-item list of anti-VEGF-related compounds usable in the claimed ocular-disease treatment device; not the invention's focus.,High,No
50239666,EP-2992953-B1,Plitidepsin,Indirectly Relevant,No,No,Yes,No,No,No,No,No,No,,"Claim 11 names plitidepsin as one of only two preferred antitumoral active ingredients (""preferably paclitaxel or plitidepsin"") for the claimed microencapsulation drug-delivery invention.",Medium,Yes
78083570,US-20230218596-A1,Plitidepsin; Vidarabine,Incidental Mention,No,No,No,No,No,No,No,No,No,,Plitidepsin appears only in a ~25-item list of drugs investigated/mentioned for COVID-19 treatment; the invention is about a neutrophil elastase inhibitor (alvelestat).,High,No
64477081,ES-2711669-A1,Plitidepsin,Indirectly Relevant,No,No,Yes,No,No,No,No,No,No,,Named within a ~60-item list of candidate hydrophobic payloads for a polysialic-acid nanocapsule drug-delivery system; delivery technology explicitly includes it as a named application but does not single it out. (Consistent with the earlier cc=ES screening's classification of this same family.),Medium,Yes
37246305,EP-2074992-A1,Omega3_acid_ethyl_esters,Incidental Mention,No,No,No,No,No,No,No,No,No,,Appears only in a ~15-item list of lipid-lowering agents as one dependent-claim option for a pharmaceutical formulation platform unrelated to it specifically.,High,No
40226045,EP-2172225-B1,Omega3_acid_ethyl_esters,Directly Relevant,No,Yes,Yes,No,No,No,No,No,No,,Omega-3-acid ethyl esters (European Pharmacopoeia formulation) is the specific active-ingredient composition example built into the claimed seamless-capsule drug-delivery invention (claim 5 and throughout description).,High,No
50513493,US-10639308-B2,Omega3_acid_ethyl_esters,Incidental Mention,No,No,No,No,No,No,No,No,No,,"Appears only among several ""other lipid lowering agents"" in a long combination-therapy background list for an sGC-stimulator invention unrelated to it.",High,No
48699862,WO-2013150386-A2,Omega3_acid_ethyl_esters,Directly Relevant,Yes,Yes,No,No,No,No,No,No,No,,"Claim 66 specifically claims the fatty-acid oil mixture as chosen between only two pharmacopeia-defined forms, one being ""European Pharmacopoeia Omega-3 acid Ethyl Esters 60"", for the claimed acne/eczema treatment composition.",Medium,No
45871300,NO-2022039-I1,Enfortumab_vedotin,Directly Relevant,Yes,No,No,No,No,No,No,No,No,,"Norwegian SPC (supplementary protection certificate) filing whose title is exactly ""Enfortumab vedotin"" -- an SPC extends patent term specifically for one marketed drug, so this filing is definitionally about the compound itself despite minimal claim text.",High,No
74494891,AU-2021213421-B2,Enfortumab_vedotin,Directly Relevant,Yes,No,No,No,No,No,No,No,No,,"Claim 2 explicitly recites ""the Nectin-4-binding protein conjugated to an auristatin is enfortumab vedotin"" as the specific claimed therapeutic agent for treating relapsed/progressed urothelial cancer.",High,No
pub:NZ-743923-B2,NZ-743923-B2,Enfortumab_vedotin + Polatuzumab_vedotin (MULTIPLE),Incidental Mention,No,No,No,No,No,No,No,No,No,,Appears only in an extremely long alphabetical list of antibody-class drug names as an example of a chimeric-protein immunotherapy target; unrelated core invention.,High,No
85173151,TW-I834442-B,Enfortumab_vedotin,Indirectly Relevant,No,No,No,Yes,No,No,No,No,No,,Claim 45 names enfortumab vedotin as one of 4 specifically-listed ADC combination-partner options (not a long generic list) for the claimed IKAROS zinc-finger degrader invention.,Medium,Yes
85703921,WO-2023178181-A1,Enfortumab_vedotin,Indirectly Relevant,No,No,No,Yes,No,No,No,No,No,,"Claim 160 names enfortumab vedotin as one of 4 specifically-listed ADC options (sibling filing/continuation of TW-I834442-B, same pattern) for the claimed IKAROS degrader invention.",Medium,Yes
54261107,CA-3069221-A1,Polatuzumab_vedotin,Directly Relevant,Yes,No,No,Yes,No,No,No,No,No,,Same family as ES-2796903-T3 already classified Directly Relevant in the earlier cc=ES screening: claim 1 specifically claims polatuzumab vedotin in combination with rituximab/obinutuzumab and bendamustine for B-cell proliferative disorder.,High,No
52394341,US-11186650-B2,Polatuzumab_vedotin,Directly Relevant,Yes,No,No,Yes,No,No,No,No,No,,"Multiple parallel dependent claims (15, 31, 48, 64, 76) each specifically add ""administering to the subject polatuzumab vedotin"" as an explicit optional combination step of the claimed bispecific-antibody method; specifically and repeatedly named, not a background list.",High,No
39929686,NO-2020020-I1,Polatuzumab_vedotin,Directly Relevant,Yes,No,No,No,No,No,No,No,No,,"Norwegian SPC filing whose title is exactly ""Polatuzumab vedotin"" -- same SPC pattern as the Enfortumab vedotin filing above.",High,No
51587261,IL-249981-B,Polatuzumab_vedotin,Incidental Mention,No,No,No,No,No,No,No,No,No,,Appears only in an extremely long alphabetical antibody-name list as example content for the claimed Fc-receptor-binding pharmaceutical composition; unrelated core invention.,High,No
27052304,LU-91181-I2,Ziconotide,Directly Relevant,Yes,No,No,No,No,No,No,No,No,,"Luxembourg SPC (supplementary protection certificate) filing titled exactly ""Ziconotide... including ziconotide acetate (Prialt)"" -- definitionally about the compound itself.",High,No
pub:AU-2001278045-A1,AU-2001278045-A1,Ziconotide,Incidental Mention,No,No,No,No,No,No,No,No,No,,Ziconotide appears only as the last item in a ~15-item calcium-channel-blocker list for an unrelated aldosterone-antagonist combination-therapy invention.,High,No
pub:HK-40034124-A,HK-40034124-A,Ziconotide,Incidental Mention,No,No,No,No,No,No,No,No,No,,Ziconotide appears only in a ~20-item list of peptide active ingredients usable in a generic sustained-release non-aqueous-carrier formulation platform.,High,No
46000314,US-11771695-B2,Eribulin_mesylate; Trabectedin; Ziconotide,Incidental Mention,No,No,No,No,No,No,No,No,No,,Ziconotide appears only at the end of a long NSAID/analgesic list for a cannabinoid-receptor-modulator invention unrelated to it.,High,No
56092296,CA-2966358-C,Ziconotide,Incidental Mention,No,No,No,No,No,No,No,No,No,,Ziconotide is one of ~10 named therapeutic peptides (each with its own SEQ ID) usable as cargo for a generic peptide-fusion-partner production platform; not singled out.,Medium,No
43498493,WO-2011060944-A2,Ziconotide,Incidental Mention,No,No,No,No,No,No,No,No,No,,Ziconotide appears only in a long list of calcium-channel-blocker examples for a polyunsaturated-fatty-acid-ester capsule formulation invention unrelated to it.,High,No
40732263,EP-3184105-A1,Ziconotide,Incidental Mention,No,No,No,No,No,No,No,No,No,,Ziconotide appears only in a long list of pain-relief active substances usable in an abuse-resistant pharmaceutical composition platform.,High,No
36037053,EP-1797109-B1,Ziconotide,Incidental Mention,No,No,No,No,No,No,No,No,No,,Ziconotide appears only among ~15 alternative multiple-sclerosis drugs usable alongside a claimed polypeptide-mixture composition.,High,No
40636729,US-8062870-B2,Ziconotide,Incidental Mention,No,No,No,No,No,No,No,No,No,,"Ziconotide appears only within an extremely long (100+) alphabetical generic drug-name list, for a prodrug-synthesis chemistry invention unrelated to it.",High,No
56974608,US-12296043-B2,Ziconotide,Incidental Mention,No,No,No,No,No,No,No,No,No,,"Ziconotide appears only in a ~25-item analgesic list for a ""Liquisoft capsules"" generic formulation platform.",High,No
37199222,US-20060276626-A1,Ziconotide,Incidental Mention,No,No,No,No,No,No,No,No,No,,Ziconotide acetate is one of ~10 named peptide-acetate products of a generic peptide-production process; not singled out as the invention's subject.,High,No
48900920,CA-2997282-A1,Ziconotide,Incidental Mention,No,No,No,No,No,No,No,No,No,,Ziconotide appears only in a long (~30-item) local-anesthetic/analgesic list for a flecainide anti-connexin invention unrelated to it.,High,No
22722582,TN-SN01053-A1,Ziconotide,Incidental Mention,No,No,No,No,No,No,No,No,No,,Ziconotide (branded Ziconotide(R)) named as an example N-type calcium-channel-antagonist analgesic within a ~15-item analgesic list for a nicotine-receptor-agonist composition claim.,Medium,No
53761914,CA-2950469-A1,Ziconotide,Incidental Mention,No,No,No,No,No,No,No,No,No,,Ziconotide appears only in a ~10-item calcium-channel-antagonist list for a buspirone-metabolite-use invention unrelated to it.,High,No
40823379,US-20110053848-A1,Ziconotide,Incidental Mention,No,No,No,No,No,No,No,No,No,,"Ziconotide appears only within a long generic protein/peptide-drug list as an example ""D-H"" component of a generic prodrug-linker-conjugate platform.",High,No
22332446,NZ-505762-A,Ziconotide,Incidental Mention,No,No,No,No,No,No,No,No,No,,Ziconotide (as code name SNX-111) named as one of ~6 reference compounds in a celecoxib-composition-dosage patent; not the invention's subject.,High,No
39402350,AU-2007319657-B9,Ziconotide,Incidental Mention,No,No,No,No,No,No,No,No,No,,"Ziconotide appears only in an extremely long alphabetical registry-style list of biologic/company drug names, for a glycerol-linked pegylated-sugar invention unrelated to it.",High,No
43332838,MA-35576-B1,Ziconotide,Incidental Mention,No,No,No,No,No,No,No,No,No,,Ziconotide named as the example N-type calcium-channel blocker within a multi-class background list of pain-pathway drug classes; not a claimed embodiment.,High,No
74187564,US-20210177802-A1,Eribulin_mesylate,Directly Relevant,Yes,No,Yes,Yes,No,No,No,No,No,,Claims specifically require a liposomal composition of eribulin/eribulin mesylate combined with a PD-1 antagonist for treating specific tumor types.,High,No
pub:IN-349478-B,IN-349478-B,Eribulin_mesylate,Directly Relevant,No,No,No,No,No,Yes,Yes,No,No,,Claims are specifically a method of preparing an intermediate in the synthesis of eribulin (macrocyclization reaction).,High,No
60159748,US-20190111022-A1,Eribulin_mesylate,Directly Relevant,Yes,Yes,Yes,No,No,No,No,No,No,,Claims specifically require a liposome composition comprising eribulin/eribulin mesylate for inhibiting tumor growth across a defined list of cancers.,High,No
51210708,CA-2915005-C,Eribulin_mesylate,Directly Relevant,Yes,No,No,Yes,No,No,No,No,No,,"Title and claim 1 are specifically ""Use of eribulin and lenvatinib as combination therapy for treatment of cancer""; eribulin mesylate specifically claimed.",High,No
50189819,AU-2014200717-A1,Eribulin_mesylate,Directly Relevant,No,Yes,Yes,No,No,Yes,No,No,No,,Claims specifically require a liposome composition containing eribulin/eribulin mesylate and its method of manufacture.,High,No
62710318,US-10865212-B2,Eribulin_mesylate,Directly Relevant,No,No,No,No,No,Yes,Yes,No,No,,Title and claims are specifically about a synthesis intermediate and process for preparing eribulin mesylate (the API of Halaven).,High,No
45879070,US-20140235707-A1,Eribulin_mesylate,Directly Relevant,No,No,No,No,Yes,No,No,No,No,,Title and claims are specifically about biomarker-based methods for predicting/determining whether eribulin will be effective in treating breast cancer.,High,No
pub:IN-201647018392-A,IN-201647018392-A,Eribulin_mesylate,Directly Relevant,No,No,No,No,No,Yes,Yes,No,No,,"Claims are a multi-step method of producing eribulin/eribulin mesylate via specific synthetic intermediates (ER811475, ER076349).",High,No
57113709,US-9975894-B2,Cytarabine; Eribulin_mesylate,Incidental Mention,No,No,No,No,No,No,No,No,No,,Eribulin mesylate appears only in a long (~20-item) chemotherapeutic-agent list as one combination option for a heterocyclic-compound invention unrelated to it.,High,No
50001255,US-10301280-B2,Cytarabine; Eribulin_mesylate; Vidarabine,Incidental Mention,No,No,No,No,No,No,No,No,No,,Eribulin mesylate appears only in a long (~20-item) chemotherapeutic-agent list for a kinase-modulation compounds invention unrelated to it.,High,No
57796966,CA-3007462-C,Cytarabine; Eribulin_mesylate,Incidental Mention,No,No,No,No,No,No,No,No,No,,"Same recurring ""kinase modulation"" chemotherapeutic-agent list pattern as US-9975894-B2/US-10301280-B2 (sibling family); eribulin mesylate not singled out.",High,No
58410503,US-20170267660-A1,Cytarabine; Eribulin_mesylate,Incidental Mention,No,No,No,No,No,No,No,No,No,,"Same recurring ""kinase modulation"" chemotherapeutic-agent list pattern (sibling family); eribulin mesylate not singled out.",High,No
43970340,AU-2010315126-B2,Cytarabine; Eribulin_mesylate,Incidental Mention,No,No,No,No,No,No,No,No,No,,"Same recurring ""kinase modulation"" chemotherapeutic-agent list pattern (earliest sibling family); eribulin mesylate not singled out.",High,No
53938468,AU-2015305770-A1,Cytarabine; Eribulin_mesylate; Trabectedin,Incidental Mention,No,No,No,No,No,No,No,No,No,,Eribulin mesylate appears only in a list of ~15 combination-therapy drug options for an anti-LAG3-antibody invention unrelated to it.,High,No
pub:IN-201827020263-A,IN-201827020263-A,Eribulin_mesylate,Incidental Mention,No,No,No,No,No,No,No,No,No,,Eribulin mesylate appears only in a long combination-drug list for a TIM-3-binding antibody invention unrelated to it.,High,No
70289655,EP-4041194-B1,Trabectedin,Directly Relevant,No,Yes,No,No,No,No,No,No,No,,All claims specifically define compositions/lyophilized formulations of trabectedin with L-arginine at defined weight ratios.,High,No
72266146,EP-4203959-B1,Trabectedin,Directly Relevant,Yes,No,No,Yes,No,No,No,No,No,,Claims specifically require a trabectedin composition administered sequentially with a tTF-NGR protein composition for soft-tissue sarcoma.,High,No
79553361,AU-2021304691-A1,Cytarabine; Trabectedin,Incidental Mention,No,No,No,No,No,No,No,No,No,,Trabectedin appears only in an extremely long generic alkylating/chemo-agent list for a perborate-salts anti-cancer invention unrelated to it.,High,No
27546594,NO-2008005-I1,Cytarabine; Trabectedin,Directly Relevant,Yes,No,No,No,No,No,No,No,No,,"Norwegian SPC filing whose title is exactly ""Trabectedin"" -- definitionally about the compound itself.",High,No
48310576,US-9181277-B2,Trabectedin,Incidental Mention,No,No,No,No,No,No,No,No,No,,Trabectedin appears only in a ~20-item combination-therapy chemo-agent list for an aminoquinazoline-derivative invention unrelated to it.,High,No
48014000,EP-2644191-B1,Trabectedin,Incidental Mention,No,No,No,No,No,No,No,No,No,,"Trabectedin appears only in a ~30-item drug list for a nonwoven-membrane drug-delivery-system platform, not singled out.",High,No
pub:HK-40081673-A,HK-40081673-A,Trabectedin,Indirectly Relevant,Yes,No,No,No,No,No,No,No,No,,"Claim 6 specifically states ""the CYP3A4 substrate drug is trabectedin"" as its own individually-numbered dependent claim (parallel to similarly individually-claimed ribociclib etc.) within a real method-of-treatment platform, not a background list.",Medium,Yes
52814780,RS-59139-B1,Trabectedin,Incidental Mention,No,No,No,No,No,No,No,No,No,,Trabectedin appears only in a long generic DNA-modifying-agent list for an ATM-kinase-inhibitor invention unrelated to it.,High,No
58188734,EP-3344286-A1,Trabectedin,Incidental Mention,No,No,No,No,No,No,No,No,No,,Trabectedin appears only in a ~15-item anti-cancer-agent list combinable with an ovarian-cancer-vaccine invention.,High,No
73289809,US-20220211693-A1,Trabectedin,Incidental Mention,No,No,No,No,No,No,No,No,No,,Trabectedin appears only among ~25 named small-molecule targeted anti-tumor drugs as alternative combination options for a quinoline-derivative soft-tissue-sarcoma invention; not singled out or preferred.,High,No
pub:VN-10019997-B,VN-10019997-B,Trabectedin,Incidental Mention,No,No,No,No,No,No,No,No,No,,Trabectedin appears only in an extremely long alphabetical generic drug-name list for a substituted quinazolinone-salt invention unrelated to it.,High,No
50729442,DK-2994467-T3,Trabectedin,Incidental Mention,No,No,No,No,No,No,No,No,No,,Trabectedin appears only in a long generic DNA-modifying-agent list for an arylquinazoline invention unrelated to it.,High,No
38783580,EP-2032989-A2,Cytarabine; Trabectedin,Incidental Mention,No,No,No,No,No,No,No,No,No,,Trabectedin appears only in a long generic anti-cancer-agent list for an IGFBP2 biomarker invention unrelated to it.,High,No
61027542,US-20210060145-A1,Trabectedin,Incidental Mention,No,No,No,No,No,No,No,No,No,,Trabectedin appears only in a ~15-item chemotherapeutic-agent list for a dendritic-cell-vaccination invention unrelated to it.,High,No
64267915,US-11802153-B2,Trabectedin,Incidental Mention,No,No,No,No,No,No,No,No,No,,Trabectedin (Yondelis) appears only among ~10 named agents as one alternative option for an anti-CD47 ovarian-cancer-therapy invention; not singled out.,High,No
55264653,EP-3177595-B1,Cytarabine; Trabectedin,Incidental Mention,No,No,No,No,No,No,No,No,No,,Trabectedin appears only in a long generic anti-cancer-agent list for an autophagy-inhibitor invention unrelated to it.,High,No
58634408,CA-3233159-A1,Trabectedin,Incidental Mention,No,No,No,No,No,No,No,No,No,,Trabectedin appears only in a ~15-item alkylating-agent list for a subcutaneous anti-CD38 antibody formulation invention unrelated to it.,High,No
67988988,US-20240197731-A1,Cytarabine; Trabectedin,Incidental Mention,No,No,No,No,No,No,No,No,No,,Trabectedin appears only in an extremely long generic chemotherapy-drug list for a broad therapeutic-compositions invention unrelated to it.,High,No
48628349,EP-3010488-B1,Trabectedin,Incidental Mention,No,No,No,No,No,No,No,No,No,,"Trabectedin appears only in a small (~8-item) cytostatic-agent list for a stimuli-sensitive nanocarrier system, alongside other standard chemo agents; not singled out or preferred.",High,No
51527915,US-20140271540-A1,Trabectedin,Incidental Mention,No,No,No,No,No,No,No,No,No,,Trabectedin appears only in an extremely long alphabetical generic drug-name list for an imidazopyridopyrimidinone-compound invention unrelated to it.,High,No
pub:IN-2015DN08445-A,IN-2015DN08445-A,Cytarabine; Trabectedin,Incidental Mention,No,No,No,No,No,No,No,No,No,,Trabectedin appears only in an extremely long alphabetical generic drug-name list for a CRISPR guide-RNA specificity invention entirely unrelated to it.,High,No
65234230,US-20240124523-A1,Trabectedin,Incidental Mention,No,No,No,No,No,No,No,No,No,,Trabectedin appears only in a long generic chemotherapy-drug list for a nerve-targeting peptide imaging/therapeutic-delivery invention unrelated to it.,High,No
43450336,MY-168762-A,Cytarabine; Trabectedin,Incidental Mention,No,No,No,No,No,No,No,No,No,,Trabectedin appears only in a ~15-item second-therapeutic-agent list for a chemical-entities invention unrelated to it.,High,No
58695598,EP-3373932-B1,Cytarabine; Trabectedin,Incidental Mention,No,No,No,No,No,No,No,No,No,,Same recurring long generic chemotherapy-drug list pattern (sibling to EP-2958564-B1/EP-3299019-B1) for a crystalline-quinoline-compound invention.,High,No
89854723,ES-2958818-A1,Trabectedin,Indirectly Relevant,Yes,No,No,Yes,No,No,No,No,No,,Same family already classified in the earlier cc=ES screening: trabectedin named as one of 11 DNA-alkylating agents combinable with the claimed cannabinoid+antiangiogenic glioma therapy (temozolomide stated as preferred).,Medium,Yes
39233051,EP-2089711-B1,Cytarabine; Trabectedin,Incidental Mention,No,No,No,No,No,No,No,No,No,,Same family already classified in the earlier cc=ES screening (as EP-2393762-T3): trabectedin appears only in an extremely long generic anticancer-drug screening-panel list.,High,No
56544441,US-20250084059-A1,Cytarabine; Trabectedin + Lurbinectedin (MULTIPLE),Incidental Mention,No,No,No,No,No,No,No,No,No,,"Trabectedin and lurbinectedin both appear only in the same long list of oncology drugs by originating company (background survey), for a crystalline-forms invention unrelated to either.",High,No
48986184,US-20150119587-A1,Trabectedin,Uncertain,No,No,No,No,No,No,No,No,No,,"Trabectedin matched the original text search but was not found anywhere in the pulled claims or first 20,000 characters of description; may be in an untranslated or truncated section.",Low,Yes
51625539,EP-3730146-B1,Trabectedin,Incidental Mention,No,No,No,No,No,No,No,No,No,,Trabectedin appears among ~9 named agents as one alternative option for a C. novyi solid-tumor-treatment invention; not singled out.,Medium,No
pub:VN-10025922-B,VN-10025922-B,Trabectedin,Incidental Mention,No,No,No,No,No,No,No,No,No,,Trabectedin (Ecteinascidin 743) appears only in an extremely long alphabetical generic drug-name list for a hyaluronidase-polypeptide invention unrelated to it.,High,No
47470025,HK-1202118-A1,Cytarabine; Trabectedin,Incidental Mention,No,No,No,No,No,No,No,No,No,,Trabectedin appears among 3 named ubiquitin-proteasome-system inhibitors as one combination option for a piperazinyl-derivative cancer invention; not singled out.,High,No
50028432,BR-112015001528-B1,Trabectedin,Incidental Mention,No,No,No,No,No,No,No,No,No,,Trabectedin appears only in a long generic combination-drug list for a pharmaceutical compound invention unrelated to it.,High,No
50101591,AU-2018226488-B2,Cytarabine; Trabectedin,Incidental Mention,No,No,No,No,No,No,No,No,No,,Trabectedin appears only in an extremely long generic anti-cancer-agent list for a melanoma treatment/diagnosis invention unrelated to it.,High,No
46064554,CA-2818813-C,Cytarabine; Trabectedin,Incidental Mention,No,No,No,No,No,No,No,No,No,,Trabectedin appears only in a long generic anti-cancer-agent list for an anti-IL-6-antibody oral-mucositis invention unrelated to it.,High,No
pub:HK-40068646-A,HK-40068646-A,Trabectedin,Incidental Mention,No,No,No,No,No,No,No,No,No,,"Trabectedin appears only in a long generic DNA-modifying-agent list for an imidazolonylquinoline-compound invention (sibling to RS-59139-B1), unrelated to it.",High,No
55404745,RS-58328-B1,Cytarabine; Trabectedin,Incidental Mention,No,No,No,No,No,No,No,No,No,,Trabectedin appears only in a long generic antineoplastic-agent list for a substituted-diaminoquinoline invention unrelated to it.,High,No
57546445,US-11384104-B2,Cytarabine; Trabectedin,Incidental Mention,No,No,Yes,No,No,No,No,No,No,,"Trabectedin is one of ~15 named marine-natural-product-class cytotoxic payload candidates (alongside eribulin, duocarmycins) for a generic controlled-drug-release delivery-system invention; not singled out.",Medium,No
42099438,EP-2532657-B1,Trabectedin,Incidental Mention,No,No,No,No,No,No,No,No,No,,Same recurring long generic chemotherapy-drug list pattern as US-9181277-B2 (sibling family).,High,No
41786218,TW-I600652-B,Trabectedin,Incidental Mention,No,No,No,No,No,No,No,No,No,,Trabectedin appears only in a long generic anti-cancer-agent list for a Bcl-2-selective apoptosis-inducing-agent invention unrelated to it.,High,No
51982455,FI-3674298-T3,Trabectedin,Incidental Mention,No,No,No,No,No,No,No,No,No,,Trabectedin appears only in a long generic tumour-therapy-agent list for a substituted-indazole-compound invention unrelated to it.,High,No
pub:IN-2014KN01814-A,IN-2014KN01814-A,Cytarabine; Trabectedin,Incidental Mention,No,No,No,No,No,No,No,No,No,,Trabectedin (PharmaMar) appears only in a large generic comparator-drug table for a triazolopyrimidine-derivative invention unrelated to it.,High,No
pub:IN-2014KN01903-A,IN-2014KN01903-A,Cytarabine; Trabectedin,Incidental Mention,No,No,No,No,No,No,No,No,No,,"Same recurring large generic comparator-drug table pattern as IN-2014KN01814-A (sibling filing), for a furo/thieno-pyridine invention unrelated to it.",High,No
pub:GC-0010846-A,GC-0010846-A,Cytarabine; Trabectedin,Incidental Mention,No,No,No,No,No,No,No,No,No,,Trabectedin appears only in an extremely long alphabetical DNA-agent list for a PI3-kinase-related invention unrelated to it.,High,No
62063080,UY-37706-A,Trabectedin,Indirectly Relevant,No,No,No,No,No,No,Yes,No,No,,"Description extensively discusses ET-743/trabectedin as the reference natural-product context, but the claimed formula I is a distinct, generic novel tetrahydroisoquinoline-class compound structurally related to but not identical to trabectedin -- a chemical-derivative relationship, not the compound itself.",Medium,Yes
61830620,AU-2025242182-A1,Cytarabine; Trabectedin,Incidental Mention,No,No,No,No,No,No,No,No,No,,Same recurring long generic chemotherapy-drug list pattern (sibling to EP-2958564-B1/EP-3299019-B1/EP-3373932-B1) for an androgen-receptor-degradation PROTAC invention.,High,No
22446872,IL-146055-A,Vidarabine,Incidental Mention,No,No,No,No,No,No,No,No,No,,"Vidarabine appears only in a generic drug list, not singled out; unrelated core invention.",High,No
pub:IN-308722-B,IN-308722-B,Vidarabine,Incidental Mention,No,No,No,No,No,No,No,No,No,,"Vidarabine is one of 5 named antivirals (acyclovir, valacyclovir, ganciclovir, penciclovir, vidarabine) usable in a germanium-complex-compound invention; a short list but generic ""consisting of"" clause, not preferred.",Medium,No
40259958,US-20110182858-A1,Vidarabine,Incidental Mention,No,No,No,No,No,No,No,No,No,,"Vidarabine appears only in a generic drug list, not singled out; unrelated core invention.",High,No
32927622,EP-1611238-A2,Vidarabine,Incidental Mention,No,No,No,No,No,No,No,No,No,,"Vidarabine appears only in a generic drug list, not singled out; unrelated core invention.",High,No
pub:IN-295146-B,IN-295146-B,Vidarabine,Incidental Mention,No,No,No,No,No,No,No,No,No,,"Vidarabine is one of ~8 named antivirals in a generic ""second compound"" list for a T-cell cytotoxic-activity composition invention.",High,No
58186382,EP-3344232-B1,Vidarabine,Incidental Mention,No,No,No,No,No,No,No,No,No,,"Vidarabine appears only in a generic drug list, not singled out; unrelated core invention.",High,No
8235893,CA-2315767-C,Vidarabine,Incidental Mention,No,No,No,No,No,No,No,No,No,,"Vidarabine appears only in a generic drug list, not singled out; unrelated core invention.",High,No
41222690,CA-2722453-A1,Vidarabine,Indirectly Relevant,Yes,No,No,No,No,No,No,No,No,,"Claim 6 specifically names vidarabine as the ""preferably"" preferred compound for TWO distinct pharmacological sub-mechanisms (ADCY2 modulator, AMPK modulator) within a real Alzheimer's-disease therapeutic composition claim, not a generic undifferentiated list entry.",Medium,Yes
21848134,EP-0934041-B1,Vidarabine,Incidental Mention,No,No,No,No,No,No,No,No,No,,"Vidarabine appears only in a generic drug list, not singled out; unrelated core invention.",High,No
66173872,AU-2022256094-B2,Vidarabine,Incidental Mention,No,No,No,No,No,No,No,No,No,,"Vidarabine appears only in a generic drug list, not singled out; unrelated core invention.",High,No
56345070,US-11185522-B2,Vidarabine,Incidental Mention,No,No,No,No,No,No,No,No,No,,"Vidarabine appears only in a generic drug list, not singled out; unrelated core invention.",High,No
34216139,CA-2776692-C,Vidarabine,Incidental Mention,No,No,No,No,No,No,No,No,No,,"Vidarabine appears only in a generic drug list, not singled out; unrelated core invention.",High,No
38823623,EP-2049112-B1,Vidarabine,Incidental Mention,No,No,No,No,No,No,No,No,No,,"Vidarabine appears only in a generic drug list, not singled out; unrelated core invention.",High,No
36570533,US-20080221061-A1,Vidarabine,Incidental Mention,No,No,No,No,No,No,No,No,No,,Vidarabine appears among ~10 named antivirals as an alternative drug-conjugate payload for a generic lung-targeted-drug conjugate invention; not singled out.,High,No
58631957,EP-3368663-B1,Vidarabine,Incidental Mention,No,No,No,No,No,No,No,No,No,,Vidarabine is one of ~5 named nucleoside analogs usable as an antiviral test compound in a virus-free-cell-line method; not singled out.,Medium,No
52666219,EP-3043803-B1,Vidarabine,Incidental Mention,No,No,No,No,No,No,No,No,No,,"Vidarabine appears only in a generic drug list, not singled out; unrelated core invention.",High,No
pub:HK-40038030-A,HK-40038030-A,Vidarabine,Incidental Mention,No,No,No,No,No,No,No,No,No,,"Vidarabine appears only in a generic drug list, not singled out; unrelated core invention.",High,No
pub:IN-202117014244-A,IN-202117014244-A,Vidarabine,Incidental Mention,No,No,No,No,No,No,No,No,No,,"Vidarabine appears only in a generic drug list, not singled out; unrelated core invention.",High,No
pub:AU-2001259671-A1,AU-2001259671-A1,Cytarabine; Vidarabine,Incidental Mention,No,No,No,No,No,No,No,No,No,,Same generic media-milling/particle-size-reduction process family already classified Incidental in the earlier cc=ES screening (as ES-2303527-T3): vidarabine appears only in an extremely long generic substrate-drug list.,High,No
38581687,MX-2008012993-A,Vidarabine,Incidental Mention,No,No,No,No,No,No,No,No,No,,Vidarabine appears only in a long list of nucleoside/nucleotide analogs for a TLR7/TLR8 immune-modulatory-RNA invention unrelated to it.,High,No
43628336,US-8470784-B2,Vidarabine,Incidental Mention,No,No,No,No,No,No,No,No,No,,"Vidarabine appears only in a generic drug list, not singled out; unrelated core invention.",High,No
11383554,US-7186753-B1,Cytarabine; Vidarabine,Incidental Mention,No,No,No,No,No,No,No,No,No,,"Vidarabine appears only in a generic drug list, not singled out; unrelated core invention.",High,No
22617610,US-20020071863-A1,Vidarabine,Incidental Mention,No,No,No,No,No,No,No,No,No,,"Vidarabine appears only in a generic drug list, not singled out; unrelated core invention.",High,No
11382686,US-20050261242-A1,Cytarabine; Vidarabine,Incidental Mention,No,No,No,No,No,No,No,No,No,,"Vidarabine appears only in a generic drug list, not singled out; unrelated core invention.",High,No
55955245,IL-252190-B1,Vidarabine,Incidental Mention,No,No,No,No,No,No,No,No,No,,"Vidarabine appears only in a generic drug list, not singled out; unrelated core invention.",High,No
24055505,EP-0844868-B1,Vidarabine,Incidental Mention,No,No,No,No,No,No,No,No,No,,"Vidarabine appears only in a generic drug list, not singled out; unrelated core invention.",High,No
3491605,EP-0814776-B1,Vidarabine,Incidental Mention,No,No,No,No,No,No,No,No,No,,"Vidarabine appears only in a generic drug list, not singled out; unrelated core invention.",High,No
51661826,EP-3193917-B9,Cytarabine; Vidarabine,Incidental Mention,No,No,No,No,No,No,No,No,No,,"Vidarabine appears only in a generic drug list, not singled out; unrelated core invention.",High,No
pub:IN-2006DN07208-A,IN-2006DN07208-A,Vidarabine,Incidental Mention,No,No,No,No,No,No,No,No,No,,"Vidarabine appears only in a generic drug list, not singled out; unrelated core invention.",High,No
pub:IN-209544-B,IN-209544-B,Vidarabine,Incidental Mention,No,No,No,No,No,No,No,No,No,,"Vidarabine appears only in a generic drug list, not singled out; unrelated core invention.",High,No
26919149,EP-0754052-B1,Vidarabine,Incidental Mention,No,No,No,No,No,No,No,No,No,,"Vidarabine appears only in a generic drug list, not singled out; unrelated core invention.",High,No
36917071,US-20150174060-A1,Vidarabine,Incidental Mention,No,No,No,No,No,No,No,No,No,,"Vidarabine appears only in a generic drug list, not singled out; unrelated core invention.",High,No
pub:IN-365653-B,IN-365653-B,Vidarabine,Incidental Mention,No,No,No,No,No,No,No,No,No,,"Vidarabine appears only in a generic drug list, not singled out; unrelated core invention.",High,No
55760314,US-20170304387-A1,Vidarabine,Incidental Mention,No,No,No,No,No,No,No,No,No,,"Vidarabine appears only in a generic drug list, not singled out; unrelated core invention.",High,No
39712456,US-20070280902-A1,Vidarabine,Incidental Mention,No,No,No,No,No,No,No,No,No,,"Vidarabine appears only in a generic drug list, not singled out; unrelated core invention.",High,No
27253357,MY-132954-A,Vidarabine,Incidental Mention,No,No,No,No,No,No,No,No,No,,"Vidarabine appears only in a generic drug list, not singled out; unrelated core invention.",High,No
37983673,US-7411071-B2,Vidarabine,Incidental Mention,No,No,No,No,No,No,No,No,No,,"Vidarabine appears only in a generic drug list, not singled out; unrelated core invention.",High,No
11373320,EP-1382331-B1,Vidarabine,Incidental Mention,No,No,No,No,No,No,No,No,No,,"Vidarabine appears only in a generic drug list, not singled out; unrelated core invention.",High,No
50622591,HK-1212231-A1,Vidarabine,Incidental Mention,No,No,No,No,No,No,No,No,No,,"Vidarabine appears only in a generic drug list, not singled out; unrelated core invention.",High,No
25425237,CA-2098242-C,Cytarabine; Vidarabine,Incidental Mention,No,No,No,No,No,No,No,No,No,,"Vidarabine appears only in a generic drug list, not singled out; unrelated core invention.",High,No
23028566,US-20020044968-A1,Vidarabine,Incidental Mention,No,No,No,No,No,No,No,No,No,,"Vidarabine appears only in a generic drug list, not singled out; unrelated core invention.",High,No
37744773,EP-1962815-B1,Vidarabine,Incidental Mention,No,No,No,No,No,No,No,No,No,,"Vidarabine appears only in a generic drug list, not singled out; unrelated core invention.",High,No
33569260,AU-2003231664-B2,Vidarabine,Incidental Mention,No,No,No,No,No,No,No,No,No,,"Vidarabine appears only in a generic drug list, not singled out; unrelated core invention.",High,No
48876315,US-8962034-B2,Vidarabine,Incidental Mention,No,No,No,No,No,No,No,No,No,,"Vidarabine appears only in a generic drug list, not singled out; unrelated core invention.",High,No
65434638,US-11510859-B2,Vidarabine,Incidental Mention,No,No,No,No,No,No,No,No,No,,"Vidarabine appears only in a generic drug list, not singled out; unrelated core invention.",High,No
pub:IN-2009DN00336-A,IN-2009DN00336-A,Cytarabine; Vidarabine,Incidental Mention,No,No,No,No,No,No,No,No,No,,"Vidarabine appears only in a generic drug list, not singled out; unrelated core invention.",High,No
42198717,AU-2009318158-B2,Vidarabine,Incidental Mention,No,No,No,No,No,No,No,No,No,,"Vidarabine appears only in a generic drug list, not singled out; unrelated core invention.",High,No
40873320,US-20190201512-A1,Cytarabine; Vidarabine,Incidental Mention,No,No,No,No,No,No,No,No,No,,"Vidarabine appears only in a generic drug list, not singled out; unrelated core invention.",High,No
73290313,US-12465623-B2,Vidarabine,Incidental Mention,No,No,No,No,No,No,No,No,No,,"Vidarabine appears only in a generic drug list, not singled out; unrelated core invention.",High,No
35206880,US-20060054166-A1,Cytarabine; Vidarabine,Incidental Mention,No,No,No,No,No,No,No,No,No,,"Vidarabine appears only in a generic drug list, not singled out; unrelated core invention.",High,No
36228744,US-7317024-B2,Vidarabine,Incidental Mention,No,No,No,No,No,No,No,No,No,,"Vidarabine appears only in a generic drug list, not singled out; unrelated core invention.",High,No
40848096,AU-2009242113-A1,Vidarabine,Incidental Mention,No,No,No,No,No,No,No,No,No,,"Vidarabine appears only in a generic drug list, not singled out; unrelated core invention.",High,No
46599095,AU-2011256902-B2,Cytarabine; Vidarabine,Incidental Mention,No,No,No,No,No,No,No,No,No,,"Vidarabine appears only in a generic drug list, not singled out; unrelated core invention.",High,No
49816837,US-10744277-B2,Cytarabine; Vidarabine,Incidental Mention,No,No,No,No,No,No,No,No,No,,"Vidarabine appears only in a generic drug list, not singled out; unrelated core invention.",High,No
40654586,AU-2009211183-A1,Vidarabine,Incidental Mention,No,No,No,No,No,No,No,No,No,,"Vidarabine appears only in a generic drug list, not singled out; unrelated core invention.",High,No
pub:MT-P3244-B,MT-P3244-B,Vidarabine,Incidental Mention,No,No,No,No,No,No,No,No,No,,"Vidarabine appears only in a generic drug list, not singled out; unrelated core invention.",High,No
59744445,EP-3423572-A2,Vidarabine,Incidental Mention,No,No,No,No,No,No,No,No,No,,"Vidarabine appears only in a generic drug list, not singled out; unrelated core invention.",High,No
49548781,US-20220204592-A1,Vidarabine,Incidental Mention,No,No,No,No,No,No,No,No,No,,"Vidarabine appears only in a generic drug list, not singled out; unrelated core invention.",High,No
pub:MT-P3245-B,MT-P3245-B,Vidarabine,Incidental Mention,No,No,No,No,No,No,No,No,No,,"Vidarabine appears only in a generic drug list, not singled out; unrelated core invention.",High,No
pub:HK-1079774-A,HK-1079774-A,Vidarabine,Incidental Mention,No,No,No,No,No,No,No,No,No,,"Vidarabine appears only in a generic drug list, not singled out; unrelated core invention.",High,No
75769550,WO-2022228651-A1,Vidarabine,Incidental Mention,No,No,No,No,No,No,No,No,No,,"Vidarabine appears only in a generic drug list, not singled out; unrelated core invention.",High,No
pub:MT-P2583-B,MT-P2583-B,Vidarabine,Incidental Mention,No,No,No,No,No,No,No,No,No,,"Vidarabine appears only in a generic drug list, not singled out; unrelated core invention.",High,No
53794072,EP-3331650-B1,Cytarabine; Vidarabine,Incidental Mention,No,No,No,No,No,No,No,No,No,,"Vidarabine appears only in a generic drug list, not singled out; unrelated core invention.",High,No
34572914,US-7879360-B2,Cytarabine; Vidarabine,Incidental Mention,No,No,No,No,No,No,No,No,No,,"Vidarabine appears only in a generic drug list, not singled out; unrelated core invention.",High,No
27238955,EP-1174439-A2,Vidarabine,Incidental Mention,No,No,No,No,No,No,No,No,No,,"Vidarabine appears only in a generic drug list, not singled out; unrelated core invention.",High,No
61131506,AU-2018390132-A1,Vidarabine,Incidental Mention,No,No,No,No,No,No,No,No,No,,"Vidarabine appears only in a generic drug list, not singled out; unrelated core invention.",High,No
44789526,AU-2011287215-B2,Vidarabine,Incidental Mention,No,No,No,No,No,No,No,No,No,,"Vidarabine appears only in a generic drug list, not singled out; unrelated core invention.",High,No
27379589,EP-1119345-A1,Vidarabine,Incidental Mention,No,No,No,No,No,No,No,No,No,,"Vidarabine appears only in a generic drug list, not singled out; unrelated core invention.",High,No
60160145,WO-2017189978-A1,Vidarabine,Incidental Mention,No,No,No,No,No,No,No,No,No,,"Vidarabine appears only in a generic drug list, not singled out; unrelated core invention.",High,No
pub:HK-1008774-B,HK-1008774-B,Vidarabine,Incidental Mention,No,No,No,No,No,No,No,No,No,,"Vidarabine appears only in a generic drug list, not singled out; unrelated core invention.",High,No
4184113,EP-1073470-A1,Cytarabine; Vidarabine,Incidental Mention,No,No,No,No,No,No,No,No,No,,"Vidarabine appears only in a generic drug list, not singled out; unrelated core invention.",High,No
25675967,EP-0687172-B1,Cytarabine; Vidarabine,Incidental Mention,No,No,No,No,No,No,No,No,No,,"Vidarabine appears only in a generic drug list, not singled out; unrelated core invention.",High,No
42039283,IL-211121-A,Vidarabine,Incidental Mention,No,No,No,No,No,No,No,No,No,,"Vidarabine appears only in a generic drug list, not singled out; unrelated core invention.",High,No
42677657,EP-2944638-A1,Vidarabine,Incidental Mention,No,No,No,No,No,No,No,No,No,,"Vidarabine appears only in a generic drug list, not singled out; unrelated core invention.",High,No
pub:IN-2011CN03968-A,IN-2011CN03968-A,Cytarabine; Vidarabine,Incidental Mention,No,No,No,No,No,No,No,No,No,,"Vidarabine appears only in a generic drug list, not singled out; unrelated core invention.",High,No
55910037,UY-36391-A,Cytarabine; Vidarabine,Incidental Mention,No,No,No,No,No,No,No,No,No,,"Vidarabine appears only in a generic drug list, not singled out; unrelated core invention.",High,No
pub:HK-1065960-A,HK-1065960-A,Cytarabine; Vidarabine,Directly Relevant,No,No,No,No,No,No,Yes,Yes,No,,"Claims 34-36 specifically narrow to ""the antiarrhythmic active substance is vidarabine"" attached to hydroxyethyl starch via an amino/linking group -- a specifically claimed conjugate embodiment, not a background list entry.",High,No
41693027,CA-3065614-A1,Vidarabine,Indirectly Relevant,Yes,No,No,No,No,No,No,No,No,,"Same sibling Alzheimer's therapeutic-approaches family as CA-2722453-A1: claim specifically names vidarabine as ""a modulator of ADCY2 being vidarabine"" (one specific preferred mechanism-compound pairing, not a generic list).",Medium,Yes
40873444,EP-2282779-A1,Vidarabine,Indirectly Relevant,Yes,No,No,No,No,No,No,No,No,,"Same sibling Alzheimer's family series: claim specifically names vidarabine as the ""preferably"" preferred AMPK modulator within a real therapeutic composition claim.",Medium,Yes
50977393,CA-2895149-C,Cytarabine,Incidental Mention,No,No,No,No,No,No,No,No,No,,"Same family as previously classified ES-2727686-T3 (screening_table.csv): cytarabine appears only in a ~20-item list of chemotherapeutic agents combinable with the claimed bromelain/NAC mucin-disease composition; not the invention focus. Reused prior evidence, same family.",High,No
42173409,US-20130137650-A1,Cytarabine,Directly Relevant,Yes,No,No,Yes,No,No,No,No,No,,Claims a specific combination therapy regimen naming exact cytarabine intravenous dosing (200 mg/m2/day days 1-7) combined with a novel compound and daunorubicin for a proliferative disease; cytarabine dosing is a defined element of the claimed method.,High,No
35196733,CA-2564542-C,Cytarabine,Directly Relevant,Yes,Yes,No,Yes,No,No,No,No,No,,Claim 1 is a liposomal composition specifically comprising daunorubicin and cytarabine in a defined 1:1-1:10 mole ratio maintained in blood; cytarabine is a core claimed active ingredient of the formulation.,High,No
58518371,CA-3002067-C,Cytarabine,Directly Relevant,Yes,No,No,Yes,No,No,No,No,No,,"Claims a mutant IDH1 inhibitor combination therapy for AML where cytarabine is an explicit, dosed component of both the induction and consolidation regimens.",High,No
14500416,EP-0563697-B1,Cytarabine,Directly Relevant,No,Yes,No,No,No,No,No,No,No,,"Claim 1 is directly a ""cytarabine ocfosfate hard capsule"" formulation; cytarabine ocfosfate is a defined prodrug/ester form of cytarabine and is the central claimed subject.",High,No
50626256,EP-3858350-A1,Cytarabine,Incidental Mention,No,No,No,No,No,No,No,No,No,,"Cytarabine appears only inside a background list of ~10 named historical combination-chemotherapy regimen acronyms (ProMACE-CytaBOM, DHAP, ESHAP, CAMP, etc.), each itself a multi-drug list; this is prior-art context, not the claimed invention (which is a different therapeutic agent/method, not identified in the pulled excerpt).",Medium,Yes
40535624,CA-2715166-C,Cytarabine,Indirectly Relevant,Yes,No,No,Yes,No,No,No,No,No,,"Claims a humanized anti-tumor antibody combined with one of 5 specifically named chemotherapeutic agents (5-fluorouracil, cytarabine, oxaliplatin, paclitaxel, cisplatin); cytarabine is a real, substantive combination option but one of only 5 named agents, not the central focus.",Medium,Yes
47882050,US-9545416-B2,Cytarabine,Directly Relevant,Yes,No,No,Yes,No,No,No,No,No,,"Dependent claim 2 specifically narrows the claimed additional chemotherapeutic agent to cytarabine, with detailed dosing claimed in claims 3-6 (5-15 uM/day, up to 100 mg/m2/day); a specifically claimed embodiment of the combination method.",High,No
55752234,AU-2017233886-B2,Cytarabine,Directly Relevant,Yes,No,No,Yes,No,No,No,No,No,,"Claim 1 lists cytarabine among 14 named therapeutic agents combinable with the claimed compound, but dependent claim 4 specifically narrows the therapeutic agent to cytarabine (or a pharmaceutically acceptable salt) -- a specifically claimed embodiment, not just background.",Medium,No
39690832,AU-2008216083-B2,Cytarabine,Directly Relevant,Yes,Yes,No,Yes,No,No,No,No,No,,Claim 1 is a liposomal composition of cytarabine and daunorubicin at a defined fixed 5:1 molar ratio with specific dosing (32-134 mg/m2); cytarabine is a core claimed active ingredient.,High,No
47144695,AU-2012244218-A1,Cytarabine,Incidental Mention,No,No,No,No,No,No,No,No,No,,"Cytarabine appears twice as background: once in a ~25-item generic nucleoside-analog list, and again inside a list of ~20 named historical combination-chemotherapy regimen acronyms (ProMACE-CytaBOM, DHAP, ESHAP, CAMP, etc.); prior-art context, not the claimed invention.",High,No
50483415,US-20160082071-A1,Cytarabine,Directly Relevant,Yes,No,No,Yes,No,No,No,No,No,,"Dependent claims specifically narrow the chemotherapeutic agent combined with a CXCR4-antagonistic peptide to cytarabine, with defined dosing (1-10 g/m2/day, IV route); a specifically claimed embodiment.",High,No
48141268,AU-2012326370-C1,Cytarabine,Directly Relevant,Yes,Yes,No,Yes,No,No,No,No,No,,Claim 1 is a liposomal composition of daunorubicin and cytarabine encapsulated at a defined 1:5 molar ratio with specific lipid membrane composition; cytarabine is a core claimed active ingredient.,High,No
44936282,CA-2817420-C,Cytarabine,Indirectly Relevant,Yes,No,No,Yes,No,No,No,No,No,,"Claims PM01183 (lurbinectedin) combined with an antimetabolite selected from a 10-item named list (5-fluorouracil, gemcitabine, cytarabine, capecitabine, decitabine, floxuridine, aminopterin, methotrexate, pemetrexed, raltitrexed); cytarabine is a real named combination option but one of 10, not singled out further in the pulled claims.",Medium,Yes
52014047,CA-2926307-C,Cytarabine,Directly Relevant,Yes,No,No,Yes,No,No,No,No,No,,Claim 1 is explicitly a two-component pharmaceutical product of an MDM2-p53 inhibitor and cytarabine for AML treatment; cytarabine is literally the named second component of the claimed combination product.,High,No
42342776,US-20100298255-A1,Cytarabine,Incidental Mention,No,No,No,No,No,No,No,No,No,,"Cytarabine appears only within an extremely long (40+) alphabetical list of leukemia chemotherapy agents; background context, not the claimed invention.",High,No
23231501,EP-1443933-B1,Cytarabine,Directly Relevant,Yes,No,No,Yes,No,No,No,No,No,,"Dependent claims specifically narrow the oral nucleoside combined with homoharringtonine to cytarabine (Ara-C) by name, in a leukemia treatment combination method.",High,No
55963276,EP-3452092-B1,Cytarabine,Directly Relevant,Yes,No,No,Yes,No,No,No,No,No,,"Claim 1 specifically and narrowly defines the treated population as AML resistant to a combination of daunorubicin/idarubicin plus cytarabine (AraC); cytarabine is a specifically named, essential claim limitation, not generic background.",High,No
62631122,CA-3068096-C,Cytarabine,Directly Relevant,Yes,No,No,Yes,No,No,No,No,No,,Claims an Mcl-1 inhibitor combined with a second anticancer agent selected from a short named list; dependent claims 3 and 20 specifically narrow the second agent to cytarabine.,High,No
34993432,US-20130244967-A1,Cytarabine,Directly Relevant,Yes,No,No,Yes,No,No,No,No,No,,"Claims a specific quinolone-class compound combined with cytarabine at defined doses (10-100 mg/m2, at least 100 mg/m2); cytarabine is a core, specifically dosed claimed component.",High,No
55910367,US-11896614-B2,Cytarabine,Incidental Mention,No,No,No,No,No,No,No,No,No,,"Cytarabine appears as part of a prior-treatment exclusion criterion (""has not been treated with cyclophosphamide or cytarabine"") and within background descriptions of standard multi-drug pediatric leukemia chemotherapy regimens; the claimed invention is a CAR-T cell acquisition/manufacturing method, not related to cytarabine's use.",Medium,Yes
41340927,CA-2724550-C,Cytarabine,Incidental Mention,No,No,No,No,No,No,No,No,No,,"Cytarabine appears only within multiple long (20-30+ item) lists of antimetabolite/nucleoside anticancer agents as alternative options; background/Markush context, not singled out.",High,No
61619722,EP-3512525-A1,Cytarabine,Directly Relevant,Yes,No,No,Yes,No,No,No,No,No,,"Claim 41 selects the cytidine analogue from a 3-item list (decitabine/cytarabine/azacitidine); dependent claims 43-46 specifically narrow to cytarabine with defined dosing (about 20 mg, twice daily, subcutaneous).",High,No
57395727,AU-2018201697-B2,Cytarabine,Directly Relevant,Yes,No,No,Yes,No,No,No,No,No,,"Dependent claims specifically narrow the pyrimidine antagonist to cytarabine combined with idarubicin, with detailed IV continuous-infusion dosing (20-200 mg/m2/day, specifically 100 mg/m2/day).",High,No
41683427,US-20210379064-A1,Cytarabine,Directly Relevant,Yes,No,No,Yes,No,No,No,No,No,,"Claim 5 specifically claims an Axl inhibitor combined with a therapeutically effective amount of cytarabine for treating AML, with detailed administration-route and timing claims.",High,No
39588607,EP-2127652-B1,Cytarabine,Indirectly Relevant,Yes,No,No,Yes,No,No,No,No,No,,"Claims a potentiator composition for use with rituximab or one of two specifically named combination regimens (R-ICE or R-DHAP); cytarabine is part of the R-DHAP regimen, a specific named option but one of only two, not the sole/central focus.",Medium,Yes
35465368,WO-2004094614-A2,Cytarabine,Incidental Mention,No,No,No,No,No,No,No,No,No,,Cytarabine appears only within a ~13-item list of cytotoxic agents combinable with the claimed aptamer; background/Markush context.,High,No
51945973,AU-2014343214-B2,Cytarabine,Directly Relevant,Yes,No,No,Yes,No,No,No,No,No,,Claim 1 combines a CXCR4-antagonistic peptide with a chemotherapeutic agent selected from a short 2-item list (quizartinib or cytarabine); cytarabine is one of only two specifically named options in the central claim.,High,No
57833648,EP-3325662-A1,Cytarabine,Incidental Mention,No,No,No,No,No,No,No,No,No,,"Cytarabine appears only inside a background list of named historical combination-chemotherapy regimen acronyms (ProMACE-CytaBOM, DHAP, ESHAP, CAMP); prior-art context.",High,No
31495746,NZ-538428-A,Cytarabine,Incidental Mention,No,No,No,No,No,No,No,No,No,,"Cytarabine appears only within a ~15-item list of cytotoxic agents combinable with the claimed alkylphosphocholine compounds; background/Markush context, no specific narrowing to cytarabine found.",High,No
41319210,CA-2723816-C,Cytarabine,Incidental Mention,No,No,No,No,No,No,No,No,No,,"Cytarabine and cytarabine liposomal appear within an extremely long (100+) alphabetical list of essentially all FDA-approved chemotherapy drugs; generic background list, not the claimed invention.",High,No
pub:HK-1121680-A,HK-1121680-A,Cytarabine,Incidental Mention,No,No,No,No,No,No,No,No,No,,"Cytarabine (and OCR-garbled synonym variants) appears within an extremely long generic chemical-name/translation glossary list; text quality is poor (OCR artifacts) but the pattern is clearly a long background list, not a substantive claim.",Medium,No
52001089,AU-2020201321-B2,Cytarabine,Directly Relevant,Yes,No,No,Yes,No,No,No,No,No,,"Claims a specific named compound combined with cytarabine for FLT3-mutated AML, with detailed claims on relative timing of administration (before/after/simultaneous); cytarabine is a core, specifically claimed combination partner.",High,No
39362382,AU-2004201676-A1,Cytarabine,Directly Relevant,Yes,No,No,Yes,No,No,No,No,No,,"Claim 1 selects a chemotherapeutic agent from a ~30-item list, but dependent claim 2 specifically narrows it to Cytarabine alone; a specifically claimed embodiment.",Medium,No
40627502,CA-2745005-C,Cytarabine,Directly Relevant,Yes,No,No,Yes,No,No,No,No,No,,"Claim 1 is a pharmaceutical combination of a CD38-specific antibody (with defined CDR sequences) and cytarabine; cytarabine is the specifically named, central combination partner throughout the claims.",High,No
61157311,CA-3050094-C,Cytarabine,Incidental Mention,No,No,No,No,No,No,No,No,No,,Cytarabine and cytarabine liposomal appear within an extremely long (100+) alphabetical list of essentially all FDA-approved chemotherapy drugs; generic background list.,High,No
33424438,AU-2010236075-B2,Cytarabine,Directly Relevant,Yes,No,No,Yes,No,No,No,No,No,,Claim selects a further therapeutic agent from a short 8-item list; dependent claims 6/25 specifically narrow this to cytarabine alone in a pharmaceutical combination.,High,No
pub:HK-40068523-A,HK-40068523-A,Cytarabine,Indirectly Relevant,Yes,No,No,Yes,No,No,No,No,No,,"Cytarabine is one of ~10 named options (plus a specific anthracycline+cytarabine+etoposide combination) for an optional additional anti-cancer agent; a real, specific option but not singled out further in the pulled excerpt.",Medium,Yes
37498764,CA-2609343-C,Cytarabine,Incidental Mention,No,No,No,No,No,No,No,No,No,,Cytarabine and cytarabine liposomal appear within an extremely long (100+) alphabetical list of essentially all FDA-approved chemotherapy drugs; generic background list.,High,No
41092158,HK-1154344-A1,Cytarabine,Indirectly Relevant,Yes,No,No,Yes,No,No,No,No,No,,"Claims Compound 1 combined with one or more antitumor agents selected from a specific 8-item list (cisplatin, oxaliplatin, 5-FU, gemcitabine, cytarabine, SN-38, irinotecan, docetaxel); cytarabine is a real named option but not singled out further.",Medium,Yes
35064290,CA-2561513-C,Cytarabine,Directly Relevant,Yes,No,No,Yes,No,No,No,No,No,,"Claim selects an antimetabolite drug from a 4-item list (5-fluorouracil, cytarabine, gemcitabine, purine analogues); dependent claims 12/40 specifically narrow the antimetabolite to cytarabine.",High,No
52743621,AU-2014325016-B2,Cytarabine,Incidental Mention,No,No,No,No,No,No,No,No,No,,Cytarabine appears within a 16-item list of other antitumor agents combinable with the claimed compound; no specific narrowing to cytarabine found.,High,No
59684875,US-20190046602-A1,Cytarabine,Directly Relevant,Yes,No,No,Yes,No,No,No,No,No,,"Multiple dependent claims (14,16,18,20) specifically narrow the chemotherapeutic agent combined with a CXCR4-antagonist to cytarabine (ARA-C) by name.",High,No
53055117,AU-2019205984-B2,Cytarabine,Indirectly Relevant,Yes,No,No,Yes,No,No,No,No,No,,"Claims a BET protein inhibitor combined with a chemotherapeutic agent; broader claim lists ~10 agents, but claim 17/32 narrows to a more specific 5-item list (azacitidine, clofarabine, cytarabine, idarubicin, daunorubicin) tied to AML -- cytarabine is a real, substantive option but still one of 5, not singled out alone.",Medium,Yes
38459615,WO-2007100770-A2,Cytarabine,Indirectly Relevant,No,No,No,No,No,No,No,No,No,,"Mixed evidence: cytarabine appears in a long (30+) generic chemo-agent background list, but also as one of only 3 named options (cytosine arabinoside/cytarabine, cidofovir, a serotonin antagonist) in a specific antiviral-therapy claim -- the narrower antiviral context is a real, substantive claimed option.",Medium,Yes
57546165,US-10980892-B2,Cytarabine,Indirectly Relevant,Yes,No,No,Yes,No,No,No,No,No,,"Broad claim lists ~17 chemotherapeutic agent options; dependent claim 16 narrows to a shorter 4-item list (methotrexate, alkylating agent, cytarabine, HER2 targeting therapy) -- cytarabine is a real, more specific option but still one of 4.",Medium,Yes
49162102,EP-3272350-B1,Cytarabine,Directly Relevant,Yes,No,No,Yes,No,No,No,No,No,,"Claim 6 specifically claims the antineoplastic agent as ""daunorubicin combined with cytarabine"", one of only two specific named combinations in the claim set (the other is fluorouracil+cisplatin); a specifically claimed embodiment, not generic background.",High,No
47179025,US-20140322208-A1,Cytarabine,Directly Relevant,Yes,No,No,Yes,No,No,No,No,No,,"Claims narrow to AML treated with mitoxantrone/etoposide/cytarabine, with claim 28 specifying exact cytarabine IV dosing (1 g/m2, Days 1-5); a specifically claimed embodiment with defined dosing.",High,No
55303743,EP-3180011-B1,Cytarabine,Incidental Mention,No,No,No,No,No,No,No,No,No,,Cytarabine (AraC) appears within two overlapping ~15-item lists of cell-cycle-inhibitor/chemotherapy options combinable with allogeneic DNT cells; no specific narrowing to cytarabine alone found.,Medium,Yes
34945701,US-20100160249-A1,Cytarabine,Incidental Mention,No,No,No,No,No,No,No,No,No,,"Cytarabine appears within a ~15-item generic nucleoside-analog list (gemcitabine, cytarabine, didanosine, zidovudine, acyclovir, etc.) for a nanoparticle/prodrug platform; no narrowing found.",High,No
9435406,EP-0827745-B1,Cytarabine,Directly Relevant,Yes,No,No,Yes,No,No,No,No,No,,"Claim 3/9 narrows the antimetabolite component to pyrimidine analogues, essentially 5-fluorouracil and cytarabine plus folic acid analogues; cytarabine is one of only 2 named pyrimidine analogue options in a specific combination claim.",Medium,No
23106810,EP-1535624-A1,Cytarabine,Directly Relevant,Yes,No,No,Yes,No,No,No,No,No,,"Multiple dependent claims (14,20,27) specifically add an effective amount of cytarabine as a further step to the claimed pegylated-interferon-alpha CML treatment/kit.",High,No
65998012,AU-2020215801-B2,Cytarabine,Directly Relevant,Yes,No,No,Yes,No,No,No,No,No,,"Claims narrow the further anticancer agent combined with the claimed deoxycytidine/uridine-derivative compound to a short 4-item list (gemcitabine, cytarabine, temozolomide, 5-fluorouracil); cytarabine is a specifically named option in a short list, and the patent is itself in the same nucleoside-analog chemical space.",Medium,No
40011012,EP-2149372-B1,Cytarabine,Indirectly Relevant,Yes,No,No,Yes,No,No,No,No,No,,"Claim 11 narrows component B of an opioid-based pharmaceutical preparation to a 5-item list (methotrexate, cytarabine, cisplatine, etoposide, vincristine, especially doxorubicin); cytarabine is a real named option but one of several, not singled out.",Medium,Yes
37396423,US-7700709-B2,Cytarabine,Directly Relevant,No,Yes,Yes,No,No,No,Yes,Yes,No,,"Claims a polymeric derivative (drug-polymer conjugate) where the cytidine antimetabolite is specifically cytarabine, gemcitabine, or 5-deoxy-5-fluorocytidine (3-item list); cytarabine is a core claimed chemical option for this formulation/conjugation/delivery invention.",High,No
39321549,EP-2131866-B1,Cytarabine,Incidental Mention,No,No,No,No,No,No,No,No,No,,Cytarabine appears within a ~9-item antimetabolite sub-list nested inside a much longer multi-class chemotherapy Markush list; generic background.,High,No
50977456,AU-2022275518-B2,Cytarabine,Incidental Mention,No,No,No,No,No,No,No,No,No,,"Cytarabine appears within a ~10-item chemotherapeutic agent list (methotrexate, 6-mercaptopurine, 6-thioguanine, cytarabine, cyclophosphamide, busulfan, mitomycin C, cisplatin, dactinomycin, bleomycin, mithramycin); generic background (OCR-duplicated text but pattern is clear).",High,No
42651200,CA-2758300-C,Cytarabine,Indirectly Relevant,No,No,No,Yes,No,No,No,No,No,,"Main claim lists a ~20-item DNA-damaging-agent group; dependent claim 11 narrows to a shorter 6-item list (gemcitabine, irinotecan, cisplatin, oxaliplatin, carboplatin, cytarabine) for use with the claimed CHK1 inhibitor; cytarabine is a real narrowed option but one of 6.",Medium,Yes
10852508,EP-1323423-A1,Cytarabine,Incidental Mention,No,No,No,No,No,No,No,No,No,,Cytarabine appears within a 9-item antimetabolite option list nested in a larger multi-class background chemotherapy list; no further narrowing found.,Medium,No
39386468,EP-2089024-B1,Cytarabine,Directly Relevant,Yes,No,No,Yes,No,No,No,No,No,,"Claim 1 combines a specifically claimed compound with one or more of only 3 named options (a second compound, doxorubicin, cytarabine) for AML treatment; cytarabine is a specifically claimed combination partner in a very short list.",High,No
66993985,EP-3730504-C0,Cytarabine,Directly Relevant,No,No,No,No,No,Yes,Yes,No,No,,"Claims text was empty in this pull, but the title itself is unambiguous: ""CYTARABINE PRODRUG NUCLEOSIDE CYCLIC PHOSPHATE COMPOUND BASED ON LIVER-SPECIFIC DELIVERY""; a cytarabine prodrug/derivative compound is the explicit subject.",High,No
53057653,EP-3068406-B1,Cytarabine,Directly Relevant,No,No,No,No,No,Yes,Yes,No,No,,"Claim 1 claims a mutual prodrug compound where one component is 1-cyano-cytarabine (formula II), a cytarabine derivative covalently linked to short-chain fatty acids; cytarabine derivative is the core claimed chemical structure.",High,No
61692059,US-11717512-B2,Cytarabine,Directly Relevant,Yes,No,No,No,No,No,No,No,No,,"Claim 7 specifically narrows the treated cancer to ""cytarabine-resistant acute myeloid leukemia""; cytarabine defines a specific claimed treatment-resistance indication for the invention.",High,No
48050937,CA-2986512-A1,Cytarabine,Indirectly Relevant,Yes,No,No,Yes,No,No,No,No,No,,"Main claim lists a ~20-item nucleoside analog group; claim 24 narrows to a shorter 5-item list (fludarabine, cytarabine, gemcitabine, decitabine, azacytidine); cytarabine is a real narrowed option but one of 5.",Medium,Yes
61196808,US-20190175684-A1,Cytarabine,Incidental Mention,No,No,No,No,No,No,No,No,No,,Cytarabine and cytarabine ocphosphate appear within an ~18-item list of nucleoside/antimetabolite conjugate payload options; no further narrowing found.,Medium,No
59273281,AU-2017205749-A1,Cytarabine,Incidental Mention,No,No,No,No,No,No,No,No,No,,Cytarabine appears within a 9-item pyrimidine-antagonist sub-list nested inside a much larger multi-class chemotherapy Markush list; generic background.,High,No
48014274,US-10258579-B2,Cytarabine,Directly Relevant,No,No,No,No,No,Yes,No,No,No,,"Main claim lists ~20 active substances; claim 13 narrows to a short 4-item list of hydrochloride salts (daunorubicin, doxorubicin, 9-aminoacridine, cytarabine) for the claimed nanoparticle manufacturing process; cytarabine hydrochloride is a specifically claimed embodiment.",Medium,No
38024274,US-20120294851-A1,Cytarabine,Directly Relevant,Yes,No,No,Yes,No,No,No,No,No,,"Claim narrows the anti-metabolite component to a short 4-item list (gemcitabine, fludarabine, cladarabine, cytarabine) within a defined combination composition; cytarabine is a specifically named option in a short list.",Medium,No
48082500,US-10285986-B2,Cytarabine,Incidental Mention,No,No,No,No,No,No,No,No,No,,Cytarabine appears within an extremely long (50+) alphabetical list of essentially all chemotherapy agents; generic background list.,High,No
27772362,WO-2005012327-A3,Cytarabine,Directly Relevant,No,No,No,No,No,No,Yes,No,No,,"Claims/description text was empty in this pull; abstract specifies the invention as phosphoramidate derivatives of nucleotides where the base moiety may be deoxyuridine, cytarabine, gemcitabine or cytidine (4-item list); cytarabine is a specifically named core substrate for this chemical-derivative platform.",Medium,No
47046323,EP-2716291-B1,Cytarabine,Indirectly Relevant,Yes,No,No,Yes,No,No,No,No,No,,"Claim 10 narrows the anticancer agent combined with the claimed compound to a 5-item list (methotrexate, cytarabine, cisplatine, etoposide, vincristine), especially doxorubicin or rituximab; cytarabine is a real named option but one of several.",Medium,Yes
43244801,US-20130197087-A1,Cytarabine,Incidental Mention,No,No,No,No,No,No,No,No,No,,"Cytarabine (as arabinosylcytosine) appears within a ~20-item generic chemotherapy agent list; background context, not singled out.",High,No
69159861,AU-2023200038-A1,Cytarabine,Indirectly Relevant,Yes,No,No,Yes,No,No,No,No,No,,"Claims an HDM2-p53 inhibitor + BCL2 inhibitor combination; claim 22/46 narrows the additional anti-cancer agent to a 7-item list (cytarabine/Ara-C, anthracycline, daunorubicin, idarubicin, rubidomycin, idamycin, midostaurin); cytarabine is listed first and specifically named but still one of several options.",Medium,Yes
56290402,CA-2478111-C,Cytarabine,Indirectly Relevant,Yes,No,No,No,No,No,No,No,No,,"Claim 12/25 narrows ""high-dose chemotherapy"" to a 6-item list (melphalan, busulfan, cyclophosphamide, carmustine, etoposide, cytarabine); cytarabine is also listed separately in a longer myelosuppressive-therapy background list; a real but non-central option.",Medium,Yes
11406961,EP-1214397-B1,Cytarabine,Incidental Mention,No,No,No,No,No,No,No,No,No,,"Cytarabine appears within a ~20-item chemotherapeutic compound list (trifluorothymidine, cytarabine, 6-thioguanine, 6-mercaptopurine, gemcitabine, fludarabine, etc.); generic background, not singled out.",High,No
62636211,EP-3638373-A1,Cytarabine,Directly Relevant,Yes,No,No,Yes,No,No,No,No,No,,"Claim 67 specifically narrows the chemotherapeutic agent combined with a CD19-ADC to Cytarabine, with extensive detailed dosing claims (Q3W regime, 5 partial doses on days 1-5); a specifically claimed embodiment with defined dosing.",High,No
34885947,EP-1718338-B1,Cytarabine,Incidental Mention,No,No,No,No,No,No,No,No,No,,Cytarabine and cytosine arabinoside appear within an extremely long (50+) alphabetical list of essentially all chemotherapy agents; generic background list.,High,No
45217677,EP-2640386-A1,Cytarabine,Directly Relevant,No,No,No,No,No,No,No,No,No,,"Claims progressively narrow the DNA-damaging agent list; claim 49 specifically claims the DNA damaging agent as cytarabine alone (single compound, no list) for use with the claimed CHK1 inhibitor.",High,No
29584377,EP-1982720-A1,Cytarabine,Incidental Mention,No,No,No,No,No,No,No,No,No,,"Cytarabine appears within a ~9-item second-therapeutic-agent list combined with ribavirin; background/Markush context, no further narrowing found.",Medium,No
57504837,US-20170172915-A1,Cytarabine,Incidental Mention,No,No,No,No,No,No,No,No,No,,"Cytarabine appears within a 9-item antimetabolite list (Mitomycin C, 5-FU, Floxuridine, Cytarabine, 6-Azauracil, Azathioprine, Methotrexate, Mycophenolate Mofetil, Thiotepa) combined with a multikinase inhibitor; no further narrowing found.",Medium,No
32605342,EP-1592449-B1,Cytarabine,Indirectly Relevant,Yes,No,No,No,No,No,No,No,No,,"Claim 2 lists the active compound as ""antimetabolites, preferably cytarabine, fludarabine, 5-fluoro-2-deoxyuridine, gemcitabine, hydroxyurea or methotrexate"" -- a short 6-item ""preferably"" list with cytarabine named first, real but not sole option.",Medium,Yes
55955264,CA-2967363-C,Cytarabine,Incidental Mention,No,No,No,No,No,No,No,No,No,,"Main claim lists ~30 chemotherapeutic agents; dependent claim 21/49 narrows to a 9-item list (5-FU, 6-MP, capecitabine, cytarabine, floxuridine, fludarabine, gemcitabine, hydroxyurea, methotrexate, pemetrexed); no further narrowing to cytarabine alone found.",Medium,No
39272127,CA-2670741-C,Cytarabine,Directly Relevant,Yes,No,No,Yes,No,No,No,No,No,,Claim 1 narrows the anti-metabolite to just 2 options (5-azacitidine or cytarabine) for MDS/AML treatment combined with an HDAC inhibitor; dependent claim 3 specifically isolates cytarabine alone.,High,No
75478296,CA-3172669-A1,Cytarabine,Directly Relevant,Yes,No,No,Yes,No,No,No,No,No,,"Dependent claims 18-19 and 46 specifically narrow the antimetabolite/second compound to cytarabine alone for AML treatment; description notes cytarabine+anthracycline (""7+3"") as the decades-long standard of care this invention builds on.",High,No
42799856,US-8679488-B2,Cytarabine,Directly Relevant,Yes,No,No,Yes,No,No,No,No,No,,Claim 8 lists ~14 anticancer agent options combined with IL-2; dependent claim 9 specifically narrows the anticancer agent to cytarabine alone.,High,No
9894287,EP-1299110-B1,Cytarabine,Indirectly Relevant,Yes,No,No,No,No,No,No,No,No,,"Cytarabine is named in a short 3-item cytidine-analog sub-list (cytarabine, azacitidine, gemcitabine); however the further-narrowed claim 3/7 selects the antimetabolite as 5-fluorouracil or gemcitabine specifically, excluding cytarabine from the most-specific claimed embodiment -- a real but non-central named option.",Medium,Yes
32030794,EP-1539756-B1,Cytarabine,Incidental Mention,No,No,No,No,No,No,No,No,No,,Cytarabine appears within an extremely long (30+) alphabetical chemotherapy agent list; generic background.,High,No
39304838,US-9364517-B2,Cytarabine,Incidental Mention,No,No,No,No,No,No,No,No,No,,"Cytarabine appears within a 10-item chemotherapeutic agent list (cyclophosphamide, doxorubicin, vincristine, fludarabine, carboplatin, etoposide, mitoxantrone, ifosfamide, cytarabine, cisplatin, bleomycin) combined with pegylated IL-10; no narrowing found.",Medium,No
33135116,EP-2671581-B1,Cytarabine,Incidental Mention,No,No,No,No,No,No,No,No,No,,"Cytarabine appears twice within two long (~25-item) generic anti-neoplastic agent lists; background context, not singled out.",High,No
38859094,EP-3025712-A1,Cytarabine,Directly Relevant,Yes,No,No,Yes,No,No,No,No,No,,"Claims a combination of a specifically named naphthyridine-carboxylic-acid compound and cytarabine (Ara-C) directly, with no intervening list; cytarabine is the sole, specifically claimed combination partner.",High,No
54288373,AU-2015243512-B2,Cytarabine,Incidental Mention,No,No,No,No,No,No,No,No,No,,"Cytarabine appears within a ~20-item cytotoxic-drug payload list for an antibody-drug conjugate; generic background, not singled out.",High,No
32030951,US-7432265-B2,Cytarabine,Incidental Mention,No,No,No,No,No,No,No,No,No,,Cytarabine appears within an extremely long (30+) alphabetical chemotherapy agent list (same pattern as sister family EP-1539756-B1); generic background.,High,No
39009616,CA-2673040-C,Cytarabine,Incidental Mention,No,No,No,No,No,No,No,No,No,,"Cytarabine appears within an 11-item ""other pharmaceutical"" list (methotrexate, fludarabine, clofarabine, pentostatine, cladribine, cytarabine, decitabine, vincristine, vinblastine, etoposide, teniposide, bortezomib) combined with the claimed tri-substituted glycerol compound; no narrowing found.",Medium,No
47143250,EP-3311827-B1,Cytarabine,Directly Relevant,No,No,Yes,No,No,No,No,No,No,,"Claims nanoparticles for non-solid tumor treatment characterized by an anti-cancer payload selected from just two named drug classes: pyrimidine nucleoside analogs such as cytarabine, and anthracyclines such as daunorubicin; cytarabine is a specifically named example payload for this drug-delivery invention.",Medium,No
22794755,US-20030026801-A1,Cytarabine,Incidental Mention,No,No,No,No,No,No,No,No,No,,Cytarabine HCl appears within an extremely long (30+) generic chemotherapy agent list; background context.,High,No
32771768,US-20100151006-A1,Cytarabine,Incidental Mention,No,No,No,No,No,No,No,No,No,,Cytarabine appears within an extremely long (30+) generic chemotherapy agent list; background context.,High,No
27803545,AU-2010226920-A1,Cytarabine,Incidental Mention,No,No,No,No,No,No,No,No,No,,Cytarabine appears within an extremely long (25+) generic chemotherapy agent list; background context.,High,No
29254237,US-20040214871-A1,Cytarabine,Incidental Mention,No,No,No,No,No,No,No,No,No,,Cytarabine appears within an ~8-item antimetabolite sub-list nested inside a much longer multi-class chemotherapy Markush list; generic background.,High,No
101123917,US-20110274647-A1,Cytarabine,Incidental Mention,No,No,No,No,No,No,No,No,No,,"Cytarabine appears within a ~25-item chemotherapy agent list associated with chemotherapy-induced peripheral neuropathy (CIPN); generic background, not singled out.",High,No
41128289,US-10653677-B2,Cytarabine,Incidental Mention,No,No,No,No,No,No,No,No,No,,Cytarabine appears within an extremely long (30+) generic chemotherapy agent list; background context.,High,No
36593193,CA-2902071-A1,Cytarabine,Incidental Mention,No,No,No,No,No,No,No,No,No,,Cytarabine appears within a 13-item nucleoside analog list combined with paclitaxel/albumin for solid tumor treatment; no narrowing found.,Medium,No
48669591,US-20230097694-A1,Cytarabine,Directly Relevant,Yes,No,No,No,No,No,No,No,No,,"Multiple dependent claims (81,96,111) specifically narrow the chemotherapy agent to cytarabine alone (as one of several single-compound dependent claims covering the same list individually).",High,No
22808722,WO-2002004448-A3,Cytarabine,Uncertain,No,No,No,No,No,No,No,No,No,,"Claims and description text were empty in this pull; title/abstract concern treating drug-induced peripheral neuropathy generally with purine/tetrahydroindolone/pyrimidine derivatives, with no mention of cytarabine anywhere in the retrievable text despite the original tac= search match. Cannot determine substantive relevance from available evidence.",Low,Yes
31978544,NZ-539164-A,Cytarabine,Incidental Mention,No,No,No,No,No,No,No,No,No,,Cytarabine appears twice within extremely long (25-30 item) generic chemotherapy/targeted-therapy agent lists; background context.,High,No
56126443,EP-3235505-B1,Cytarabine,Incidental Mention,No,No,No,No,No,No,No,No,No,,Cytarabine and cytarabine ocfosfate appear within a ~20-item chemotherapy agent list; background context.,High,No
64664097,EP-3501512-A1,Cytarabine,Incidental Mention,No,No,No,No,No,No,No,No,No,,Cytarabine (as idarubicin/cytarabine and cytarabine/daunorubicin combinations) appears within an extremely long (50+) list of anti-cancer agents/regimens; background context.,High,No
25121537,CA-2277824-C,Cytarabine,Directly Relevant,No,No,Yes,No,No,No,No,No,No,,"Claim 6/21/39 narrows the antineoplastic drug for the claimed nasal dosage composition to a short 5-item list (cytarabine, mitomycin, doxorubicin, vincristine, vinblastine); cytarabine is a specifically named option for this drug-delivery/formulation invention.",Medium,No
38437866,US-20070203074-A1,Cytarabine,Incidental Mention,No,No,No,No,No,No,No,No,No,,Cytarabine appears within an extremely long (30+) generic chemotherapy agent list; background context.,High,No
37654955,US-20090035269-A1,Cytarabine,Incidental Mention,No,No,No,No,No,No,No,No,No,,Cytarabine appears within an extremely long (30+) generic anti-cancer agent list; background context.,High,No
49876831,FR-3011240-A1,Cytarabine,Incidental Mention,No,No,No,No,No,No,No,No,No,,Cytarabine appears within an 8-item nucleoside-analog list combined with the claimed formula (I) compound; no further narrowing found.,Medium,No
39225888,US-20150306103-A1,Cytarabine,Directly Relevant,Yes,No,No,Yes,No,No,No,No,No,,"Claim directly states ""the second agent is cytarabine"" combined with a specifically claimed irreversible Btk inhibitor for AML treatment; no intervening list, cytarabine is the sole named second agent.",High,No
44597267,EP-1606406-A2,Cytarabine,Incidental Mention,No,No,No,No,No,No,No,No,No,,Cytosine arabinoside (cytarabine) appears within an extremely long (40+) alphabetical chemotherapy agent glossary; background context.,High,No
42806010,US-8927530-B2,Cytarabine,Directly Relevant,Yes,No,No,Yes,No,No,No,No,No,,"Claim 2 lists an 11-item antimetabolite group; claim 3 and the description specifically narrow the preferred antimetabolite to ""gemcitabine or cytarabine"" (2-item preferred list); a specifically claimed/preferred embodiment.",High,No
22256115,ZA-200101157-B,Cytarabine,Incidental Mention,No,No,No,No,No,No,No,No,No,,"Cytarabine appears within an ~18-item list of named chemotherapy regimens (CHOP, ICE, Mitozantrone, Cytarabine, DVP, ATRA, Idarubicin, etc.) for B-cell lymphoma; background context, not singled out.",High,No
51299134,AU-2013377736-B2,Cytarabine,Incidental Mention,No,No,No,No,No,No,No,No,No,,"Cytarabine appears within a 12-item cytotoxic agent list for treating aphthous lesions/mucositis (topical composition); background context, not the invention focus.",Medium,No
41328433,EP-2358697-B1,Cytarabine,Incidental Mention,No,No,No,No,No,No,No,No,No,,Cytarabine and cytarabine ocfosfate appear within an extremely long (50+) alphabetical anti-cancer compound list; generic background.,High,No
41199715,CA-2721218-C,Cytarabine,Incidental Mention,No,No,No,No,No,No,No,No,No,,Cytarabine and cytarabine liposomal appear within an extremely long (100+) alphabetical list of essentially all FDA-approved chemotherapy drugs; generic background list (same pattern as other CA family patents in this dataset).,High,No
26244092,US-7202361-B2,Cytarabine,Incidental Mention,No,No,No,No,No,No,No,No,No,,"Cytarabine appears within a ~20-item combination-drug list; background context, not singled out.",High,No
40532651,HK-1156631-A1,Cytarabine,Incidental Mention,No,No,No,No,No,No,No,No,No,,Cytarabine and cytarabine liposomal (with brand names) appear within an extremely long (100+) branded drug-name glossary; generic background list.,High,No
8862882,US-7524857-B2,Cytarabine,Incidental Mention,No,No,No,No,No,No,No,No,No,,Cytarabine and cytosine arabinoside appear within a ~15-20 item multi-class antineoplastic agent list; background context.,High,No
68696369,EP-3880207-B1,Cytarabine,Directly Relevant,Yes,No,No,Yes,No,No,No,No,No,,"Claim 5 specifically names cytarabine and/or daunorubicin as the example additional anti-cancer agent(s) combined with the claimed FLT3 inhibitor/midostaurin combination; a short, specifically claimed example, not generic background.",Medium,No
54700055,US-20230233579-A1,Cytarabine,Indirectly Relevant,No,No,No,No,No,No,No,No,No,,"Cytarabine appears within a 5-item prior-treatment eligibility criterion (doxorubicin, melphalan, etoposide, cytarabine, bendamustine) defining the treated patient population; a real, specific but non-central mention.",Medium,Yes
38116587,US-20140179592-A1,Cytarabine,Incidental Mention,No,No,No,No,No,No,No,No,No,,"Cytarabine appears within a ~20-item ""another therapeutic agent"" list; background context, not singled out.",High,No
38522308,US-20090117203-A1,Cytarabine,Incidental Mention,No,No,No,No,No,No,No,No,No,,"Cytarabine appears within a 9-item chemotherapeutic agent list (methotrexate, fluorouracil, fluorodeoxyuridine, azacitidine, cytarabine, mercaptopurine, 6-thioguanine, pentostatin, fludarabine); background context.",Medium,No
22780552,EP-1289557-B1,Cytarabine,Incidental Mention,No,No,No,No,No,No,No,No,No,,Cytarabine appears within a ~20-item chemotherapy agent list; background context.,High,No
29715313,WO-2003101474-A1,Cytarabine,Incidental Mention,No,No,No,No,No,No,No,No,No,,Cytarabine appears within an extremely long (30+) chemotherapy agent list; generic background.,High,No
55543089,US-10064911-B2,Cytarabine,Incidental Mention,No,No,No,No,No,No,No,No,No,,Cytarabine appears within an extremely long (30+) generic chemotherapy agent list; background context.,High,No
34108157,AU-2009251083-B2,Cytarabine,Incidental Mention,No,No,No,No,No,No,No,No,No,,Cytarabine appears within a ~20-item chemotherapy agent list; background context.,High,No
44140885,EP-3438129-B1,Cytarabine,Incidental Mention,No,No,No,No,No,No,No,No,No,,Cytarabine appears only within a long (10+) generic chemotherapy/antimetabolite Markush list; not a specifically claimed or central embodiment.,High,No
41707605,US-20100137434-A1,Cytarabine,Incidental Mention,No,No,No,No,No,No,No,No,No,,Cytarabine appears only within a long (10+) generic chemotherapy/antimetabolite Markush list; not a specifically claimed or central embodiment.,High,No
27265859,EP-0533280-B2,Cytarabine,Incidental Mention,No,No,No,No,No,No,No,No,No,,Cytarabine appears only within a long (10+) generic chemotherapy/antimetabolite Markush list; not a specifically claimed or central embodiment.,High,No
32030811,NZ-538595-A,Cytarabine,Incidental Mention,No,No,No,No,No,No,No,No,No,,Cytarabine appears only within a long (10+) generic chemotherapy/antimetabolite Markush list; not a specifically claimed or central embodiment.,High,No
48986165,US-20160108398-A1,Cytarabine,Incidental Mention,No,No,No,No,No,No,No,No,No,,Cytarabine appears only within a long (10+) generic chemotherapy/antimetabolite Markush list; not a specifically claimed or central embodiment.,High,No
55640910,EP-3277675-B1,Cytarabine,Incidental Mention,No,No,No,No,No,No,No,No,No,,Cytarabine appears only within a long (10+) generic chemotherapy/antimetabolite Markush list; not a specifically claimed or central embodiment.,High,No
29554311,CA-2483594-C,Cytarabine,Incidental Mention,No,No,No,No,No,No,No,No,No,,Cytarabine appears only within a long (10+) generic chemotherapy/antimetabolite Markush list; not a specifically claimed or central embodiment.,High,No
27734439,CA-2475818-C,Cytarabine,Incidental Mention,No,No,No,No,No,No,No,No,No,,Cytarabine appears only within a long (10+) generic chemotherapy/antimetabolite Markush list; not a specifically claimed or central embodiment.,High,No
37400859,US-20090274762-A1,Cytarabine,Incidental Mention,No,No,No,No,No,No,No,No,No,,Cytarabine appears only within a long (10+) generic chemotherapy/antimetabolite Markush list; not a specifically claimed or central embodiment.,High,No
40985673,US-8519136-B2,Cytarabine,Incidental Mention,No,No,No,No,No,No,No,No,No,,Cytarabine appears only within a long (10+) generic chemotherapy/antimetabolite Markush list; not a specifically claimed or central embodiment.,High,No
51357791,EP-3632469-B1,Cytarabine,Incidental Mention,No,No,No,No,No,No,No,No,No,,"Cytarabine (or 5-fluorouracil) named as one of two pyrimidinone-based anti-neoplastic agent options in a dependent claim about CYP2J2 antagonist combination therapy; short list but framed as generic alternative, not a specifically preferred/central agent.",Medium,No
39246752,EP-2805945-A1,Cytarabine,Incidental Mention,No,No,No,No,No,No,No,No,No,,Cytarabine (and liposomal cytarabine) appear within an extremely long (100+) alphabetical brand-name drug list illustrating chemotherapy agents generally; unrelated core invention.,High,No
27255828,EP-1313762-B1,Cytarabine,Incidental Mention,No,No,No,No,No,No,No,No,No,,Cytarabine appears only in a ~20-item generic chemotherapeutic agent list as a dependent-claim option; not the invention focus.,High,No
25348415,EP-1393750-A2,Cytarabine,Incidental Mention,No,No,No,No,No,No,No,No,No,,Cytarabine appears only in a ~30-item generic chemotherapeutic agent list; not the invention focus.,High,No
62025902,AU-2018242612-A1,Cytarabine,Indirectly Relevant,Yes,No,No,Yes,No,No,No,No,No,,"Claim 17 specifically narrows combination therapy for an HDM2-p53 inhibitor drug to a short list of 3 named agents (midostaurin, azacytidine, cytarabine) -- a real, specific combination-therapy embodiment, not generic background.",Medium,Yes
4160148,US-20020146462-A1,Cytarabine,Incidental Mention,No,No,No,No,No,No,No,No,No,,Cytarabine appears only in an extensive generic chemotherapy classification list (antimetabolites/purine/pyrimidine analogues); not the invention focus.,High,No
40086407,WO-2010000793-A1,Cytarabine,Incidental Mention,No,No,No,No,No,No,No,No,No,,Cytarabine appears only in a ~15-item generic active-ingredient list as a dependent-claim option; not the invention focus.,High,No
73046797,AU-2023251416-B2,Cytarabine,Incidental Mention,No,No,No,No,No,No,No,No,No,,Cytarabine appears only in a ~10-item generic chemotherapeutic agent list (autophagy-inhibition combination claim); not singled out.,High,No
43411387,US-20230149500-A1,Cytarabine,Incidental Mention,No,No,No,No,No,No,No,No,No,,"Cytarabine appears only in a ~10-item generic nucleotide-analog chemotherapy list as one of several ""second chemotherapy"" options; not the invention focus (a TRAIL-receptor biologic).",High,No
40577735,HK-1149034-A1,Cytarabine,Incidental Mention,No,No,No,No,No,No,No,No,No,,Cytarabine appears only in a ~12-item generic cytotoxic-agent list as a dependent-claim option for an immunoconjugate invention; not the invention focus.,High,No
45493809,EP-2598531-B1,Cytarabine,Incidental Mention,No,No,No,No,No,No,No,No,No,,Cytarabine appears only within a long (10+) generic chemotherapy Markush list; not a specifically claimed or central embodiment.,High,No
51581450,CA-2906198-A1,Cytarabine,Incidental Mention,No,No,No,No,No,No,No,No,No,,Cytarabine appears only within a long (10+) generic chemotherapy Markush list; not a specifically claimed or central embodiment.,High,No
63671917,US-10568880-B2,Cytarabine,Incidental Mention,No,No,No,No,No,No,No,No,No,,Cytarabine appears only within a long (10+) generic chemotherapy Markush list; not a specifically claimed or central embodiment.,High,No
54009360,EP-3111931-B1,Cytarabine,Incidental Mention,No,No,No,No,No,No,No,No,No,,Cytarabine appears only within a long (10+) generic chemotherapy Markush list; not a specifically claimed or central embodiment.,High,No
47351354,EP-2928465-B1,Cytarabine,Incidental Mention,No,No,No,No,No,No,No,No,No,,Cytarabine appears only within a long (10+) generic chemotherapy Markush list; not a specifically claimed or central embodiment.,High,No
24622927,EP-0912535-B1,Cytarabine,Incidental Mention,No,No,No,No,No,No,No,No,No,,Cytarabine appears only within a long (10+) generic chemotherapy Markush list; not a specifically claimed or central embodiment.,High,No
44799061,US-20170312233-A1,Cytarabine,Incidental Mention,No,No,No,No,No,No,No,No,No,,Cytarabine appears only within a long (10+) generic chemotherapy Markush list; not a specifically claimed or central embodiment.,High,No
33418401,CA-2826735-A1,Cytarabine,Incidental Mention,No,No,No,No,No,No,No,No,No,,Cytarabine appears only within a long (10+) generic chemotherapy Markush list; not a specifically claimed or central embodiment.,High,No
24715919,EP-1345604-B1,Cytarabine,Incidental Mention,No,No,No,No,No,No,No,No,No,,Cytarabine appears only within a long (10+) generic chemotherapy Markush list; not a specifically claimed or central embodiment.,High,No
56879471,AU-2016229710-A1,Cytarabine,Incidental Mention,No,No,No,No,No,No,No,No,No,,Cytarabine appears only within a long (10+) generic chemotherapy Markush list; not a specifically claimed or central embodiment.,High,No
61016897,US-20190151362-A1,Cytarabine,Incidental Mention,No,No,No,No,No,No,No,No,No,,Cytarabine appears only within a long (10+) generic chemotherapy Markush list; not a specifically claimed or central embodiment.,High,No
39589207,US-20120077834-A1,Cytarabine,Incidental Mention,No,No,No,No,No,No,No,No,No,,Cytarabine appears only within a long (10+) generic chemotherapy Markush list; not a specifically claimed or central embodiment.,High,No
53057842,IL-288674-B2,Cytarabine,Incidental Mention,No,No,No,No,No,No,No,No,No,,Cytarabine appears only within a long (10+) generic chemotherapy Markush list; not a specifically claimed or central embodiment.,High,No
48986164,US-20160113957-A1,Cytarabine,Incidental Mention,No,No,No,No,No,No,No,No,No,,Cytarabine appears only within a long (10+) generic chemotherapy Markush list; not a specifically claimed or central embodiment.,High,No
54554092,EP-3146978-B1,Cytarabine,Incidental Mention,No,No,No,No,No,No,No,No,No,,Cytarabine appears only within a long (10+) generic chemotherapy Markush list; not a specifically claimed or central embodiment.,High,No
37487994,US-20070066621-A1,Cytarabine,Incidental Mention,No,No,No,No,No,No,No,No,No,,Cytarabine appears only within a long (10+) generic chemotherapy Markush list; not a specifically claimed or central embodiment.,High,No
10862304,US-6642240-B2,Cytarabine,Incidental Mention,No,No,No,No,No,No,No,No,No,,Cytarabine appears only within a long (10+) generic chemotherapy Markush list; not a specifically claimed or central embodiment.,High,No
42289326,AU-2015230806-A1,Cytarabine,Incidental Mention,No,No,No,No,No,No,No,No,No,,Cytarabine appears only within a long (10+) generic chemotherapy Markush list; not a specifically claimed or central embodiment.,High,No
28041767,US-6719540-B2,Cytarabine,Incidental Mention,No,No,No,No,No,No,No,No,No,,Cytarabine appears only within a long (15+) generic nucleoside-analog/chemotherapy Markush list; not central.,High,No
26072883,EP-1229130-B1,Cytarabine,Incidental Mention,No,No,No,No,No,No,No,No,No,,Cytarabine appears only within a short generic nucleoside/nucleotide-analogue list (5 items) as one dependent-claim option; not singled out or central to the invention (an antiviral/HIV method).,Medium,No
56610023,AU-2016302928-B2,Cytarabine,Indirectly Relevant,Yes,No,No,Yes,No,No,No,No,No,,"Cytarabine (""high-dose cytarabine"") is a named component of two specific 3-4 drug salvage chemotherapy combination regimens (with dexamethasone/cisplatin, and etoposide/methylprednisolone/cisplatin) usable with the claimed anti-PSMA bispecific antibody; a real, specific combination-therapy embodiment.",Medium,Yes
49877035,US-20250223292-A1,Cytarabine,Incidental Mention,No,No,No,No,No,No,No,No,No,,Cytarabine appears only within an extremely long (40+) generic antineoplastic-agent Markush list; not central.,High,No
52684675,US-12383533-B2,Cytarabine,Incidental Mention,No,No,No,No,No,No,No,No,No,,Cytarabine appears only within a long (20+) generic chemotherapeutic agent list; not central.,High,No
50488836,US-20220331383-A1,Cytarabine,Incidental Mention,No,No,No,No,No,No,No,No,No,,Cytarabine appears only within a long (10+) generic chemotherapy Markush list; not a specifically claimed or central embodiment.,High,No
45999941,CA-2864060-C,Cytarabine,Incidental Mention,No,No,No,No,No,No,No,No,No,,Cytarabine appears only within a long (10+) generic chemotherapy Markush list; not a specifically claimed or central embodiment.,High,No
35311854,CA-2570321-C,Cytarabine,Incidental Mention,No,No,No,No,No,No,No,No,No,,Cytarabine appears only within a long (10+) generic chemotherapy Markush list; not a specifically claimed or central embodiment.,High,No
47324128,US-10765648-B2,Cytarabine,Incidental Mention,No,No,No,No,No,No,No,No,No,,Cytarabine appears only within a long (10+) generic chemotherapy Markush list; not a specifically claimed or central embodiment.,High,No
32852145,CA-2515623-A1,Cytarabine,Incidental Mention,No,No,No,No,No,No,No,No,No,,Cytarabine appears only within a long (10+) generic chemotherapy Markush list; not a specifically claimed or central embodiment.,High,No
39495177,CA-2696634-A1,Cytarabine,Incidental Mention,No,No,No,No,No,No,No,No,No,,Cytarabine appears only within a generic chemotherapy/pyrimidine-analog Markush list; not a specifically claimed or central embodiment.,High,No
52689364,US-20160096869-A1,Cytarabine,Incidental Mention,No,No,No,No,No,No,No,No,No,,Cytarabine appears only within a generic chemotherapy/pyrimidine-analog Markush list; not a specifically claimed or central embodiment.,High,No
35241347,IL-181305-A,Cytarabine,Incidental Mention,No,No,No,No,No,No,No,No,No,,Cytarabine appears only within a generic chemotherapy/pyrimidine-analog Markush list; not a specifically claimed or central embodiment.,High,No
60663739,SG-10202012434Q-A,Cytarabine,Incidental Mention,No,No,No,No,No,No,No,No,No,,Cytarabine appears only within a generic chemotherapy/pyrimidine-analog Markush list; not a specifically claimed or central embodiment.,High,No
43649600,CA-3067609-A1,Cytarabine,Incidental Mention,No,No,No,No,No,No,No,No,No,,Cytarabine appears only within a generic chemotherapy/pyrimidine-analog Markush list; not a specifically claimed or central embodiment.,High,No
38519759,EP-2043659-B1,Cytarabine,Incidental Mention,No,No,No,No,No,No,No,No,No,,Cytarabine appears only within a generic chemotherapy/pyrimidine-analog Markush list; not a specifically claimed or central embodiment.,High,No
40094408,EP-2170270-B1,Cytarabine,Incidental Mention,No,No,No,No,No,No,No,No,No,,Cytarabine appears only within a long (10+) generic chemotherapy Markush list; not a specifically claimed or central embodiment.,High,No
27385940,CA-2315693-C,Cytarabine,Incidental Mention,No,No,No,No,No,No,No,No,No,,Cytarabine appears only within a long (10+) generic chemotherapy Markush list; not a specifically claimed or central embodiment.,High,No
51654619,US-9408886-B2,Cytarabine,Incidental Mention,No,No,No,No,No,No,No,No,No,,Cytarabine appears only within a long (10+) generic chemotherapy Markush list; not a specifically claimed or central embodiment.,High,No
35267210,US-20070213382-A1,Cytarabine,Incidental Mention,No,No,No,No,No,No,No,No,No,,Cytarabine appears only within a long (10+) generic chemotherapy Markush list; not a specifically claimed or central embodiment.,High,No
26868552,US-6824773-B2,Cytarabine,Incidental Mention,No,No,No,No,No,No,No,No,No,,Cytarabine appears only within a long (10+) generic chemotherapy Markush list; not a specifically claimed or central embodiment.,High,No
10732372,EP-0615751-B1,Cytarabine,Incidental Mention,No,No,No,No,No,No,No,No,No,,Cytarabine appears only within a long (10+) generic chemotherapy Markush list; not a specifically claimed or central embodiment.,High,No
42233653,CA-2808320-A1,Cytarabine,Incidental Mention,No,No,No,No,No,No,No,No,No,,Cytarabine appears only within a long (30+) generic cytotoxic-agent Markush list; not central.,High,No
39284467,US-20110020437-A1,Cytarabine,Incidental Mention,No,No,No,No,No,No,No,No,No,,Cytarabine appears only within a long (25+) generic cytostatic-agent Markush list; not central.,High,No
41683104,AU-2009327357-C1,Cytarabine,Incidental Mention,No,No,No,No,No,No,No,No,No,,Cytarabine appears only within a long generic antimetabolite Markush list (part of a broader combination-class claim); not central.,High,No
27763556,US-8415095-B2,Cytarabine,Indirectly Relevant,No,No,No,No,No,No,Yes,No,No,,"Dependent claim 3 narrows the immunogen's nucleoside citrate-derivative component to a short list of 4 named nucleoside analogs (6-mercaptopurine, cladribine, cytarabine, gemcitabine) -- a real, specific chemical-modification embodiment, not generic background.",Medium,Yes
47722321,US-20210382038-A1,Cytarabine,Incidental Mention,No,No,No,No,No,No,No,No,No,,Cytarabine appears only within a long (25+) generic chemotherapeutic-agent Markush list; not central.,High,No
66246040,US-20220340666-A1,Cytarabine,Incidental Mention,No,No,No,No,No,No,No,No,No,,Cytarabine appears only within a 9-item generic anti-mitotic/antimetabolite agent list (galectin-9 inhibition method); not singled out or central.,Medium,No
68534076,AU-2019268353-B2,Cytarabine,Incidental Mention,No,No,No,No,No,No,No,No,No,,Cytarabine appears only within a 6-item generic small-molecule anti-cancer medication list as a combination-therapy option for a halogenated-xanthene compound; not singled out.,Medium,No
51581155,HK-1220412-A1,Cytarabine,Indirectly Relevant,Yes,No,No,Yes,No,No,No,No,No,,"A structured multi-part combination claim narrows the ""anti-metabolite"" component to a short 5-item list (5-fluorouracil, methotrexate, gemcitabine, cytarabine, fludarabine) as one of several specifically defined drug-class components of a defined combination regimen; more specific than generic background.",Medium,Yes
57198851,US-10603334-B2,Cytarabine,Incidental Mention,No,No,No,No,No,No,No,No,No,,Cytarabine appears only within a long (30+) generic chemotherapeutic agent Markush list; not central.,High,No
34923919,AU-2004299670-B2,Cytarabine,Indirectly Relevant,Yes,No,No,Yes,No,No,No,No,No,,"A structured combination claim narrows the ""antagonist of purine and pyrimidine bases"" component to a short 4-item list (5-fluorouracil, 5-fluorodeoxyuridine, cytarabine, gemcitabine) as one specifically defined component of a multi-part combination regimen; more specific than generic background.",Medium,Yes
4170835,US-7714003-B2,Cytarabine,Incidental Mention,No,No,No,No,No,No,No,No,No,,Cytarabine appears only within a long generic list of substances/drugs in a background/toxicology context; not central to the claimed invention.,High,No
51658962,EP-3587406-A1,Cytarabine,Incidental Mention,No,No,No,No,No,No,No,No,No,,Cytarabine appears only within a long (20+) generic cytotoxic-drug Markush list (device/formulation patent); not central.,High,No
57113229,US-12509465-B2,Cytarabine,Incidental Mention,No,No,No,No,No,No,No,No,No,,Cytarabine appears only within a very long generic antineoplastic-agent Markush list; not central.,High,No
59153242,MY-197898-A,Cytarabine,Indirectly Relevant,Yes,No,No,Yes,No,No,No,No,No,,"A structured multi-part combination claim narrows the ""anti-metabolic antineoplastic agent"" component to a short 4-item list (methotrexate, mercaptopurine, fluorouracil, cytarabine) as one specifically defined component of a multi-part combination regimen; more specific than generic background.",Medium,Yes
42136567,US-20130017262-A1,Cytarabine,Incidental Mention,No,No,No,No,No,No,No,No,No,,Cytarabine appears only within an extremely long (40+) generic drug Markush list spanning multiple therapeutic classes; not central.,High,No
71946919,MY-210427-A,Cytarabine,Incidental Mention,No,No,No,No,No,No,No,No,No,,Cytarabine appears only within a 10-item generic antimetabolite list as one dependent-claim option; not singled out.,High,No
63684608,US-20190077801-A1,Cytarabine,Directly Relevant,Yes,No,No,No,No,No,No,No,No,,Dependent claim 77 specifically narrows the additional pharmaceutically active compound to cytarabine alone (combined with the claimed carfilzomib-combination compound); cytarabine is the specifically claimed embodiment.,High,No
11382684,HU-P0200714-A2,Cytarabine,Incidental Mention,No,No,No,No,No,No,No,No,No,,Cytarabine appears twice in very long generic antitumor-agent and antiviral-agent Markush lists (Hungarian-language patent); not central.,High,No
52589819,TW-I741478-B,Cytarabine,Incidental Mention,No,No,No,No,No,No,No,No,No,,Cytarabine appears only within a very long generic antineoplastic-agent Markush list (Chinese-language patent); not central.,High,No
52478098,US-20200308277-A1,Cytarabine,Incidental Mention,No,No,No,No,No,No,No,No,No,,Cytarabine appears within a 12-item chemotherapeutic-agent list (including related cytarabine derivatives CPX-351 and elacytarabine) as one combination option for an antibody-molecule therapy; not singled out despite thematic proximity.,Medium,No
57472102,EP-4141002-A1,Cytarabine,Incidental Mention,No,No,No,No,No,No,No,No,No,,Cytarabine appears only within a very long generic antineoplastic-agent Markush list; not central.,High,No
49161781,CN-109053595-B,Cytarabine,Incidental Mention,No,No,No,No,No,No,No,No,No,,Cytarabine appears only within a very long generic antineoplastic-agent Markush list (Chinese-language patent); not central.,High,No
37035343,EP-1928872-B1,Cytarabine,Incidental Mention,No,No,No,No,No,No,No,No,No,,Cytarabine appears only within a structured but still broad multi-category antimetabolite Markush list (pyrimidine/purine/folic-acid antagonists); not singled out.,High,No
22297915,US-6531477-B1,Cytarabine,Incidental Mention,No,No,No,No,No,No,No,No,No,,Cytarabine appears only within a very long generic chemotherapeutic-agent Markush list; not central.,High,No
52595463,AU-2019204244-B2,Cytarabine,Incidental Mention,No,No,No,No,No,No,No,No,No,,Cytarabine appears only within a long (20+) generic chemotherapy Markush list; not a specifically claimed or central embodiment.,High,No
41066724,US-20150087630-A1,Cytarabine,Incidental Mention,No,No,No,No,No,No,No,No,No,,Cytarabine appears only within a long (20+) generic chemotherapy Markush list; not a specifically claimed or central embodiment.,High,No
32966445,US-20040235829-A1,Cytarabine,Incidental Mention,No,No,No,No,No,No,No,No,No,,Cytarabine appears only within a long (20+) generic chemotherapy Markush list; not a specifically claimed or central embodiment.,High,No
66429535,EP-4566675-A2,Cytarabine,Incidental Mention,No,No,No,No,No,No,No,No,No,,Cytarabine appears only within a long (20+) generic chemotherapy Markush list; not a specifically claimed or central embodiment.,High,No
59851028,CA-3015847-C,Cytarabine,Incidental Mention,No,No,No,No,No,No,No,No,No,,Cytarabine appears only within a long (20+) generic chemotherapy Markush list; not a specifically claimed or central embodiment.,High,No
47048993,US-9663523-B2,Cytarabine,Incidental Mention,No,No,No,No,No,No,No,No,No,,Cytarabine appears only within a long (20+) generic chemotherapy Markush list; not a specifically claimed or central embodiment.,High,No
62488735,EP-3551625-A1,Cytarabine,Incidental Mention,No,No,No,No,No,No,No,No,No,,Cytarabine appears only within a very long generic antineoplastic-agent Markush list; not central.,High,No
44063190,EP-2696861-B1,Cytarabine,Incidental Mention,No,No,No,No,No,No,No,No,No,,Cytarabine appears only within a structured but still broad multi-category antimetabolite Markush list; not singled out.,High,No
26821130,HK-1043796-A1,Cytarabine,Indirectly Relevant,No,No,No,No,No,No,Yes,No,No,,"Cytarabine is one of only ~5 named nucleoside/nucleotide drugs (with acyclovir, gemcitabine, fludarabine) each individually described receiving the same specific phosphoramidate-type prodrug structural modification at the primary hydroxyl; a real, specifically-described chemical-modification embodiment, not generic background.",Medium,Yes
45888240,US-20140302010-A1,Cytarabine,Incidental Mention,No,No,No,No,No,No,No,No,No,,Cytarabine appears only within a very long generic chemotherapeutic-agent Markush list; not central.,High,No
44545741,MY-185139-A,Cytarabine,Incidental Mention,No,No,No,No,No,No,No,No,No,,Cytarabine appears only within a very long generic chemotherapeutic-agent Markush list; not central.,High,No
38228870,EP-1981538-B1,Cytarabine,Incidental Mention,No,No,No,No,No,No,No,No,No,,Cytarabine appears only within a long generic antimetabolite Markush list; not central.,High,No
42027882,EP-2343295-A1,Cytarabine,Incidental Mention,No,No,No,No,No,No,No,No,No,,Cytarabine appears only within a long (15+) generic chemotherapy Markush list; not a specifically claimed or central embodiment.,High,No
58427990,EP-3355926-A1,Cytarabine,Incidental Mention,No,No,No,No,No,No,No,No,No,,Cytarabine appears only within a long (15+) generic chemotherapy Markush list; not a specifically claimed or central embodiment.,High,No
38459678,EP-1988910-B1,Cytarabine,Incidental Mention,No,No,No,No,No,No,No,No,No,,Cytarabine appears only within a long (15+) generic chemotherapy Markush list; not a specifically claimed or central embodiment.,High,No
52302407,WO-2015095767-A1,Cytarabine,Incidental Mention,No,No,No,No,No,No,No,No,No,,Cytarabine appears only within a long (15+) generic chemotherapy Markush list; not a specifically claimed or central embodiment.,High,No
37033831,HK-1164866-A1,Cytarabine,Incidental Mention,No,No,No,No,No,No,No,No,No,,Cytarabine appears only within a long (15+) generic chemotherapy Markush list; not a specifically claimed or central embodiment.,High,No
43778175,EP-2547680-A1,Cytarabine,Incidental Mention,No,No,No,No,No,No,No,No,No,,Cytarabine appears only within a long (15+) generic chemotherapy Markush list; not a specifically claimed or central embodiment.,High,No
64998660,US-20190016713-A1,Cytarabine,Incidental Mention,No,No,No,No,No,No,No,No,No,,Cytarabine appears only within a long (15+) generic chemotherapy Markush list; not a specifically claimed or central embodiment.,High,No
52727488,AU-2015202183-C1,Cytarabine,Incidental Mention,No,No,No,No,No,No,No,No,No,,Cytarabine appears only within a long (15+) generic chemotherapy Markush list; not a specifically claimed or central embodiment.,High,No
37967343,EP-1940916-B1,Cytarabine,Incidental Mention,No,No,No,No,No,No,No,No,No,,Cytarabine appears only within a long (15+) generic chemotherapy Markush list; not a specifically claimed or central embodiment.,High,No
40833485,CA-2721838-C,Cytarabine,Incidental Mention,No,No,No,No,No,No,No,No,No,,Cytarabine appears only within a very long generic anticancer-agent Markush list; not central.,High,No
38691782,CA-2695082-C,Cytarabine,Incidental Mention,No,No,No,No,No,No,No,No,No,,Cytarabine appears only within an 8-item generic nucleoside-mimetic list as one dependent-claim option; not singled out.,Medium,No
42269326,US-8835429-B2,Cytarabine,Incidental Mention,No,No,No,No,No,No,No,No,No,,Cytarabine appears only within a long generic chemotherapeutic-agent list; not central.,High,No
7797502,EP-0912176-B1,Cytarabine,Indirectly Relevant,Yes,No,No,Yes,No,No,No,No,No,,"A structured combination claim narrows the ""anti-metabolite"" component to a short 4-item list (cytarabine, 5-fluorouracil, 6-mercaptopurine, methotrexate) as one specifically defined component of a multi-part combination regimen with the claimed formula (I) compound; more specific than generic background.",Medium,Yes
46124297,AU-2012244859-A1,Cytarabine,Incidental Mention,No,No,No,No,No,No,No,No,No,,Cytarabine appears only within a very long generic chemotherapeutic-agent Markush list; not central.,High,No
55349947,SG-10202103777U-A,Cytarabine,Incidental Mention,No,No,No,No,No,No,No,No,No,,Cytarabine appears only within a very long mixed generic drug list (oncology + GI/analgesic agents); not central.,High,No
41570586,AU-2009274037-A1,Cytarabine,Incidental Mention,No,No,No,No,No,No,No,No,No,,Cytarabine appears only within a very long generic anticancer-agent Markush list; not central.,High,No
45888230,US-20140255392-A1,Cytarabine,Incidental Mention,No,No,No,No,No,No,No,No,No,,Cytarabine appears only within a very long generic chemotherapeutic-agent Markush list; not central.,High,No
39765330,WO-2008113177-A1,Cytarabine,Incidental Mention,No,No,No,No,No,No,No,No,No,,Cytarabine ocfosfate appears only within a very long generic prodrug/anticancer-agent Markush list; not central.,High,No
51527938,IL-298332-A,Cytarabine,Indirectly Relevant,Yes,No,No,Yes,No,No,No,No,No,,"The description explicitly names the specific fixed ""ADE"" combination regimen (Cytarabine, Daunorubicin Hydrochloride, Etoposide) as a chemotherapy combinable with CD123-CAR T-cell immunotherapy -- a real, specifically-named combination-therapy embodiment, beyond the generic antimetabolite-class list also present.",Medium,Yes
83218684,MA-55888-B1,Cytarabine,Incidental Mention,No,No,No,No,No,No,No,No,No,,Cytarabine appears only within a long generic chemotherapy Markush list; not a specifically claimed or central embodiment.,High,No
59258383,AU-2021250978-B2,Cytarabine,Incidental Mention,No,No,No,No,No,No,No,No,No,,Cytarabine appears only within a long generic chemotherapy Markush list; not a specifically claimed or central embodiment.,High,No
40852224,CA-2721666-C,Cytarabine,Incidental Mention,No,No,No,No,No,No,No,No,No,,Cytarabine appears only within a long generic chemotherapy Markush list; not a specifically claimed or central embodiment.,High,No
42313567,JP-6168773-B2,Cytarabine,Incidental Mention,No,No,No,No,No,No,No,No,No,,Cytarabine appears only within a long generic chemotherapy Markush list; not a specifically claimed or central embodiment.,High,No
78087464,AU-2021107217-A4,Cytarabine,Incidental Mention,No,No,No,No,No,No,No,No,No,,Cytarabine appears only within a long generic chemotherapy Markush list; not a specifically claimed or central embodiment.,High,No
22860141,CA-2420673-A1,Cytarabine,Incidental Mention,No,No,No,No,No,No,No,No,No,,Cytarabine appears only within a long generic chemotherapy Markush list; not central.,High,No
8237043,EP-1079840-B1,Cytarabine,Incidental Mention,No,No,No,No,No,No,No,No,No,,Cytarabine appears only within a 7-item generic anticancer-drug list as one dependent-claim option; not singled out.,Medium,No
27033689,EP-0828481-B1,Cytarabine,Indirectly Relevant,No,Yes,Yes,No,No,No,No,No,No,,"Dependent claim 6 specifically narrows the antineoplastic drug in the claimed oral dosage composition to a short 5-item list (cytarabine, mitomycin, doxorubicin, vincristine, vinblastine); the invention is directly about the oral dosage formulation technology, making cytarabine one of few specifically claimed formulation embodiments.",Medium,Yes
29248381,US-20020188196-A1,Cytarabine,Incidental Mention,No,No,No,No,No,No,No,No,No,,Cytarabine appears only within a long generic chemotherapeutic-agent Markush list; not central.,High,No
22152620,EP-1077686-A1,Cytarabine,Incidental Mention,No,No,No,No,No,No,No,No,No,,Cytarabine appears only within a long generic chemotherapeutic-agent Markush list; not central.,High,No
22709017,MX-PA02009463-A,Cytarabine,Incidental Mention,No,No,No,No,No,No,No,No,No,,Cytarabine appears only within a long generic chemotherapy Markush list; not a specifically claimed or central embodiment.,High,No
27766051,AU-2003213142-A1,Cytarabine,Incidental Mention,No,No,No,No,No,No,No,No,No,,Cytarabine appears only within a long generic chemotherapy Markush list; not a specifically claimed or central embodiment.,High,No
22088358,US-20030170234-A1,Cytarabine,Incidental Mention,No,No,No,No,No,No,No,No,No,,Cytarabine appears only within a long generic chemotherapy Markush list; not a specifically claimed or central embodiment.,High,No
21809866,EP-0909184-B1,Cytarabine,Incidental Mention,No,No,No,No,No,No,No,No,No,,Cytarabine appears only within a long generic chemotherapy Markush list; not a specifically claimed or central embodiment.,High,No
24597275,US-20030211592-A1,Cytarabine,Incidental Mention,No,No,No,No,No,No,No,No,No,,Cytarabine appears only within a long generic chemotherapy Markush list; not a specifically claimed or central embodiment.,High,No
89995266,US-6838469-B2,Cytarabine,Directly Relevant,Yes,No,No,No,No,No,No,No,No,,Dependent claim 6 specifically claims a pharmaceutical composition comprising cytarabine (or its acid addition salt) as the active antitumor substance; cytarabine is a specifically claimed embodiment (one of several parallel dependent claims each naming a different specific nucleoside analog).,High,No
34699898,CA-2546054-A1,Cytarabine,Incidental Mention,No,No,No,No,No,No,No,No,No,,Cytarabine appears only within a long generic antimetabolite/alkylating-agent Markush list; not central.,High,No
9930717,US-20050176715-A1,Cytarabine,Incidental Mention,No,No,No,No,No,No,No,No,No,,Cytarabine appears only within a ~15-item generic chemotherapeutic-agent list; not central.,High,No
35463475,AU-2005250484-A1,Cytarabine,Incidental Mention,No,No,No,No,No,No,No,No,No,,Cytarabine appears only within a ~15-item generic chemotherapeutic-agent list; not central.,High,No
33567529,EP-1631267-A2,Cytarabine,Incidental Mention,No,No,No,No,No,No,No,No,No,,Cytarabine appears only within a ~10-item generic antimetabolite list; not central.,High,No
23234950,US-20060069103-A1,Cytarabine,Incidental Mention,No,No,No,No,No,No,No,No,No,,Cytarabine appears only within a long generic chemotherapy/antimetabolite Markush list; not a specifically claimed or central embodiment.,High,No
22479496,EP-1187918-B1,Cytarabine,Incidental Mention,No,No,No,No,No,No,No,No,No,,Cytarabine appears only within a long generic chemotherapy/antimetabolite Markush list; not a specifically claimed or central embodiment.,High,No
26940539,AU-2006201271-A1,Cytarabine,Incidental Mention,No,No,No,No,No,No,No,No,No,,Cytarabine appears only within a long generic chemotherapy/antimetabolite Markush list; not a specifically claimed or central embodiment.,High,No
29399718,HK-1081438-A1,Cytarabine,Incidental Mention,No,No,No,No,No,No,No,No,No,,Cytarabine appears only within a long generic chemotherapy/antimetabolite Markush list; not a specifically claimed or central embodiment.,High,No
33552068,MX-PA05014078-A,Cytarabine,Incidental Mention,No,No,No,No,No,No,No,No,No,,Cytarabine appears only within a long generic chemotherapy/antimetabolite Markush list; not a specifically claimed or central embodiment.,High,No
36955127,EP-1710256-A1,Cytarabine,Incidental Mention,No,No,No,No,No,No,No,No,No,,Cytarabine appears only within a long generic chemotherapy Markush list; not a specifically claimed or central embodiment.,High,No
37076051,US-20060251582-A1,Cytarabine,Incidental Mention,No,No,No,No,No,No,No,No,No,,Cytarabine appears only within a long generic chemotherapy Markush list; not a specifically claimed or central embodiment.,High,No
5216829,US-7138147-B2,Cytarabine,Incidental Mention,No,No,No,No,No,No,No,No,No,,Cytarabine appears only within a long generic chemotherapy Markush list; not a specifically claimed or central embodiment.,High,No
37533412,AU-2006236007-A1,Cytarabine,Incidental Mention,No,No,No,No,No,No,No,No,No,,Cytarabine appears only within a long generic chemotherapy Markush list; not a specifically claimed or central embodiment.,High,No
34397907,AU-2007201060-A1,Cytarabine,Incidental Mention,No,No,No,No,No,No,No,No,No,,Cytarabine appears only within a long generic chemotherapy Markush list; not a specifically claimed or central embodiment.,High,No
27387805,CN-1939541-A,Cytarabine,Incidental Mention,No,No,No,No,No,No,No,No,No,,Cytarabine HCl appears only within a very long generic chemotherapeutic-agent Markush list (Chinese-language patent); not central.,High,No
23110723,HK-1038512-B,Cytarabine,Incidental Mention,No,No,No,No,No,No,No,No,No,,Cytarabine appears only within a long generic chemotherapy Markush list; not central.,High,No
39876305,US-20070248537-A1,Cytarabine,Incidental Mention,No,No,No,No,No,No,No,No,No,,Cytarabine appears only within a very long generic antimetabolite Markush list; not central.,High,No
26776832,IL-139934-A,Cytarabine,Incidental Mention,No,No,No,No,No,No,No,No,No,,Cytarabine appears only within a long generic pyrimidine-analog/alkylating-agent Markush list; not central.,High,No
25451864,CA-2303432-C,Cytarabine,Directly Relevant,No,Yes,Yes,No,No,Yes,No,No,No,,"Multiple dependent claims (7, 30, 53, etc.) specifically narrow the claimed liposome-loading process's biologically active agent to cytarabine; this is a liposomal cytarabine formulation/manufacturing process patent with cytarabine as the specifically claimed active agent.",High,No
36582061,MX-2007010561-A,Cytarabine,Incidental Mention,No,No,No,No,No,No,No,No,No,,Cytarabine appears only within a generic nucleoside-analog/chemotherapy Markush list; not a specifically claimed or central embodiment.,High,No
38698376,AU-2007299080-A1,Cytarabine,Incidental Mention,No,No,No,No,No,No,No,No,No,,Cytarabine appears only within a generic nucleoside-analog/chemotherapy Markush list; not a specifically claimed or central embodiment.,High,No
35539415,HK-1107360-A1,Cytarabine,Incidental Mention,No,No,No,No,No,No,No,No,No,,Cytarabine appears only within a generic nucleoside-analog/chemotherapy Markush list; not a specifically claimed or central embodiment.,High,No
38925530,TW-200823232-A,Cytarabine,Incidental Mention,No,No,No,No,No,No,No,No,No,,Cytarabine appears only within a very long generic chemotherapy Markush list; not a specifically claimed or central embodiment.,High,No
24637247,EP-0912738-B1,Cytarabine,Incidental Mention,No,No,No,No,No,No,No,No,No,,Cytarabine appears only within a very long generic chemotherapy Markush list; not a specifically claimed or central embodiment.,High,No
38742401,MY-135982-A,Cytarabine,Incidental Mention,No,No,No,No,No,No,No,No,No,,Cytarabine appears only within a long generic drug/regimen Markush list; not a specifically claimed or central embodiment.,High,No
37295269,US-20080199506-A1,Cytarabine,Incidental Mention,No,No,No,No,No,No,No,No,No,,Cytarabine appears only within a long generic drug/regimen Markush list; not a specifically claimed or central embodiment.,High,No
22822714,IL-154044-A,Cytarabine,Incidental Mention,No,No,No,No,No,No,No,No,No,,Cytarabine appears only within a long generic drug/regimen Markush list; not a specifically claimed or central embodiment.,High,No
39004779,US-20080274671-A1,Cytarabine,Incidental Mention,No,No,No,No,No,No,No,No,No,,Cytarabine appears only within a long generic drug/regimen Markush list; not a specifically claimed or central embodiment.,High,No
21998395,EP-2009119-A1,Cytarabine,Incidental Mention,No,No,No,No,No,No,No,No,No,,Cytarabine appears only within a long generic drug/regimen Markush list; not a specifically claimed or central embodiment.,High,No
34102961,US-7482430-B2,Cytarabine,Incidental Mention,No,No,No,No,No,No,No,No,No,,Cytarabine appears only within a long generic chemotherapy Markush list; not a specifically claimed or central embodiment.,High,No
38283870,US-20090054837-A1,Cytarabine,Incidental Mention,No,No,No,No,No,No,No,No,No,,Cytarabine appears only within a long generic chemotherapy Markush list; not a specifically claimed or central embodiment.,High,No
39136042,EP-2061782-A1,Cytarabine,Incidental Mention,No,No,No,No,No,No,No,No,No,,Cytarabine appears only within a long generic chemotherapy Markush list; not a specifically claimed or central embodiment.,High,No
40352030,CA-2711606-A1,Cytarabine,Incidental Mention,No,No,No,No,No,No,No,No,No,,Cytarabine appears only within a long generic chemotherapy Markush list; not a specifically claimed or central embodiment.,High,No
37658836,US-20090306101-A1,Cytarabine,Incidental Mention,No,No,No,No,No,No,No,No,No,,Cytarabine appears only within a long generic chemotherapy Markush list; not a specifically claimed or central embodiment.,High,No
36951510,US-7638558-B2,Cytarabine,Incidental Mention,No,No,No,No,No,No,No,No,No,,Cytarabine appears only within a long generic chemotherapy/drug Markush list; not a specifically claimed or central embodiment.,High,No
40394438,FR-2934266-A1,Cytarabine,Incidental Mention,No,No,No,No,No,No,No,No,No,,Cytarabine appears only within a long generic chemotherapy/drug Markush list; not a specifically claimed or central embodiment.,High,No
39674532,US-20100076544-A1,Cytarabine,Incidental Mention,No,No,No,No,No,No,No,No,No,,Cytarabine appears only within a long generic chemotherapy/drug Markush list; not a specifically claimed or central embodiment.,High,No
34632749,EP-2168603-A1,Cytarabine,Incidental Mention,No,No,No,No,No,No,No,No,No,,Cytarabine appears only within a long generic chemotherapy/drug Markush list; not a specifically claimed or central embodiment.,High,No
22256941,EP-1104290-B1,Cytarabine,Incidental Mention,No,No,No,No,No,No,No,No,No,,Cytarabine appears only within a long generic chemotherapy/drug Markush list; not a specifically claimed or central embodiment.,High,No
41800634,WO-2010035262-A2,Cytarabine,Incidental Mention,No,No,No,No,No,No,No,No,No,,Cytarabine appears only within a long generic chemotherapy Markush list; not a specifically claimed or central embodiment.,High,No
42263716,IL-174492-A,Cytarabine,Incidental Mention,No,No,No,No,No,No,No,No,No,,Cytarabine appears only within a long generic chemotherapy Markush list; not a specifically claimed or central embodiment.,High,No
33490730,US-7709477-B2,Cytarabine,Incidental Mention,No,No,No,No,No,No,No,No,No,,Cytarabine appears only within a long generic chemotherapy Markush list; not a specifically claimed or central embodiment.,High,No
39579886,US-20100124544-A1,Cytarabine,Incidental Mention,No,No,No,No,No,No,No,No,No,,Cytarabine appears only within a long generic chemotherapy Markush list; not a specifically claimed or central embodiment.,High,No
39511117,US-20100150863-A1,Cytarabine,Incidental Mention,No,No,No,No,No,No,No,No,No,,Cytarabine appears only within a long generic chemotherapy Markush list; not a specifically claimed or central embodiment.,High,No
38655640,US-7935708-B2,Cytarabine,Incidental Mention,No,No,No,No,No,No,No,No,No,,Cytarabine and cytarabine ocfosfate appear only within a long generic anticancer-antimetabolite Markush list; not central.,High,No
39661432,US-7928202-B2,Cytarabine,Incidental Mention,No,No,No,No,No,No,No,No,No,,Cytarabine appears only within a ~20-item generic DNA-damaging-agent Markush list (peptide/kit invention); not central.,High,No
26246292,US-7994134-B2,Cytarabine,Indirectly Relevant,No,No,No,No,No,No,Yes,No,No,,"Dependent claim 19 defines cytarabine as one of ~12 specific substituent options for the Z1 position of the claimed chemical compound structure; a real, structurally-defined chemical-modification embodiment, not generic background prose.",Medium,Yes
23288179,CA-2463626-C,Cytarabine,Incidental Mention,No,No,No,No,No,No,No,No,No,,Cytarabine appears only within a long generic chemotherapy Markush list; not central.,High,No
34929540,EP-1797096-B1,Cytarabine,Incidental Mention,No,No,No,No,No,No,No,No,No,,Cytarabine appears only within a structured but broad multi-category antimetabolite Markush list; not singled out.,High,No
39808707,EP-2136788-B1,Cytarabine,Incidental Mention,No,No,No,No,No,No,No,No,No,,Cytarabine appears only within a long generic chemotherapeutic-agent Markush list; not central.,High,No
42288375,US-20110217377-A1,Cytarabine,Incidental Mention,No,No,No,No,No,No,No,No,No,,Cytarabine appears only within a long generic therapeutic-agent Markush list for a polymer-matrix drug-coupling claim; not singled out.,High,No
39247683,US-8101773-B2,Cytarabine,Incidental Mention,No,No,No,No,No,No,No,No,No,,Cytarabine appears only within a very long generic drug-name Markush list; not central.,High,No
23082337,US-20110195046-A1,Cytarabine,Indirectly Relevant,Yes,No,No,Yes,No,No,No,No,No,,"Claim 35-36 specifically narrows the cytotoxic agent (for a pulmonary-toxicity treatment method) to a short 5-item list (bleomycin, mitomycin, busulfan, cytarabine, methotrexate, interleukin-2); more specific than generic background.",Medium,Yes
39157918,EP-2139482-B1,Cytarabine,Incidental Mention,No,No,No,No,No,No,No,No,No,,Cytarabine appears only within an 11-item generic therapeutic-agent list as one dependent-claim option (the claim's preferred narrowing is to velcade/melphalan instead); not singled out.,Medium,No
40189235,US-8101740-B2,Cytarabine,Directly Relevant,No,No,No,No,Yes,No,No,No,No,,"Claims 24-26 specifically describe a diagnostic PET-imaging method for predicting response/resistance to anticancer agents taken up via nucleoside transporters and dCK-mediated phosphorylation, narrowed to only 2 named agents: cytarabine and 2'-difluorodeoxycytidine (gemcitabine); cytarabine is one of only two specifically claimed diagnostic-relevant compounds.",High,No
45493806,CA-2806058-A1,Cytarabine,Incidental Mention,No,No,No,No,No,No,No,No,No,,Cytarabine (and cytarabine liposomal) appear only within an extremely long alphabetized generic drug-name Markush list; not central.,High,No
22065597,EP-1030652-B1,Cytarabine,Incidental Mention,No,No,No,No,No,No,No,No,No,,Cytarabine appears only within a 13-item generic physiologically-active-substance list for a controlled-release process; not singled out.,Medium,No
40445540,US-8168644-B2,Cytarabine,Incidental Mention,No,No,No,No,No,No,No,No,No,,Cytarabine appears only within a long generic antineoplastic-agent Markush list; not central.,High,No
38655643,AU-2007244183-B2,Cytarabine,Incidental Mention,No,No,No,No,No,No,No,No,No,,Cytarabine and cytarabine ocfosfate appear only within a long generic anticancer-antimetabolite Markush list; not central.,High,No
43429466,US-20120128625-A1,Cytarabine,Incidental Mention,No,No,No,No,No,No,No,No,No,,Cytarabine appears only within a long generic anti-cancer-agent Markush list; not a specifically claimed or central embodiment.,High,No
3823543,EP-1311267-B1,Cytarabine,Incidental Mention,No,No,No,No,No,No,No,No,No,,Cytarabine appears only within a long generic anti-cancer-agent Markush list; not a specifically claimed or central embodiment.,High,No
45507675,WO-2012089768-A1,Cytarabine,Incidental Mention,No,No,No,No,No,No,No,No,No,,Cytarabine appears only within a long generic anti-cancer-agent Markush list; not a specifically claimed or central embodiment.,High,No
43759052,EP-2478066-A1,Cytarabine,Incidental Mention,No,No,No,No,No,No,No,No,No,,Cytarabine appears only within a long generic anti-cancer-agent Markush list; not a specifically claimed or central embodiment.,High,No
43012515,HK-1165401-A1,Cytarabine,Incidental Mention,No,No,No,No,No,No,No,No,No,,Cytarabine appears only within a long generic anti-cancer-agent Markush list; not a specifically claimed or central embodiment.,High,No
42136598,US-20130022676-A1,Cytarabine,Incidental Mention,No,No,No,No,No,No,No,No,No,,Cytarabine appears only within a long mixed generic drug list; not central.,High,No
39364902,US-20120301431-A1,Cytarabine,Incidental Mention,No,No,No,No,No,No,No,No,No,,Cytarabine appears only within a very long generic antineoplastic-agent Markush list; not central.,High,No
44350566,CA-2832337-A1,Cytarabine,Incidental Mention,No,No,No,No,No,No,No,No,No,,Cytarabine appears only within a long generic antimetabolite Markush list; not central.,High,No
38996791,AU-2007281037-B2,Cytarabine,Indirectly Relevant,Yes,No,No,Yes,No,No,No,No,No,,"A structured multi-category claim narrows the ""DNA antimetabolite"" component to a short 3-item list (Ara-C/cytarabine, hydroxyurea, thioguanine) as one specifically defined component alongside other named drug-class categories; more specific than generic background.",Medium,Yes
46458548,WO-2013007273-A1,Cytarabine,Incidental Mention,No,No,No,No,No,No,No,No,No,,Cytarabine appears only within a very long mixed generic drug list; not central.,High,No
47115103,CA-2850245-A1,Cytarabine,Incidental Mention,No,No,No,No,No,No,No,No,No,,Cytarabine appears only in a ~40-item list of chemotherapeutic agents combinable with the claimed anti-PD-L1 immunotherapy; not the invention focus.,High,No
34107784,AU-2011201337-B2,Cytarabine,Incidental Mention,No,No,No,No,No,No,No,No,No,,Cytarabine appears only in a ~30-item generic anti-cancer agent list combinable with the claimed urea-derivative compound; unrelated core invention.,High,No
37073533,US-20130101680-A1,Cytarabine,Incidental Mention,No,No,No,No,No,No,No,No,No,,Cytarabine appears only in a list of ~20 antitumor agents usable with the claimed radiotherapy-enhancer composition; not central to the claims.,High,No
40847365,SG-188146-A1,Cytarabine,Incidental Mention,No,No,No,No,No,No,No,No,No,,Cytarabine appears only in a very long (~60+) generic chemotherapeutic list as an example payload for the claimed implantable nanoparticle product; unrelated core invention.,High,No
38287183,US-20130116432-A1,Cytarabine,Incidental Mention,No,No,No,No,No,No,No,No,No,,Cytarabine appears only in a ~35-item generic chemotherapeutic list; unrelated core invention.,High,No
38163479,EP-1963372-B1,Cytarabine,Incidental Mention,No,No,No,No,No,No,No,No,No,,Cytarabine appears only in a very long (~40+) generic cytotoxic-agent list as an optional co-administered drug in an anti-MN-antibody cancer therapy patent; unrelated core invention.,High,No
40129803,AU-2008262837-B2,Cytarabine,Incidental Mention,No,No,No,No,No,No,No,No,No,,Cytarabine (and its ocfosfate salt) appear only in an extensive categorized anticancer-agent list for a bicycloaniline derivative compound patent; unrelated core invention.,High,No
36636946,US-8497297-B2,Cytarabine,Incidental Mention,No,No,No,No,No,No,No,No,No,,Cytarabine appears only in a very long (~40+) generic chemotherapeutic list for dimeric IAP inhibitor compounds; unrelated core invention.,High,No
43223381,US-20130172261-A1,Cytarabine,Incidental Mention,No,No,No,No,No,No,No,No,No,,Cytarabine appears only in a long generic chemotherapy list in a patent about anti-SPARC antibodies predicting chemotherapy response; unrelated core invention.,High,No
40291143,EP-2321323-B1,Cytarabine,Incidental Mention,No,No,No,No,No,No,No,No,No,,Cytarabine appears only in a ~20-item optional-active-ingredient list for an artemisinin-dimer anticancer composition; unrelated core invention.,High,No
38845076,US-20130196929-A1,Cytarabine,Incidental Mention,No,No,No,No,No,No,No,No,No,,Cytarabine appears only in a long categorized anticancer-agent list in a SPARC-based chemotherapeutic sensitivity patent; unrelated core invention.,High,No
47595052,US-20130302275-A1,Cytarabine,Incidental Mention,No,No,No,No,No,No,No,No,No,,Cytarabine (and liposomal form) appear only in an extremely long generic chemotherapy-drug list in a PH20 polypeptide variant/formulation patent; unrelated core invention.,High,No
39638671,IL-203091-A,Cytarabine,Incidental Mention,No,No,No,No,No,No,No,No,No,,Cytarabine appears only in a long generic chemotherapy list for pyridazinone derivative compounds; unrelated core invention.,High,No
34468632,US-8524651-B2,Cytarabine,Incidental Mention,No,No,No,No,No,No,No,No,No,,Cytarabine appears only as one of several listed anti-metabolite options in a combination cancer-therapy method claim; not the invention focus.,High,No
40262072,EP-2205244-B1,Cytarabine,Incidental Mention,No,No,No,No,No,No,No,No,No,,Cytarabine appears only in a generic anticancer-agent list as an optional second therapeutic agent; unrelated core invention (a compound/FLT3-inhibitor patent).,High,No
44514663,US-20130310451-A1,Cytarabine,Incidental Mention,No,No,No,No,No,No,No,No,No,,Cytarabine (and liposomal form) appear only in a huge (~100+) generic oncology-drug list in a tricyclic-lactone anticancer compound patent; unrelated core invention.,High,No
46045121,AU-2012250050-A1,Cytarabine,Incidental Mention,No,No,No,No,No,No,No,No,No,,Cytarabine appears only in an extremely long (~300+) generic pharmaceutical-agent list for parenteral lipophilic-drug formulations; unrelated core invention.,High,No
43736585,EP-2665489-A1,Cytarabine,Incidental Mention,No,No,No,No,No,No,No,No,No,,Cytarabine appears only as one of several pyrimidine-analogue options in a generic combination cancer-therapy claim listing many drug classes; not the invention focus.,High,No
41255419,US-8613930-B2,Cytarabine,Incidental Mention,No,No,No,No,No,No,No,No,No,,Cytarabine appears only in a long generic pyrimidine-analogue list for a cross-linker chemistry patent; unrelated core invention.,High,No
42236293,EP-2676953-A1,Cytarabine,Incidental Mention,No,No,No,No,No,No,No,No,No,,Cytarabine appears only in a generic chemotherapy-agent list as an optional combination partner for a hemifumarate salt compound; unrelated core invention.,High,No
42112300,US-8673919-B2,Cytarabine,Incidental Mention,No,No,No,No,No,No,No,No,No,,Cytarabine appears only in a long generic oncology-drug combination list for MEK-inhibitor dihydropyridine sulfonamide/sulfamide compounds; unrelated core invention.,High,No
26010364,US-8679520-B2,Cytarabine,Incidental Mention,No,No,No,No,No,No,No,No,No,,"Cytarabine appears only within a very long (~80+) generic active-agent list for a restenosis-preventing stent coating patent; not singled out as a specific embodiment, unrelated core invention.",High,No
36579187,CA-2624372-C,Cytarabine,Incidental Mention,No,No,No,No,No,No,No,No,No,,"Cytarabine appears only in a huge generic active-principle list for modified-release microparticle formulations; not singled out, unrelated core invention.",High,No
27671080,EP-1478648-B1,Cytarabine,Incidental Mention,No,No,No,No,No,No,No,No,No,,Cytarabine liposomal appears only in an extremely long generic anticancer-agent list for phosphorus-containing compounds; unrelated core invention.,High,No
41061278,EP-2730581-A1,Cytarabine,Incidental Mention,No,No,No,No,No,No,No,No,No,,Cytarabine appears only in a long generic chemotherapy-agent list for boronate ester compounds; unrelated core invention.,High,No
41507667,US-8734846-B2,Cytarabine,Incidental Mention,No,No,No,No,No,No,No,No,No,,Cytarabine (and ocfosfate form) appear only in a massive (~300+) generic anticancer-agent list for diblock polymer targeting-agent conjugates; unrelated core invention.,High,No
50977496,WO-2014094182-A1,Cytarabine,Incidental Mention,No,No,No,No,No,No,No,No,No,,Cytarabine appears only in a long generic chemotherapy-agent list for non-replicating virus-derived particle compositions; unrelated core invention.,High,No
33303040,US-8779171-B2,Cytarabine,Incidental Mention,No,No,No,No,No,No,No,No,No,,Cytarabine (and ocfosfate form) appear only within an extremely long generic anticancer-agent list for hydroxamate compounds; unrelated core invention.,High,No
36588652,EP-1824470-B1,Cytarabine,Incidental Mention,No,No,No,No,No,No,No,No,No,,Cytarabine appears only in a long generic chemotherapy list in a lifespan-extension/age-related-disease method patent; unrelated core invention.,High,No
49956483,US-20140227294-A1,Cytarabine,Incidental Mention,No,No,No,No,No,No,No,No,No,,Cytarabine appears only in a long generic pyrimidine-antagonist list for prolactin receptor binding protein compositions; unrelated core invention.,High,No
35542135,CA-2572707-C,Cytarabine,Incidental Mention,No,No,No,No,No,No,No,No,No,,Cytarabine appears only in a long generic chemotherapeutic-compound list combinable with annexin-derivative complexes; unrelated core invention.,High,No
49033705,EP-2643030-B1,Cytarabine,Incidental Mention,No,No,No,No,No,No,No,No,No,,"Cytarabine appears only in an extremely long generic drug list for a balloon-catheter surface coating; not singled out among 50+ options, unrelated core invention.",High,No
45004403,US-20150010541-A1,Cytarabine,Incidental Mention,No,No,No,No,No,No,No,No,No,,Cytarabine appears only in a generic anti-cancer agent list combinable with histone-deacetylase-inhibitor macrocyclic compounds; unrelated core invention.,High,No
43071846,US-8952178-B2,Cytarabine,Incidental Mention,No,No,No,No,No,No,No,No,No,,Cytarabine appears only in a very long generic anticancer-agent list for thiophene derivative compounds; unrelated core invention.,High,No
46889006,US-20150231362-A1,Cytarabine,Incidental Mention,No,No,No,No,No,No,No,No,No,,"Cytarabine appears only in an extremely long generic drug list for a balloon-surface coating for valvuloplasty; not singled out, unrelated core invention.",High,No
43732510,US-8980263-B2,Cytarabine,Indirectly Relevant,Yes,No,No,Yes,No,No,No,No,No,,"Claim 1 names cytarabine as one of 9 specifically-named agents in the fixed mLSG15 combination chemotherapy regimen, claimed in combination with an anti-CCR4 antibody for treating a CCR4-expressing cancer; more specific than a generic Markush list (a named, fixed historical regimen) but cytarabine is not singled out as central — borderline.",Medium,Yes
40792133,EP-2857018-A1,Cytarabine,Incidental Mention,No,No,No,No,No,No,No,No,No,,"Cytarabine appears only in a long generic cytotoxic-agent list as one of many possible ""Effector"" moiety options for a prodrug conjugate compound class; unrelated core invention.",High,No
39168056,EP-2425840-B1,Cytarabine,Incidental Mention,No,No,No,No,No,No,No,No,No,,Cytarabine appears only in an extremely long generic chemotherapeutic-agent list for triazine derivative compounds; unrelated core invention.,High,No
47040974,NZ-616780-A,Cytarabine,Incidental Mention,No,No,No,No,No,No,No,No,No,,Cytarabine appears only in a long generic chemotherapy-agent list for a solid-tumour treatment method; unrelated core invention.,High,No
37757281,EP-1922094-B1,Cytarabine,Incidental Mention,No,No,No,No,No,No,No,No,No,,"Cytarabine appears only in a long generic bioactive-agent list for lymphatic-targeting delivery devices; not singled out among ~30 options, unrelated core invention.",High,No
36129810,CA-2588921-C,Cytarabine,Incidental Mention,No,No,No,No,No,No,No,No,No,,Cytarabine appears only in a generic apoptotic-signal-inducing compound list for IAP pyrrolidine inhibitors; unrelated core invention.,High,No
48045015,HK-1205136-A1,Cytarabine,Incidental Mention,No,No,No,No,No,No,No,No,No,,"Cytarabine (Ara-C) appears only in a short co-administered chemotherapeutic-compound list (~9 items) for a CDIM binding protein diagnostic/therapeutic composition; not singled out, unrelated core invention.",High,No
42629445,US-9221882-B2,Cytarabine,Incidental Mention,No,No,No,No,No,No,No,No,No,,Cytarabine appears only in a long (~25+) generic drug list of possible payloads conjugatable to the claimed proline/alanine random-coil polypeptide; not singled out among many options.,High,No
41793139,TW-I508963-B,Cytarabine,Incidental Mention,No,No,No,No,No,No,No,No,No,,Cytarabine appears only in a long generic chemotherapeutic co-agent list for naphthyridine kinase-inhibitor compounds; unrelated core invention.,High,No
38686743,EP-2966065-A2,Cytarabine,Incidental Mention,No,No,No,No,No,No,No,No,No,,Cytarabine appears only in a generic pyrimidine-analogue list for AKT-protein-inhibitor cyclopenta-pyrimidine compounds; unrelated core invention.,High,No
44359555,US-9199999-B2,Cytarabine,Incidental Mention,No,No,No,No,No,No,No,No,No,,Cytarabine appears only in a generic chemotherapy list for substituted imidazopyrazine compounds; unrelated core invention.,High,No
45003311,US-9249172-B2,Cytarabine,Incidental Mention,No,No,No,No,No,No,No,No,No,,Cytarabine appears only in a very long generic anticancer-agent list for pyrazole derivative compounds; unrelated core invention.,High,No
37670733,EP-2066679-B1,Cytarabine,Incidental Mention,No,No,No,No,No,No,No,No,No,,Cytarabine appears only in a long generic chemotherapeutic list for disorazole-cell-binding-molecule conjugates; unrelated core invention.,High,No
25157347,CA-2851502-C,Cytarabine,Indirectly Relevant,No,Yes,Yes,No,No,No,No,No,No,,"Dependent claim lists cytarabine as one of 8 named anti-neoplastic drug options usable in a multivesicular-liposome (MVL) neutral-lipid-release-modification formulation — a real drug-delivery platform class (the DepoFoam technology used by liposomal cytarabine/DepoCyt products), shorter and more specific than the typical 20-300 item Markush lists seen elsewhere in this set, but cytarabine is not singled out as the primary embodiment.",Medium,Yes
50630805,US-20160082159-A1,Cytarabine,Incidental Mention,No,No,No,No,No,No,No,No,No,,"Cytarabine appears only in an extremely long generic drug list for a balloon surface coating; not singled out, unrelated core invention.",High,No
43124690,US-9365634-B2,Cytarabine,Incidental Mention,No,No,No,No,No,No,No,No,No,,Cytarabine appears only in a very long generic oncology-drug list for aprotinin-like delivery polypeptides; unrelated core invention.,High,No
42035671,EP-3037529-A1,Cytarabine,Incidental Mention,No,No,No,No,No,No,No,No,No,,Cytarabine (and liposomal form) appear only in an extremely long generic anticancer-agent list for extended soluble PH20 polypeptides; unrelated core invention.,High,No
36745574,US-9381228-B2,Cytarabine,Incidental Mention,No,No,No,No,No,No,No,No,No,,Cytarabine appears only in a long generic chemotherapeutic/chemopreventative agent list for FKBP-L compositions; unrelated core invention.,High,No
48697493,AU-2016204054-A1,Cytarabine,Incidental Mention,No,No,No,No,No,No,No,No,No,,Cytarabine appears only in a long generic antitumor-agent list for an effect-potentiator-for-antitumor-agents patent; unrelated core invention.,High,No
40340343,US-20160220505-A1,Cytarabine,Incidental Mention,No,No,No,No,No,No,No,No,No,,Cytarabine appears only in a very long generic active-compound list for lipophilic-active-compound compositions; unrelated core invention.,High,No
53003370,EP-3064212-A1,Cytarabine,Incidental Mention,No,No,No,No,No,No,No,No,No,,Cytarabine appears only in a long generic chemotherapeutic list for a Paliurus ramosissimus plant-extract cancer composition; unrelated core invention.,High,No
48696151,US-20160143916-A1,Cytarabine,Indirectly Relevant,Yes,No,No,Yes,No,No,No,No,No,,"Claim narrows the additional therapeutic agent to just 3 specifically named options (cytarabine, bortezomib, 5-azacitidine) for combination with the claimed bromodomain inhibitor — a genuinely short, specific combination-therapy list, not a generic Markush background mention.",Medium,Yes
45876915,EP-3025715-A1,Cytarabine,Incidental Mention,No,No,No,No,No,No,No,No,No,,Cytarabine appears only in a long generic chemotherapy list for a quinazolinone cancer-treatment compound; unrelated core invention.,High,No
40452461,EP-3067054-A1,Cytarabine,Incidental Mention,No,No,No,No,No,No,No,No,No,,"Cytarabine appears only as one of ~20 antimetabolite options in a broader combination-therapy compound-class claim; unrelated core invention, not singled out.",High,No
49081601,US-9458172-B2,Cytarabine,Incidental Mention,No,No,No,No,No,No,No,No,No,,Cytarabine appears only in a very long generic chemotherapeutic list for pyridinyl/pyrimidinyl sulfoxide/sulfone derivative compounds; unrelated core invention.,High,No
45976556,AU-2014274564-B2,Cytarabine,Incidental Mention,No,No,No,No,No,No,No,No,No,,Cytarabine appears only in a categorized generic anticancer-agent list for fused imidazole IDO-inhibitor compounds; unrelated core invention.,High,No
53175694,US-20160297731-A1,Cytarabine,Incidental Mention,No,No,No,No,No,No,No,No,No,,Cytarabine appears only in a categorized generic antimetabolite list for vitamin D analogue compounds; unrelated core invention.,High,No
36999856,EP-1913157-B2,Cytarabine,Incidental Mention,No,No,No,No,No,No,No,No,No,,Cytarabine appears only as one of many chemotherapeutic-agent options combinable with EGFR inhibitors in an EGFR/KRAS-mutation-prediction patent; unrelated core invention.,High,No
50775615,AU-2012395148-B2,Cytarabine,Incidental Mention,No,No,No,No,No,No,No,No,No,,"Cytarabine appears only in an extremely long categorized generic drug list for hydrophilic linker/ADC conjugation technology; not singled out among the huge payload list, unrelated core invention.",High,No
53523554,US-20160324983-A1,Cytarabine,Incidental Mention,No,No,No,No,No,No,No,No,No,,Cytarabine (and liposomal form) appear only in a very long generic active-agent list for immunotherapy compositions; unrelated core invention.,High,No
50179606,US-9512130-B2,Cytarabine,Incidental Mention,No,No,No,No,No,No,No,No,No,,Cytarabine appears only in a generic chemotherapy list for substituted imidazopyridazine compounds; unrelated core invention.,High,No
47913379,US-9512126-B2,Cytarabine,Incidental Mention,No,No,No,No,No,No,No,No,No,,Cytarabine appears only in a generic chemotherapy list for substituted imidazopyridazine compounds (sister patent); unrelated core invention.,High,No
54700553,AU-2015270924-A1,Cytarabine,Incidental Mention,No,No,No,No,No,No,No,No,No,,"Cytarabine appears only as one of ~20 possible drug options in a peptide-drug conjugate Markush claim; not singled out, unrelated core invention.",High,No
50544624,US-9526791-B2,Cytarabine,Incidental Mention,No,No,No,No,No,No,No,No,No,,Cytarabine appears only in a long generic chemotherapy list for pH-responsive peptide/liposome compositions; unrelated core invention.,High,No
44307593,US-20160375021-A1,Cytarabine,Incidental Mention,No,No,No,No,No,No,No,No,No,,Cytarabine appears only as one of 11 chemotherapeutic-agent options combinable with a protein-deacetylase-inhibitor compound; unrelated core invention.,High,No
43425912,HK-1217338-A1,Cytarabine,Incidental Mention,No,No,No,No,No,No,No,No,No,,Cytarabine appears only in a 9-item generic chemotherapeutic-agent list for an anti-CD19 antibody composition; unrelated core invention.,High,No
40229356,EP-3124046-A1,Cytarabine,Incidental Mention,No,No,No,No,No,No,No,No,No,,"Cytarabine appears among 14 antimetabolite options combinable with a GITR-binding antibody; the dependent claim specifically narrows the preferred antimetabolite to gemcitabine, not cytarabine; unrelated core invention.",High,No
42103392,US-20170035741-A1,Cytarabine,Indirectly Relevant,Yes,No,No,Yes,No,No,No,No,No,,"Claim narrows the second combination agent to a short list of 4 (cytarabine, carboplatin, cisplatin, gemcitabine) plus anti-emetic — a genuinely specific combination-therapy option set, not generic background.",Medium,Yes
40251685,EP-2447272-B1,Cytarabine,Directly Relevant,Yes,No,No,Yes,No,No,No,No,No,,"The invention is a cytidine-deaminase (CDA) inhibitor compound co-formulated/co-administered specifically to protect CDA-substrate antileukemia drugs from degradation; cytarabine (ara-C) is explicitly named as one of 6 CDA-substrate drugs and its CDA-mediated inactivation mechanism is discussed at length in the description as the invention's core rationale — substantively central, not incidental.",High,Yes
41507660,EP-2309990-B2,Cytarabine,Incidental Mention,No,No,No,No,No,No,No,No,No,,"Cytarabine appears only as one of ~25 chemotherapeutic-agent options for drug-loaded polymeric nanoparticles; not singled out, unrelated core invention.",High,No
40110987,EP-2532676-B1,Cytarabine,Incidental Mention,No,No,No,No,No,No,No,No,No,,Cytarabine appears only in a very long generic cytotoxic-agent list for a protease-regulated antibody; unrelated core invention.,High,No
43984137,US-9636344-B2,Cytarabine,Incidental Mention,No,No,No,No,No,No,No,No,No,,Cytarabine appears only in an extremely long generic chemotherapeutic-agent list for dihydroimidazoquinazoline salt compounds; unrelated core invention.,High,No
35395162,US-9650416-B2,Cytarabine,Incidental Mention,No,No,No,No,No,No,No,No,No,,Cytarabine appears only in a very long generic chemotherapy list for alpha-v-beta-6 peptide ligand compounds; unrelated core invention.,High,No
33479305,HU-E030772-T2,Cytarabine,Incidental Mention,No,No,No,No,No,No,No,No,No,,Cytarabine appears only in a generic chemotherapeutic list for immunosuppressant compounds/compositions; unrelated core invention.,High,No
47427291,US-9663510-B2,Cytarabine,Incidental Mention,No,No,No,No,No,No,No,No,No,,Cytarabine appears only in a long generic chemotherapy list for substituted triazolopyridine TTK-inhibitor compounds; unrelated core invention.,High,No
48570009,US-9670202-B2,Cytarabine,Incidental Mention,No,No,No,No,No,No,No,No,No,,Cytarabine appears only in a long generic chemotherapy list for substituted triazolopyridine compounds (sister patent); unrelated core invention.,High,No
44999754,EP-2638043-B1,Cytarabine,Incidental Mention,No,No,No,No,No,No,No,No,No,,Cytarabine appears only in a long generic chemotherapy list for arylaminoalcohol-substituted dihydroimidazoquinoline compounds; unrelated core invention.,High,No
54288110,US-20170174702-A1,Cytarabine,Incidental Mention,No,No,No,No,No,No,No,No,No,,Cytarabine appears only in a very long generic chemotherapy list for bromodomain-inhibiting compounds; unrelated core invention.,High,No
53267358,US-20170184566-A1,Cytarabine,Incidental Mention,No,No,No,No,No,No,No,No,No,,"Cytarabine appears only in a very long generic chemotherapy list for a patient-response-prediction biomarker method; not specifically about predicting cytarabine response, unrelated core invention.",High,No
54264181,US-9694071-B2,Cytarabine,Indirectly Relevant,Yes,No,No,Yes,No,No,No,No,No,,"Cytarabine is named as a component of the specific historical ""hyperCVAD"" combination chemotherapy regimen, one of several named fixed regimens (CHOP, R-CHOP, hyperCVAD, FCM, etc.) claimed as combinable with an anti-CD20 antibody + PI3K inhibitor; more specific than a generic Markush list.",Medium,Yes
50148520,AU-2013306087-B2,Cytarabine,Incidental Mention,No,No,No,No,No,No,No,No,No,,Cytarabine (AraC) appears only in a long generic pyrimidine-analogue list for bivalent IAP-protein inhibitor compounds; unrelated core invention.,High,No
42231495,EP-2438442-B1,Cytarabine,Incidental Mention,No,No,No,No,No,No,No,No,No,,"Cytarabine appears only as one of 10 combination-therapy options with a Her-2-targeting (trastuzumab) agent in a P95/Her-2 assay-method patent; not singled out, unrelated core invention.",Medium,No
51165292,AU-2014207716-B2,Cytarabine,Incidental Mention,No,No,No,No,No,No,No,No,No,,Cytarabine (AraC) appears only in a long generic pyrimidine-analogue list for Bcl-2/Bcl-xL inhibitor compounds; unrelated core invention.,High,No
44999755,EP-2638044-B1,Cytarabine,Incidental Mention,No,No,No,No,No,No,No,No,No,,Cytarabine appears only in a long generic chemotherapy list for alkoxy-substituted dihydroimidazoquinazoline compounds; unrelated core invention.,High,No
40097772,US-20170266307-A1,Cytarabine,Incidental Mention,No,No,No,No,No,No,No,No,No,,Cytarabine appears only as one of ~20 second-therapeutic-agent options in a vascular-disrupting cancer-compound formulation patent; unrelated core invention.,High,No
42027719,EP-3243835-A1,Cytarabine,Incidental Mention,No,No,No,No,No,No,No,No,No,,Cytarabine (and liposomal/brand-name forms) appear only in an extremely long generic oncology-drug list for albumin variant/conjugate compositions; unrelated core invention.,High,No
49081603,AU-2017254876-A1,Cytarabine,Incidental Mention,No,No,No,No,No,No,No,No,No,,Cytarabine appears only in a very long generic chemotherapeutic list for amido spirocyclic amide/sulfonamide derivative compounds; unrelated core invention.,High,No
42246002,US-20170361021-A1,Cytarabine,Incidental Mention,No,No,No,No,No,No,No,No,No,,Cytarabine appears only in a generic hazardous/cytotoxic agent list for an injection safety system; unrelated core invention.,High,No
44564137,AU-2016200991-B2,Cytarabine,Incidental Mention,No,No,No,No,No,No,No,No,No,,Cytarabine appears only in a very long generic chemotherapy list for CoQ10 intravenous formulations; unrelated core invention.,High,No
45607741,EP-2673004-B1,Cytarabine,Incidental Mention,No,No,No,No,No,No,No,No,No,,Cytarabine appears only in a long generic chemotherapy list for hydrophobic-modified liver-targeting peptides; unrelated core invention.,High,No
49948284,US-9878052-B2,Cytarabine,Incidental Mention,No,No,No,No,No,No,No,No,No,,Cytarabine appears only in a long generic chemotherapeutic-agent list for targeted immunotherapy compounds; unrelated core invention.,High,No
48979774,US-9890147-B2,Cytarabine,Incidental Mention,No,No,No,No,No,No,No,No,No,,"Cytarabine appears only in an extremely long generic chemotherapy list for 2,3-benzodiazepine compounds; unrelated core invention.",High,No
49551570,EP-3063158-B1,Cytarabine,Incidental Mention,No,No,No,No,No,No,No,No,No,,Cytarabine appears only in a long generic active-ingredient list for metallocene anticancer compounds; unrelated core invention.,High,No
44357712,EP-2718436-B1,Cytarabine,Incidental Mention,No,No,No,No,No,No,No,No,No,,Cytarabine appears only in a very long generic chemotherapy-agent list with brand names for PTEN-mutated cancer treatment materials; unrelated core invention.,High,No
47176369,US-9931408-B2,Cytarabine,Incidental Mention,No,No,No,No,No,No,No,No,No,,"Cytarabine appears only in a long generic cytotoxic-agent list for a bio-orthogonal drug activation (bond-cleavable prodrug) platform; not singled out among many payload options, unrelated core invention.",High,No
32110191,EP-3301114-A1,Cytarabine,Incidental Mention,No,No,No,No,No,No,No,No,No,,Cytarabine appears only in a generic antimetabolite list for CA125/O72-binding antibody fusion polypeptides; unrelated core invention.,High,No
58796287,AU-2016365366-A1,Cytarabine,Incidental Mention,No,No,No,No,No,No,No,No,No,,Cytarabine appears only in a very long generic chemotherapy list for protein kinase inhibitor compounds; unrelated core invention.,High,No
49160283,EP-3330283-A2,Cytarabine,Incidental Mention,No,No,No,No,No,No,No,No,No,,Cytarabine (and liposomal/brand forms) appear only in an extremely long generic oncology-drug list for albumin variant compositions; unrelated core invention.,High,No
40625343,EP-2217209-B1,Cytarabine,Indirectly Relevant,No,Yes,Yes,No,No,No,No,No,No,,"Dependent claim 6 narrows the anticancer agent to a short 5-item pyrimidine-metabolism antimetabolite list (capecitabine, cytarabine, fluorouracil, floxuridine, gemcitabine) as the specific active agent for the claimed thermosensitive liposome delivery formulation — a genuine drug-delivery technology with cytarabine as one of a small number of specifically claimed embodiments.",Medium,Yes
41278643,EP-2456467-B1,Cytarabine,Incidental Mention,No,No,No,No,No,No,No,No,No,,Cytarabine appears only in a long generic chemotherapy list for epsilon-polylysine conjugate compositions; unrelated core invention.,High,No
52144263,US-10010556-B2,Cytarabine,Incidental Mention,No,No,No,No,No,No,No,No,No,,Cytarabine appears only in an extremely long generic oncology-drug list with brand names for bicyclic bromodomain inhibitor compounds; unrelated core invention.,High,No
57320660,BR-112017024555-A2,Cytarabine,Incidental Mention,No,No,No,No,No,No,No,No,No,,Cytarabine appears only in a very long generic chemotherapy list for CCR2 modulator compounds; unrelated core invention.,High,No
41340707,EP-2291199-B1,Cytarabine,Incidental Mention,No,No,No,No,No,No,No,No,No,,"Cytarabine appears only as one of several antimetabolite options in a broader categorized drug-class list for pH-sensitive nucleolin-binding liposomes; not singled out among ~10 antimetabolites within a much larger drug-class taxonomy, unrelated core invention.",High,No
48325358,EP-2994153-B1,Cytarabine,Incidental Mention,No,No,No,No,No,No,No,No,No,,Cytarabine appears only in a long generic chemotherapy list for renal drug-targeting peptide conjugates; unrelated core invention.,High,No
54392771,US-10052307-B2,Cytarabine,Incidental Mention,No,No,No,No,No,No,No,No,No,,Cytarabine appears only in an extremely long generic oncology-drug list for micellar nanocomplex compositions; unrelated core invention.,High,No
40226729,EP-3009148-B1,Cytarabine,Incidental Mention,No,No,No,No,No,No,No,No,No,,Cytarabine appears only as one of ~20 chemotherapeutic-agent options combinable with a cancer diagnostic/treatment composition; unrelated core invention.,High,No
42372314,AU-2016213880-B2,Cytarabine,Directly Relevant,Yes,No,No,Yes,No,No,No,No,No,,"Title is ""Combination of cytidine-based antineoplastic drugs with cytidine deaminase inhibitors""; cytarabine is explicitly one of the tested cytidine-based drugs, with figures showing its UV spectrum and its levels in the presence of CDA and the claimed CDA-inhibitor compound (ER-876437) — substantively central to the invention, same pattern as EP-2447272-B1 found earlier in this set.",High,Yes
43586756,CA-2770683-C,Cytarabine,Incidental Mention,No,No,No,No,No,No,No,No,No,,Cytarabine appears only in a long (~30-item) generic anticancer-agent list for vitamin D3 analogues treating alopecia; unrelated core invention.,High,No
43467008,US-20180298109-A1,Cytarabine,Incidental Mention,No,No,No,No,No,No,No,No,No,,Cytarabine appears only in a long generic chemotherapeutic-agent list for drug-target polypeptides/polynucleotides; unrelated core invention.,High,No
56108381,TN-2017000246-A1,Cytarabine,Incidental Mention,No,No,No,No,No,No,No,No,No,,"Cytarabine appears only in a long generic cytotoxic-agent list as an antibody-drug conjugate payload option for anti-C10orf54 antibodies; not singled out, unrelated core invention.",High,No
45560106,EP-2608796-B1,Cytarabine,Incidental Mention,No,No,No,No,No,No,No,No,No,,Cytarabine appears only in a categorized generic cytosine-analogue list for fucose-analog protein fucosylation inhibition methods; unrelated core invention.,High,No
54704137,US-20180346487-A1,Cytarabine,Incidental Mention,No,No,No,No,No,No,No,No,No,,Cytarabine appears only in a long generic chemotherapy list for fused imidazole TGF-Beta inhibitor compounds; unrelated core invention.,High,No
44483553,PH-12015501738-B1,Cytarabine,Incidental Mention,No,No,No,No,No,No,No,No,No,,Cytarabine appears only in a very long generic chemotherapy list for androgen receptor modulator compounds; unrelated core invention.,High,No
44355816,US-10183975-B2,Cytarabine,Incidental Mention,No,No,No,No,No,No,No,No,No,,Cytarabine appears only in a very long generic chemotherapy list for chlorotoxin polypeptide conjugates; unrelated core invention.,High,No
54705645,US-10202368-B2,Cytarabine,Incidental Mention,No,No,No,No,No,No,No,No,No,,Cytarabine appears only as one of 7 categorized antimetabolite options in a broader combination-therapy compound-class list for CXCR7 receptor modulators; unrelated core invention.,High,No
58609378,EP-3443003-A1,Cytarabine,Incidental Mention,No,No,No,No,No,No,No,No,No,,"Cytarabine appears only as one of ~10 anticancer compound options combinable with a non-glycosylated anti-tenascin antibody; not singled out, unrelated core invention.",High,No
50728148,EP-3447069-A1,Cytarabine,Incidental Mention,No,No,No,No,No,No,No,No,No,,Cytarabine appears only in a categorized generic pyrimidine-analogue list for bispecific EGFR/c-Met antibodies; unrelated core invention.,High,No
47470248,EP-3446707-A1,Cytarabine,Incidental Mention,No,No,No,No,No,No,No,No,No,,Cytarabine appears only in a long generic cytotoxic-agent list for surrogate binding protein conjugates; unrelated core invention.,High,No
52280673,US-10226451-B2,Cytarabine,Incidental Mention,No,No,No,No,No,No,No,No,No,,Cytarabine appears only in an extremely long generic oncology-drug list with brand names for substituted bicyclic bromodomain inhibitor compounds; unrelated core invention.,High,No
40911929,EP-3216793-B1,Cytarabine,Incidental Mention,No,No,No,No,No,No,No,No,No,,Cytarabine appears only in a long generic chemotherapy list for triazine PI3K/mTOR inhibitor compounds; unrelated core invention.,High,No
54008199,US-20190127401-A1,Cytarabine,Incidental Mention,No,No,No,No,No,No,No,No,No,,Cytarabine appears only in a long categorized generic drug list for charged-linker conjugation technology; unrelated core invention.,High,No
51538557,US-20190135767-A1,Cytarabine,Incidental Mention,No,No,No,No,No,No,No,No,No,,Cytarabine appears only in a very long generic chemotherapy list for heterocyclic disease-treatment compounds; unrelated core invention.,High,No
51987475,EP-3066129-B1,Cytarabine,Incidental Mention,No,No,No,No,No,No,No,No,No,,"Cytarabine appears only as one of ~13 treatment-regimen options for C1013G/CXCR4-associated Waldenstrom's macroglobulinemia antibody therapy; not singled out, unrelated core invention.",Medium,No
62028025,US-20190218291-A1,Cytarabine,Indirectly Relevant,Yes,No,No,Yes,No,No,No,No,No,,"Claim 26 narrows the secondary agent to just ""Fludarabine or Cytarabine"" (2 options) for combination with an anti-AXL antibody-drug conjugate — an extremely specific, narrow combination-therapy claim, not generic background.",High,Yes
56098419,US-10369168-B2,Cytarabine,Incidental Mention,No,No,No,No,No,No,No,No,No,,Cytarabine appears only in a very long generic chemotherapy list with brand-name drugs for TLR9-agonist polynucleotide treatment methods; unrelated core invention.,High,No
55650627,US-20190241669-A1,Cytarabine,Indirectly Relevant,Yes,No,No,Yes,No,No,No,No,No,,"Claim 68 narrows the nucleoside analog to just 3 options (fludarabine, cytarabine, clofarabine) for administration alongside BCMA-targeting CAR-T cell therapy — a specific, narrow combination claim, not generic background.",High,Yes
44355529,CA-2788720-C,Cytarabine,Incidental Mention,No,No,No,No,No,No,No,No,No,,Cytarabine appears only in an extremely long generic pyrimidine-analogue list for cancer treatment/prevention medicament; unrelated core invention.,High,No
50628028,IL-267242-A,Cytarabine,Incidental Mention,No,No,No,No,No,No,No,No,No,,Cytarabine appears only in a long generic chemotherapeutic-agent list for a general cancer treatment patent; unrelated core invention.,High,No
52875332,EP-3129367-B1,Cytarabine,Incidental Mention,No,No,No,No,No,No,No,No,No,,Cytarabine appears only in a long generic chemotherapy list for pyridine TGF-Beta inhibitor compounds; unrelated core invention.,High,No
38218600,EP-2495016-B1,Cytarabine,Incidental Mention,No,No,No,No,No,No,No,No,No,,Cytarabine (and liposomal form) appear only in extremely long generic categorized drug lists for bicyclic heteroaryl compounds; unrelated core invention.,High,No
61972255,US-10500213-B2,Cytarabine,Directly Relevant,Yes,No,No,Yes,No,No,No,No,No,,"Dependent claim 10 specifically recites ""the additional pharmaceutically active compound is cytarabine"" (a single named compound, not a list) as a combination partner for the claimed Mcl-1 protein inhibitor in cancer treatment — substantively central to this specific claimed embodiment.",High,Yes
41124251,EP-3578195-A1,Cytarabine,Incidental Mention,No,No,No,No,No,No,No,No,No,,Cytarabine appears only within a long generic chemotherapy/antimetabolite Markush list; not a specifically claimed or central embodiment.,High,No
58186741,US-20200009144-A1,Cytarabine,Incidental Mention,No,No,No,No,No,No,No,No,No,,Cytarabine appears only within a long generic chemotherapy/antimetabolite Markush list; not a specifically claimed or central embodiment.,High,No
43900696,MY-173390-A,Cytarabine,Incidental Mention,No,No,No,No,No,No,No,No,No,,Cytarabine appears only within a long generic chemotherapy/antimetabolite Markush list; not a specifically claimed or central embodiment.,High,No
59226993,US-10562909-B2,Cytarabine,Incidental Mention,No,No,No,No,No,No,No,No,No,,Cytarabine appears only within a long generic chemotherapy/antimetabolite Markush list; not a specifically claimed or central embodiment.,High,No
62791028,US-20200071288-A1,Cytarabine,Incidental Mention,No,No,No,No,No,No,No,No,No,,Cytarabine appears only within a long generic chemotherapy/antimetabolite Markush list; not a specifically claimed or central embodiment.,High,No
55629432,EP-3202765-B1,Cytarabine,Incidental Mention,No,No,No,No,No,No,No,No,No,,Cytarabine appears only within a generic chemotherapy/antimetabolite Markush list; not a specifically claimed or central embodiment.,High,No
54196911,EP-3347048-B1,Cytarabine,Incidental Mention,No,No,No,No,No,No,No,No,No,,Cytarabine appears only within a generic chemotherapy/antimetabolite Markush list; not a specifically claimed or central embodiment.,High,No
39283481,US-10610533-B2,Cytarabine,Incidental Mention,No,No,No,No,No,No,No,No,No,,Cytarabine appears only within a generic chemotherapy/antimetabolite Markush list; not a specifically claimed or central embodiment.,High,No
55022711,EP-3229830-B1,Cytarabine,Incidental Mention,No,No,No,No,No,No,No,No,No,,Cytarabine appears only within a generic chemotherapy/antimetabolite Markush list; not a specifically claimed or central embodiment.,High,No
48998708,KR-102107372-B1,Cytarabine,Incidental Mention,No,No,No,No,No,No,No,No,No,,Cytarabine appears only within a generic chemotherapy/antimetabolite Markush list; not a specifically claimed or central embodiment.,High,No
50976916,US-10653694-B2,Cytarabine,Incidental Mention,No,No,No,No,No,No,No,No,No,,Cytarabine appears only within a long generic chemotherapy Markush list; not a specifically claimed or central embodiment.,High,No
53836805,AU-2015277212-B2,Cytarabine,Incidental Mention,No,No,No,No,No,No,No,No,No,,Cytarabine appears only within a long generic chemotherapy Markush list; not a specifically claimed or central embodiment.,High,No
48614105,US-20200222392-A1,Cytarabine,Incidental Mention,No,No,No,No,No,No,No,No,No,,Cytarabine appears only within a long generic chemotherapy Markush list; not a specifically claimed or central embodiment.,High,No
55458346,EP-3191475-B1,Cytarabine,Incidental Mention,No,No,No,No,No,No,No,No,No,,Cytarabine appears only within a long generic chemotherapy Markush list; not a specifically claimed or central embodiment.,High,No
47139740,US-20200289662-A1,Cytarabine,Incidental Mention,No,No,No,No,No,No,No,No,No,,Cytarabine appears only within a long generic chemotherapy Markush list; not a specifically claimed or central embodiment.,High,No
52480556,NZ-756328-A,Cytarabine,Incidental Mention,No,No,No,No,No,No,No,No,No,,Cytarabine appears only within a long generic chemotherapy Markush list; not a specifically claimed or central embodiment.,High,No
55543068,AU-2016226468-B2,Cytarabine,Incidental Mention,No,No,No,No,No,No,No,No,No,,Cytarabine appears only within a long generic chemotherapy Markush list; not a specifically claimed or central embodiment.,High,No
52875228,AU-2015229591-B2,Cytarabine,Incidental Mention,No,No,No,No,No,No,No,No,No,,Cytarabine appears only within a long generic chemotherapy Markush list; not a specifically claimed or central embodiment.,High,No
47351353,EP-2928466-B1,Cytarabine,Incidental Mention,No,No,No,No,No,No,No,No,No,,Cytarabine appears only within a long generic chemotherapy Markush list; not a specifically claimed or central embodiment.,High,No
39032556,EP-2052011-B1,Cytarabine,Incidental Mention,No,No,No,No,No,No,No,No,No,,Cytarabine appears only within a long generic chemotherapy Markush list; not a specifically claimed or central embodiment.,High,No
67219158,EP-3737376-A1,Cytarabine,Incidental Mention,No,No,No,No,No,No,No,No,No,,Cytarabine appears only within a very long generic chemotherapeutic-agent Markush list; not central.,High,No
62620997,US-20210009577-A1,Cytarabine,Directly Relevant,Yes,No,No,No,No,No,No,No,No,,Dependent claim 27 specifically narrows the additional pharmaceutically active compound to cytarabine alone (combined with the claimed carfilzomib-combination compound); cytarabine is the specifically claimed embodiment (same pattern as related family US-20190077801-A1).,High,No
49679895,TW-I716343-B,Cytarabine,Incidental Mention,No,No,No,No,No,No,No,No,No,,Cytarabine appears only within a very long generic pyrimidine-analog Markush list (Chinese-language patent); not central.,High,No
54767460,EP-3151817-B1,Cytarabine,Incidental Mention,No,No,No,No,No,No,No,No,No,,Cytarabine appears only within a long generic antineoplastic-agent Markush list; not central.,High,No
43608847,US-20210069330-A1,Cytarabine,Incidental Mention,No,No,No,No,No,No,No,No,No,,Cytarabine appears only within a ~15-item generic chemotherapeutic-agent list; not central.,High,No
60972528,EP-3559009-B1,Cytarabine,Incidental Mention,No,No,No,No,No,No,No,No,No,,Cytarabine appears only within a long generic chemotherapy Markush list; not a specifically claimed or central embodiment.,High,No
56108356,IL-281484-A,Cytarabine,Incidental Mention,No,No,No,No,No,No,No,No,No,,Cytarabine appears only within a long generic chemotherapy Markush list; not a specifically claimed or central embodiment.,High,No
56069026,US-11014871-B2,Cytarabine,Incidental Mention,No,No,No,No,No,No,No,No,No,,Cytarabine appears only within a long generic chemotherapy Markush list; not a specifically claimed or central embodiment.,High,No
58010371,AU-2017207757-B2,Cytarabine,Incidental Mention,No,No,No,No,No,No,No,No,No,,Cytarabine appears only within a long generic chemotherapy Markush list; not a specifically claimed or central embodiment.,High,No
46603265,CA-2825599-C,Cytarabine,Incidental Mention,No,No,No,No,No,No,No,No,No,,Cytarabine appears only within a long generic chemotherapy Markush list; not a specifically claimed or central embodiment.,High,No
58800797,US-11103481-B2,Cytarabine,Incidental Mention,No,No,No,No,No,No,No,No,No,,"Cytarabine appears within a 10-item antimetabolite list, but the following dependent claim narrows further to 5-fluorouracil or gemcitabine specifically (not cytarabine); cytarabine itself remains unselected background.",Medium,No
46757329,CA-2828811-C,Cytarabine,Indirectly Relevant,Yes,No,No,No,No,No,No,No,No,,"A structured heteromultimer combination claim narrows the ""antimetabolite"" component to a short 6-item list (methotrexate, 6-mercaptopurine, 6-thioguanine, cytarabine, 5-fluorouracil, decarbazine); more specific than generic background.",Medium,Yes
54834485,US-20210275491-A1,Cytarabine,Indirectly Relevant,Yes,No,No,No,No,No,Yes,No,No,,"Claim 47 defines the ""Cyt'"" substituent position of the claimed prodrug structure as one of 10 named nucleoside analogs including cytarabine; a structurally-defined chemical-modification embodiment, similar to other prodrug-substituent claims found in this dataset.",Medium,Yes
59258384,IL-285686-A,Cytarabine,Incidental Mention,No,No,No,No,No,No,No,No,No,,Cytarabine appears only within a very long generic antineoplastic-agent Markush list; not central.,High,No
70853997,EP-3888647-A1,Cytarabine,Indirectly Relevant,Yes,No,No,Yes,No,No,No,No,No,,"Multiple dependent claims narrow the ""second medical agent"" combined with the claimed compound to a short 5-item list (fluorouracil, decitabine, gemcitabine, azacytidine, cytarabine); a real, specific combination-therapy embodiment.",Medium,Yes
55752233,EP-3430031-B1,Cytarabine,Incidental Mention,No,No,No,No,No,No,No,No,No,,Cytarabine HCl appears only within a long generic chemotherapeutic-agent Markush list; not central.,High,No
57504734,NZ-738078-A,Cytarabine,Incidental Mention,No,No,No,No,No,No,No,No,No,,Cytarabine appears only within a very long generic antineoplastic-agent Markush list; not central.,High,No
51654614,US-20210369645-A1,Cytarabine,Incidental Mention,No,No,No,No,No,No,No,No,No,,Cytarabine appears only within a long generic chemotherapeutic-agent Markush list; not central.,High,No
70773446,US-20220000864-A1,Cytarabine,Indirectly Relevant,Yes,No,No,Yes,No,No,No,No,No,,"A structured pharmaceutical-composition claim narrows the ""antimetabolite"" component to a short list (methotrexate, 6-mercaptopurine, 6-thioguanine, cytarabine, 5-fluorouracil, decarbazine) as one specifically defined component; more specific than generic background.",Medium,Yes
66665152,EP-3586828-B1,Cytarabine,Incidental Mention,No,No,No,No,No,No,No,No,No,,Cytarabine appears only within a very long generic mixed-drug Markush list spanning multiple therapeutic classes; not central.,High,No
65030185,US-20220062417-A1,Cytarabine,Incidental Mention,No,No,No,No,No,No,No,No,No,,Cytarabine appears only within a long generic pyrimidine-analog Markush list; not central.,High,No
55020106,US-11370786-B2,Cytarabine,Incidental Mention,No,No,No,No,No,No,No,No,No,,Cytarabine appears only within a very long generic antineoplastic-agent Markush list; not central.,High,No
63579748,US-11364248-B2,Cytarabine,Directly Relevant,Yes,No,No,No,No,No,No,No,No,,"Claim 45 specifically narrows the additional pharmaceutically active compound to only 3 named options: carfilzomib, venetoclax, or cytarabine; cytarabine is a specifically claimed embodiment.",High,No
60159402,US-20220152006-A1,Cytarabine,Incidental Mention,No,No,No,No,No,No,No,No,No,,Cytarabine appears only within a ~10-item generic anti-cancer-compound list; not singled out.,Medium,No
66676982,US-20220193195-A1,Cytarabine,Directly Relevant,Yes,No,No,Yes,No,No,No,No,No,,"Claim 11 narrows the chemotherapy-agent component of a combination therapy (SMAC mimetic + chemo + TNF inhibitor) to only 2 named options (Cytarabine or Cerubidine/daunorubicine); description explicitly discusses cytarabine as part of the standard ""7+3"" AML regimen, confirming thematic centrality.",High,No
62200552,EP-3618813-B1,Cytarabine,Incidental Mention,No,No,No,No,No,No,No,No,No,,Cytarabine appears only within a long generic drug/chemotherapy Markush list; not a specifically claimed or central embodiment.,High,No
58763083,US-11413353-B2,Cytarabine,Incidental Mention,No,No,No,No,No,No,No,No,No,,Cytarabine appears only within a long generic drug/chemotherapy Markush list; not a specifically claimed or central embodiment.,High,No
69770809,IL-295067-A,Cytarabine,Incidental Mention,No,No,No,No,No,No,No,No,No,,Cytarabine appears only within a long generic drug/chemotherapy Markush list; not a specifically claimed or central embodiment.,High,No
58720397,US-11440917-B2,Cytarabine,Incidental Mention,No,No,No,No,No,No,No,No,No,,Cytarabine appears only within a long generic drug/chemotherapy Markush list; not a specifically claimed or central embodiment.,High,No
75377672,EP-4067358-A1,Cytarabine,Incidental Mention,No,No,No,No,No,No,No,No,No,,Cytarabine appears only within a long generic drug/chemotherapy Markush list; not a specifically claimed or central embodiment.,High,No
55702145,US-11466018-B2,Cytarabine,Incidental Mention,No,No,No,No,No,No,No,No,No,,Cytarabine appears only within a long generic chemotherapy Markush list; not central.,High,No
56235808,US-11464879-B2,Cytarabine,Incidental Mention,No,No,No,No,No,No,No,No,No,,Cytarabine appears only within a long generic antineoplastic-agent Markush list; not central.,High,No
57544123,US-11471467-B2,Cytarabine,Incidental Mention,No,No,No,No,No,No,No,No,No,,Cytarabine appears only within a very long generic chemotherapeutic-agent Markush list; not central.,High,No
64396553,US-11510915-B2,Cytarabine,Incidental Mention,No,No,No,No,No,No,No,No,No,,Cytarabine appears only within an 11-item generic antitumor-agent list as one dependent-claim option; not singled out.,Medium,No
58661389,EP-3370734-B1,Cytarabine,Directly Relevant,Yes,No,No,Yes,No,No,No,No,No,,"Claim 6 specifically narrows the claimed antisense-oligonucleotide combination therapy's chemotherapeutic agent to cytarabine alone; description confirms cytarabine and daunorubicin as the dominant AML chemotherapy regimen, and the invention is specifically about mobilizing leukemia cells for improved cytarabine-based chemotherapy efficacy.",High,No
51580982,EP-3524618-B1,Cytarabine,Incidental Mention,No,No,No,No,No,No,No,No,No,,Cytarabine appears only within a long generic anti-cancer-agent Markush list; not a specifically claimed or central embodiment.,High,No
54346071,AU-2020201153-B2,Cytarabine,Incidental Mention,No,No,No,No,No,No,No,No,No,,Cytarabine appears only within a long generic anti-cancer-agent Markush list; not a specifically claimed or central embodiment.,High,No
56542051,EP-3250213-B1,Cytarabine,Incidental Mention,No,No,No,No,No,No,No,No,No,,Cytarabine appears only within a long generic anti-cancer-agent Markush list; not a specifically claimed or central embodiment.,High,No
44915022,CA-2797868-C,Cytarabine,Incidental Mention,No,No,No,No,No,No,No,No,No,,Cytarabine appears only within a long generic anti-cancer-agent Markush list; not a specifically claimed or central embodiment.,High,No
68984309,AU-2019288813-B2,Cytarabine,Incidental Mention,No,No,No,No,No,No,No,No,No,,Cytarabine appears only within a long generic anti-cancer-agent Markush list; not a specifically claimed or central embodiment.,High,No
57218943,IL-291017-B1,Cytarabine,Incidental Mention,No,No,No,No,No,No,No,No,No,,Cytarabine appears only within an extremely long generic pyrimidine/purine-analog Markush list; not central.,High,No
43732866,EP-3061445-B1,Cytarabine,Indirectly Relevant,Yes,No,No,Yes,No,No,No,No,No,,"Claim 16 lists cytarabine as a component of the specific named ""DHAP"" combination regimen (dexamethasone, cytarabine, cisplatin) among several named fixed chemotherapy regimens (CHOP, MCP, FC, ICE, DVD); a real, specifically-named combination-therapy embodiment.",Medium,Yes
49765712,US-11713293-B2,Cytarabine,Indirectly Relevant,Yes,No,No,No,No,No,No,No,No,,"Claim 23 specifically claims the method where ""the cancer is cytarabine-resistant"" as one of four named drug-resistance embodiments (vincristine/taxol/cytarabine/doxorubicin-resistant); a specifically claimed embodiment, not generic background.",Medium,Yes
61028182,EP-4223369-A1,Cytarabine,Incidental Mention,No,No,No,No,No,No,No,No,No,,Cytarabine appears only within a very long generic antineoplastic-agent Markush list; not central.,High,No
59930755,AU-2023204685-A1,Cytarabine,Directly Relevant,Yes,No,No,No,No,No,No,No,No,,"Claims 11-12 specifically narrow the chemotherapeutic agent to ""an arabinoside"" and then to cytarabine by name as the specific arabinoside embodiment; cytarabine is a specifically claimed compound.",High,No
74759274,EP-4251211-A1,Cytarabine,Incidental Mention,No,No,No,No,No,No,No,No,No,,Cytarabine appears only within a long generic cytotoxic-drug list for albumin-nanoparticle payloads; not singled out.,Medium,No
67902442,US-11781189-B2,Cytarabine,Directly Relevant,Yes,No,No,Yes,No,No,No,No,No,,"Claims 12-13 specifically claim a chemotherapy regimen comprising cytarabine plus an anthracycline antibiotic/anthracenedione (optionally followed by further cytarabine) as one of two specifically defined treatment options; this matches the classic cytarabine+anthracycline AML induction combination and cytarabine is a specifically claimed, central agent.",High,No
49916710,CA-2878640-C,Cytarabine,Indirectly Relevant,Yes,No,No,No,No,No,No,No,No,,"A structured heteromultimer combination claim narrows the ""antimetabolite"" component to a short 6-item list (methotrexate, 6-mercaptopurine, 6-thioguanine, cytarabine, 5-fluorouracil, decarbazine); more specific than generic background (same pattern as related family CA-2828811-C).",Medium,Yes
68733477,EP-4022623-B1,Cytarabine,Incidental Mention,No,No,No,No,No,No,No,No,No,,Cytarabine appears only within a long generic antineoplastic-agent list (cell-stress stimuli method); not central.,High,No
52000693,EP-3748358-B1,Cytarabine,Incidental Mention,No,No,No,No,No,No,No,No,No,,Cytarabine appears only within a long generic nucleoside-analog Markush list; not central.,High,No
56014940,US-20230414702-A1,Cytarabine,Incidental Mention,No,No,No,No,No,No,No,No,No,,Cytarabine appears only within a long generic anticancer-agent Markush list; not central.,High,No
52628937,IL-276423-B1,Cytarabine,Directly Relevant,Yes,No,No,Yes,No,No,No,No,No,,"The description specifically describes a narrow 2-compound embodiment (""the additional agent is selected from the group consisting of fludarabine and cytarabine""), distinct from the broader generic list also present; cytarabine is one of only two specifically claimed options in this narrow embodiment.",High,No
58464701,EP-3943508-B1,Cytarabine,Incidental Mention,No,No,No,No,No,No,No,No,No,,Cytarabine appears only within a very long generic chemotherapeutic-agent Markush list; not central.,High,No
58410405,US-20240018257-A1,Cytarabine,Incidental Mention,No,No,No,No,No,No,No,No,No,,Cytarabine appears only within a long generic anti-cancer-agent Markush list; not central.,High,No
55264664,EP-4321171-A2,Cytarabine,Incidental Mention,No,No,No,No,No,No,No,No,No,,Cytarabine appears only within a long generic chemotherapeutic-agent Markush list; not central.,High,No
40796111,US-20240050632-A1,Cytarabine,Incidental Mention,No,No,No,No,No,No,No,No,No,,Cytarabine appears only within a long generic chemotherapeutic-agent Markush list; not central.,High,No
71409570,AU-2020297422-B2,Cytarabine,Incidental Mention,No,No,No,No,No,No,No,No,No,,Cytarabine appears only within a 10-item generic chemotherapeutic-agent list; not singled out.,Medium,No
73139458,EP-4349413-A2,Cytarabine,Directly Relevant,Yes,No,No,No,No,No,No,No,No,,"Claims and description specifically address reversing refractoriness/resistance to a defined 3-drug standard-of-care AML list (azacitidine, decitabine, cytarabine); description explicitly discusses low-dose cytarabine as a named frontline AML treatment the invention aims to improve upon.",High,No
39315133,US-11958855-B2,Cytarabine,Incidental Mention,No,No,No,No,No,No,No,No,No,,Cytarabine appears only within a long generic therapeutic-agent Markush list; not central.,High,No
74759272,AU-2021389027-A9,Cytarabine,Incidental Mention,No,No,No,No,No,No,No,No,No,,Cytarabine appears only within a long generic cytotoxic-drug list for albumin-nanoparticle payloads; not singled out.,Medium,No
73043291,EP-4190173-B1,Cytarabine,Incidental Mention,No,No,No,No,No,No,No,No,No,,Cytarabine appears only within a generic antimetabolite class list; not central.,High,No
58518368,NZ-742480-A,Cytarabine,Indirectly Relevant,No,No,No,No,No,No,Yes,No,No,,"The invention is specifically about cytidine analogs as a drug class, with cytarabine among ~15 named analogs each individually described structurally (including elaidic-acid cytarabine and N4-octadecyl-cytarabine derivatives); thematically central to a cytidine-analog-focused patent, not generic combination-therapy background.",Medium,Yes
67253932,US-20240301083-A1,Cytarabine,Incidental Mention,No,No,No,No,No,No,No,No,No,,Cytarabine appears only within a very long generic chemotherapeutic-agent Markush list; not central.,High,No
57326428,MA-55046-B1,Cytarabine,Incidental Mention,No,No,No,No,No,No,No,No,No,,Cytarabine appears only within a generic antimetabolite-drug list; not central.,High,No
59363277,EP-4086250-B1,Cytarabine,Incidental Mention,No,No,No,No,No,No,No,No,No,,Cytarabine appears only within a structured but broad multi-category radiosensitizer/chemotherapy Markush list; not singled out.,High,No
66625434,US-12187743-B2,Cytarabine,Incidental Mention,No,No,No,No,No,No,No,No,No,,Cytarabine appears only within a very long generic antineoplastic-agent Markush list; not central.,High,No
73289478,EP-4524131-A1,Cytarabine,Incidental Mention,No,No,No,No,No,No,No,No,No,,Cytarabine appears only within a very long generic antineoplastic-agent Markush list; not central.,High,No
54241267,US-20250145617-A1,Cytarabine,Incidental Mention,No,No,No,No,No,No,No,No,No,,Cytarabine appears only within a very long generic antineoplastic-agent Markush list; not central.,High,No
56740579,IL-298041-B1,Cytarabine,Indirectly Relevant,Yes,No,No,Yes,No,No,No,No,No,,"Claim 18 narrows the chemotherapeutic agent combinable with the claimed recombinant antibody to a short 4-item list (cytarabine, an anthracycline, histamine dihydrochloride, interleukin 2); more specific than generic background.",Medium,Yes
75436743,US-12350310-B2,Cytarabine,Incidental Mention,No,No,No,No,No,No,No,No,No,,Cytarabine appears only within a ~15-item generic chemotherapeutic-agent list; not singled out.,Medium,No
60992891,EP-3487882-B1,Cytarabine,Indirectly Relevant,Yes,No,No,Yes,No,No,No,No,No,,"Claim narrows the chemotherapeutic agent to a short 4-item list (cytarabine, an anthracycline, histamine dihydrochloride, interleukin 2), matching the pattern in related family IL-298041-B1; more specific than generic background.",Medium,Yes
66819957,EP-4600271-A2,Cytarabine,Incidental Mention,No,No,No,No,No,No,No,No,No,,Cytarabine appears only within a structured but still broad multi-category antimetabolite Markush list; not singled out.,High,No
78725617,EP-4232463-B1,Cytarabine,Incidental Mention,No,No,No,No,No,No,No,No,No,,Cytarabine appears only within a 6-item nucleoside-analog sub-category of a longer multi-class chemotherapy list; not singled out.,Medium,No
62976077,US-20250276084-A1,Cytarabine,Incidental Mention,No,No,No,No,No,No,No,No,No,,Cytarabine appears only within a long generic pyrimidine-analog Markush list; not central.,High,No
66625250,US-20250353829-A1,Cytarabine,Incidental Mention,No,No,No,No,No,No,No,No,No,,Cytarabine appears only within a very long generic chemotherapeutic-agent Markush list; not central.,High,No
69104399,AU-2025259981-A1,Cytarabine,Incidental Mention,No,No,No,No,No,No,No,No,No,,Cytarabine appears only within a long generic chemotherapeutic-agent list (with OCR-duplicated text); not central.,Medium,No
92746324,EP-4663688-A2,Cytarabine,Incidental Mention,No,No,No,No,No,No,No,No,No,,Cytarabine appears only within a very long generic chemotherapeutic-agent Markush list; not central.,High,No
pub:AU-722912-C,AU-722912-C,Cytarabine,Incidental Mention,No,No,No,No,No,No,No,No,No,,Cytarabine HCl appears only within a long generic chemotherapeutic-agent Markush list; not central.,High,No
pub:HK-1013259-B,HK-1013259-B,Cytarabine,Directly Relevant,No,No,Yes,No,No,No,No,No,No,,Claim 7 specifically narrows the anti-tumor drug in the claimed targeted-delivery-system composition to cytarabine; description discusses cytarabine's schedule-dependent pharmacology at length as motivation for the invention.,High,No
pub:IN-2004MN00606-A,IN-2004MN00606-A,Cytarabine,Incidental Mention,No,No,No,No,No,No,No,No,No,,Cytarabine appears only within a very long generic chemotherapeutic-agent Markush list; not central.,High,No
27364921,CA-2278106-C,Cytarabine,Incidental Mention,No,No,No,No,No,No,No,No,No,,Cytarabine appears only within a long generic chemotherapy/nucleoside Markush list; not a specifically claimed or central embodiment.,High,No
pub:HK-1080868-A,HK-1080868-A,Cytarabine,Incidental Mention,No,No,No,No,No,No,No,No,No,,Cytarabine appears only within a long generic chemotherapy/nucleoside Markush list; not a specifically claimed or central embodiment.,High,No
pub:HK-1024876-B,HK-1024876-B,Cytarabine,Incidental Mention,No,No,No,No,No,No,No,No,No,,Cytarabine appears only within a long generic chemotherapy/nucleoside Markush list; not a specifically claimed or central embodiment.,High,No
pub:IN-2007DN00456-A,IN-2007DN00456-A,Cytarabine,Incidental Mention,No,No,No,No,No,No,No,No,No,,Cytarabine appears only within a long generic chemotherapy/nucleoside Markush list; not a specifically claimed or central embodiment.,High,No
pub:IN-2005DN05240-A,IN-2005DN05240-A,Cytarabine,Incidental Mention,No,No,No,No,No,No,No,No,No,,Cytarabine appears only within a long generic chemotherapy/nucleoside Markush list; not a specifically claimed or central embodiment.,High,No
pub:IN-2008MN00298-A,IN-2008MN00298-A,Cytarabine,Incidental Mention,No,No,No,No,No,No,No,No,No,,Cytarabine appears only within a very long generic antineoplastic-agent Markush list; not central.,High,No
pub:IN-2009KN01558-A,IN-2009KN01558-A,Cytarabine,Incidental Mention,No,No,No,No,No,No,No,No,No,,Cytarabine appears only within a ~15-item generic drug list as one dependent-claim option; not singled out.,Medium,No
pub:IN-2008MN01121-A,IN-2008MN01121-A,Cytarabine,Incidental Mention,No,No,No,No,No,No,No,No,No,,Cytarabine appears only within a long generic pharmacologically-active-substance Markush list; not central.,High,No
pub:IN-2008DN05980-A,IN-2008DN05980-A,Cytarabine,Indirectly Relevant,Yes,No,No,Yes,No,No,No,No,No,,"Claim 73 narrows the ""pyrimidine analog"" antimetabolite component to a short 5-item list (5-fluorouracil, floxuridine, capecitabine, gemcitabine, cytarabine) within a structured multi-level antimetabolite claim; more specific than generic background.",Medium,Yes
pub:IN-2007CN04748-A,IN-2007CN04748-A,Cytarabine,Incidental Mention,No,No,No,No,No,No,No,No,No,,Cytarabine appears only within a generic antimetabolite category list (structured multi-category claim); not singled out.,Medium,No
pub:IN-2009DN02008-A,IN-2009DN02008-A,Cytarabine,Incidental Mention,No,No,No,No,No,No,No,No,No,,Cytarabine appears only within a long generic pyrimidine-analog Markush list; not central.,High,No
pub:IN-2004DN03885-A,IN-2004DN03885-A,Cytarabine,Directly Relevant,No,Yes,Yes,No,No,No,No,No,No,,"Claim 28 and the description repeatedly discuss cytarabine as a specifically named, central example anticancer active principle for the claimed stealth lipid nanocapsule / liposomal drug-delivery invention (""especially advantageous for anticancer agents which are hydrophilic in nature, such as cytarabine"").",High,No
pub:IN-2009CN05705-A,IN-2009CN05705-A,Cytarabine,Incidental Mention,No,No,No,No,No,No,No,No,No,,Cytarabine appears only within a long generic chemotherapy Markush list; not central.,High,No
pub:IN-2003DN00532-A,IN-2003DN00532-A,Cytarabine,Incidental Mention,No,No,No,No,No,No,No,No,No,,Cytarabine appears only within a structured but still broad multi-category antimetabolite Markush list; not singled out.,High,No
39494644,HK-1139411-A1,Cytarabine,Incidental Mention,No,No,No,No,No,No,No,No,No,,Cytarabine appears only within a long generic therapeutic-agent Markush list; not central.,High,No
22588754,CA-2343102-C,Cytarabine,Incidental Mention,No,No,No,No,No,No,No,No,No,,Cytarabine appears only within a long generic antisense-mechanism drug Markush list; not central.,High,No
38694253,EP-2027266-B1,Cytarabine,Indirectly Relevant,Yes,No,No,Yes,No,No,No,No,No,,"Claim 12 narrows the ""pyrimidine analog"" antimetabolite sub-category to a short list (5-fluorouracil, capecitabine, cytosine arabinoside/cytarabine, gemcitabine) within a structured multi-category folic-acid/pyrimidine/purine antagonist claim; more specific than generic background.",Medium,Yes
pub:IN-2010CN07116-A,IN-2010CN07116-A,Cytarabine,Incidental Mention,No,No,No,No,No,No,No,No,No,,Cytarabine appears only within a structured but broad multi-category antimetabolite Markush list; not singled out.,High,No
pub:IN-250333-B,IN-250333-B,Cytarabine,Incidental Mention,No,No,No,No,No,No,No,No,No,,Cytarabine appears only within a very long generic chemotherapeutic-agent Markush list; not central.,High,No
pub:HK-1158939-A,HK-1158939-A,Cytarabine,Incidental Mention,No,No,No,No,No,No,No,No,No,,Cytarabine appears only within a structured but broad multi-category antimetabolite Markush list; not singled out.,High,No
pub:IN-2011KN04897-A,IN-2011KN04897-A,Cytarabine,Incidental Mention,No,No,No,No,No,No,No,No,No,,Cytarabine appears only within a long generic anti-cancer/antimetabolite Markush list; not a specifically claimed or central embodiment.,High,No
pub:HK-1137352-B,HK-1137352-B,Cytarabine,Incidental Mention,No,No,No,No,No,No,No,No,No,,Cytarabine appears only within a long generic anti-cancer/antimetabolite Markush list; not a specifically claimed or central embodiment.,High,No
pub:IN-2015KN03893-A,IN-2015KN03893-A,Cytarabine,Incidental Mention,No,No,No,No,No,No,No,No,No,,Cytarabine appears only within a long generic anti-cancer/antimetabolite Markush list; not a specifically claimed or central embodiment.,High,No
pub:IN-2014CN05832-A,IN-2014CN05832-A,Cytarabine,Incidental Mention,No,No,No,No,No,No,No,No,No,,Cytarabine appears only within a long generic anti-cancer/antimetabolite Markush list; not a specifically claimed or central embodiment.,High,No
pub:HK-1178153-B,HK-1178153-B,Cytarabine,Incidental Mention,No,No,No,No,No,No,No,No,No,,Cytarabine appears only within a long generic anti-cancer/antimetabolite Markush list; not a specifically claimed or central embodiment.,High,No
pub:HK-1180333-B,HK-1180333-B,Cytarabine,Incidental Mention,No,No,No,No,No,No,No,No,No,,Cytarabine appears only within a generic chemotherapy/cytotoxic-agent Markush list; not a specifically claimed or central embodiment.,Medium,No
pub:IN-201647041857-A,IN-201647041857-A,Cytarabine,Incidental Mention,No,No,No,No,No,No,No,No,No,,Cytarabine appears only within a generic chemotherapy/cytotoxic-agent Markush list; not a specifically claimed or central embodiment.,Medium,No
pub:HK-1224577-A1,HK-1224577-A1,Cytarabine,Incidental Mention,No,No,No,No,No,No,No,No,No,,Cytarabine appears only within a generic chemotherapy/cytotoxic-agent Markush list; not a specifically claimed or central embodiment.,Medium,No
pub:IN-286844-B,IN-286844-B,Cytarabine,Incidental Mention,No,No,No,No,No,No,No,No,No,,Cytarabine appears only within a generic chemotherapy/cytotoxic-agent Markush list; not a specifically claimed or central embodiment.,Medium,No
pub:IN-201627044756-A,IN-201627044756-A,Cytarabine,Incidental Mention,No,No,No,No,No,No,No,No,No,,Cytarabine appears only within a generic chemotherapy/cytotoxic-agent Markush list; not a specifically claimed or central embodiment.,Medium,No
pub:IN-201717027312-A,IN-201717027312-A,Cytarabine,Incidental Mention,No,No,No,No,No,No,No,No,No,,Cytarabine appears only within a long generic chemotherapy Markush list; not a specifically claimed or central embodiment.,High,No
pub:IN-201717026559-A,IN-201717026559-A,Cytarabine,Incidental Mention,No,No,No,No,No,No,No,No,No,,Cytarabine appears only within a long generic chemotherapy Markush list; not a specifically claimed or central embodiment.,High,No
pub:IN-201827001916-A,IN-201827001916-A,Cytarabine,Incidental Mention,No,No,No,No,No,No,No,No,No,,Cytarabine appears only within a long generic chemotherapy Markush list; not a specifically claimed or central embodiment.,High,No
pub:IN-201817005054-A,IN-201817005054-A,Cytarabine,Incidental Mention,No,No,No,No,No,No,No,No,No,,Cytarabine appears only within a long generic chemotherapy Markush list; not a specifically claimed or central embodiment.,High,No
pub:IN-313360-B,IN-313360-B,Cytarabine,Incidental Mention,No,No,No,No,No,No,No,No,No,,Cytarabine appears only within a long generic chemotherapy Markush list; not a specifically claimed or central embodiment.,High,No
pub:HK-1206752-B,HK-1206752-B,Cytarabine,Incidental Mention,No,No,No,No,No,No,No,No,No,,Cytarabine appears only within a generic chemotherapy Markush list; not a specifically claimed or central embodiment.,High,No
pub:GC-0010744-A,GC-0010744-A,Cytarabine,Incidental Mention,No,No,No,No,No,No,No,No,No,,Cytarabine appears only within a generic chemotherapy Markush list; not a specifically claimed or central embodiment.,High,No
pub:IN-201948028926-A,IN-201948028926-A,Cytarabine,Incidental Mention,No,No,No,No,No,No,No,No,No,,Cytarabine appears only within a generic chemotherapy Markush list; not a specifically claimed or central embodiment.,High,No
pub:IN-327237-B,IN-327237-B,Cytarabine,Incidental Mention,No,No,No,No,No,No,No,No,No,,Cytarabine appears only within a generic chemotherapy Markush list; not a specifically claimed or central embodiment.,High,No
pub:IN-329550-B,IN-329550-B,Cytarabine,Incidental Mention,No,No,No,No,No,No,No,No,No,,Cytarabine appears only within a generic chemotherapy Markush list; not a specifically claimed or central embodiment.,High,No
pub:NZ-756328-B2,NZ-756328-B2,Cytarabine,Incidental Mention,,,,,,,,,,,"Nucleic acids encoding human antibodies to sialyl-Lewisa; cytarabine named only within a long generic chemotherapy-agent list in a dependent claim ('doxorubicin, daunorubicin, methotrexate, ... cytarabine, 5-fluorouracil and decarbazine...').",High,No
pub:HK-40012895-A,HK-40012895-A,Cytarabine,Incidental Mention,,,,,,,,,,,Immunogenic arginase peptides; cytarabine one of 30+ agents in a generic 'additional cancer therapy' list (also in FR translation).,High,No
pub:IN-202048008158-A,IN-202048008158-A,Cytarabine,Incidental Mention,,,,,,,,,,,Integrin receptor antagonists; cytarabine one of 20+ agents in a generic combination-chemotherapy list.,High,No
pub:IN-349333-B,IN-349333-B,Cytarabine,Incidental Mention,,,,,,,,,,,Pharmaceutical composition for liver cancer; cytarabine one of 40+ agents in a long generic antineoplastic list.,High,No
pub:IN-344129-B,IN-344129-B,Cytarabine,Incidental Mention,,,,,,,,,,,Pharmaceutical composition for cancer treatment; cytarabine one of 40+ agents in the same long generic antineoplastic list as IN-349333-B.,High,No
pub:HK-40026962-A,HK-40026962-A,Cytarabine,Incidental Mention,,,,,,,,,,,Compositions/methods for inhibiting arginase activity; cytarabine one of 50+ agents in a long generic chemotherapeutic list (EN+FR).,High,No
pub:HK-40026838-A,HK-40026838-A,Cytarabine,Incidental Mention,,,,,,,,,,,LSD1 inhibitor combination therapy; cytarabine one of 40+ agents in a long generic chemo-agent list.,High,No
pub:HK-40039447-A,HK-40039447-A,Cytarabine,Indirectly Relevant,,,,Yes,,,,,,,"Bispecific antibody for use claim 15: 'the chemotherapeutic agent is cytarabine, an anthracycline, histamine dihydrochloride, or interleukin 2' — short 4-item structured combination-therapy list, not a long generic Markush drug catalog.",Medium,Yes
pub:IN-359162-B,IN-359162-B,Cytarabine,Incidental Mention,,,,,,,,,,,"Bispecific CD33/CD3 binding proteins for AML; cytarabine one of ~15 agents in a generic combination-agent list ('cytarabine, azacitidine, decitabine, anthracycline, fludarabine, clofarabine, cladribine, nelarabine, methotrexate, bortezomib, carfilzomib, melphalan, ibrutinib, thalidomide, lenalidomide').",High,No
pub:HK-40041458-A,HK-40041458-A,Cytarabine,Incidental Mention,,,,,,,,,,,Protein kinase inhibitor combination claim; cytarabine one of 30+ agents in a long generic chemotherapeutic-class list.,High,No
pub:IN-202118050539-A,IN-202118050539-A,Cytarabine,Incidental Mention,,,,,,,,,,,5'-nucleotidase ecto modulators; cytarabine one of 15+ agents in a long generic antimetabolite/chemotherapy list.,High,No
pub:IN-202247059711-A,IN-202247059711-A,Cytarabine,Incidental Mention,,,,,,,,,,,Cyclophilin inhibitors; cytarabine one of 15+ agents in a long generic chemotherapy-class list.,High,No
pub:HK-40064591-A,HK-40064591-A,Cytarabine,Incidental Mention,,,,,,,,,,,Adenovirus + chemotherapeutic combination; cytarabine one of 30+ agents in a long generic agent list.,High,No
pub:HK-40079362-A,HK-40079362-A,Cytarabine,Incidental Mention,,,,,,,,,,,Anti-VISTA antibodies; cytarabine one of 50+ agents in a long generic chemotherapy list.,High,No
pub:HK-40000190-B,HK-40000190-B,Cytarabine,Incidental Mention,,,,,,,,,,,Substituted dihydroimidazoquinazoline derivatives; cytarabine one of 30+ agents in a long generic combination-agent list.,High,No
pub:HK-40093304-A,HK-40093304-A,Cytarabine,Incidental Mention,,,,,,,,,,,PIM kinase inhibitor combination claim; cytarabine one of 40+ agents in a long generic chemotherapy list.,High,No
pub:IN-202218018685-A,IN-202218018685-A,Cytarabine,Incidental Mention,,,,,,,,,,,Fibroblast regenerative activity; cytarabine one of 10+ agents in a generic pyrimidine-analog sub-list within a much longer overall drug list.,High,No
pub:ID-P202305753-A,ID-P202305753-A,Cytarabine,Indirectly Relevant,,,,Yes,,,,,,,"Serotonin 1B receptor modulator; claim recites combination with 'chemotherapy drug selected from Vincristine, Daunorubicin, Cytarabine, 6-mercaptopurine, Metotreksate, Cyclophosphamida, Prednisone, Deksametasone, Nelarabine' — a short (9-item), ALL/leukemia-specific structured combination list, not an open-ended generic Markush catalog.",Medium,Yes
pub:IN-202318030481-A,IN-202318030481-A,Cytarabine,Indirectly Relevant,,,,Yes,,,,,,,"Pharmaceutical composition patent; claim text lists a short 6-item antimetabolite class ('fluorouracil, methotrexate, cytarabine, mecaptopurine, thioguanine, and gemcitabine') with cytarabine given its own descriptive paragraph (AraC, mechanism of action) — more substantive treatment than a bare Markush entry, but still class-background rather than a composition narrowed to cytarabine specifically.",Medium,Yes
pub:HK-40033024-B,HK-40033024-B,Cytarabine,Incidental Mention,,,,No,,,,,,,"Immune checkpoint inhibitor combination therapy; cytarabine one of 11 agents in a combination-agent list, with the dependent claim narrowing to temozolomide, not cytarabine (EN+FR).",High,No
pub:HK-40103987-A,HK-40103987-A,Cytarabine,Incidental Mention,,,,No,,,,,,,Immunomodulator combination claim; cytarabine one of 40+ agents in a long generic chemotherapy list.,High,No
pub:NZ-732753-B2,NZ-732753-B2,Cytarabine,Indirectly Relevant,,,,Yes,,,,,,,"Anti-CD38 antibodies for AML treatment; claim 1 requires 'the subject has been treated with idarubicin, cytarabine, hydroxyurea, or any combination thereof' (3-item list) and claim 15 narrows second agent to 'all-trans retinoic acid, cytarabine, decitabine or doxorubicin' (4-item list) — short, AML-specific structured combination options, not a generic Markush catalog.",Medium,Yes
pub:HK-40045137-B,HK-40045137-B,Cytarabine,Incidental Mention,,,,No,,,,,,,SMAD3 inhibitor combination claim; cytarabine one of 30+ agents in a long generic chemotherapy list.,High,No
pub:IN-566790-B,IN-566790-B,Cytarabine,Incidental Mention,,,,No,,,,,,,Nano/microparticle drug-delivery platform; cytarabine one of 50+ actives spanning many unrelated drug classes in a long alphabetical list.,High,No
pub:HK-40121299-A,HK-40121299-A,Cytarabine,Incidental Mention,,,,,,,,,,,CD3/CD20 bispecific dosing strategy for CRS mitigation; cytarabine one of 20+ agents in a generic lymphoma-chemotherapy regimen list.,High,No
pub:HK-1245328-B,HK-1245328-B,Cytarabine,Uncertain,,,,,,,,,,,"Anti-human transferrin receptor antibody (BBB-permeating); claims+description could not be retrieved after 6 repeated attempts (persistent 'MCP server session expired' errors specific to this record, bibonly=true succeeded but omits claims/description). Flagged rather than classified from title/abstract alone, per protocol.",Low,Yes
