family_id,leader_id,compound,title,family_countries,has_ES
42173409,US-20130137650-A1,Cytarabine,METHODS OF TREATMENT USING COMBINATION THERAPY,AU;BR;CA;CN;EP;ES;FR;IL;IN;JP;KR;MX;NZ;RU;SG;US;WO;ZA,True
35196733,CA-2564542-C,Cytarabine,COMBINATION FORMULATIONS OF ANTHRACYCLINE AGENTS AND CYTIDINE ANALOGS,AU;BE;CA;CY;EP;ES;FR;HK;IL;JP;NL;PT;US;WO,True
58518371,CA-3002067-C,Cytarabine,COMBINATION THERAPY FOR TREATING MALIGNANCIES,AU;BR;CA;CN;DK;EA;EP;ES;FI;HK;HR;HU;IL;JP;KR;LT;MA;MD;MX;NZ;PL;PT;RS;SG;SI;SM;TH;UA;US;WO;ZA,True
95515123,WO-2025088367-A1,Cytarabine,LIPOSOMAL COMPOSITION OF IDARUBICIN AND CYTARABINE AND PROCESS FOR PREPARATION THEREOF,IN;WO,False
57208385,AU-2016340087-C1,Cytarabine,Combination therapy for treating malignancies,AU;BR;CA;CL;CN;EA;EP;HK;IL;JP;KR;MX;NZ;SG;TH;US;WO;ZA,False
49235839,CA-2868629-A1,Cytarabine,COMBINATION THERAPY FOR THE TREATMENT OF CANCER,CA;EP;JP;US;WO,False
14500416,EP-0563697-B1,Cytarabine,Cytarabine ocfosfate hard capsule,AU;BR;CA;CN;CZ;DE;EP;ES;HU;JP;KR;PL;TW;US,True
67219283,WO-2019136739-A1,Cytarabine,TREATMENTS FOR CACHEXIA,CN;EP;GB;US;WO,False
88918733,WO-2023228177-A1,Cytarabine,"COMPOSITIONS COMPRISING ASPACYTARABINE AND ADDITIONAL COMPOUNDS, AND USE THEREOF",WO,False
70852423,WO-2020112966-A1,Cytarabine,THERAPEUTIC METHODS AND COMPOSITIONS FOR TREATING ACUTE MYELOID LEUKEMIA USING DEVIMISTAT,AU;CA;EP;JP;KR;TW;US;WO,False
26958821,US-20050004081-A1,Cytarabine,Pharmaceutical combinations for the treatment of cancer,AT;AU;CA;CN;DE;EP;HU;JP;KR;MX;NO;NZ;PL;US;WO,False
47913441,AU-2013237419-B2,Cytarabine,Medicament for the treatment of acute myeloid leukemia (AML),AU;CA;CN;EP;HK;IL;IN;JP;KR;RU;SG;US;WO,False
65763921,US-11707474-B2,Cytarabine,Methods for treating acute myeloid leukemia and related conditions,AU;BR;CA;CN;EP;HK;JP;KR;US;WO,False
38372268,US-20060211648-A1,Cytarabine,Naphthalimide compositions and uses thereof,US;WO,False
42128157,WO-2010048712-A1,Cytarabine,CICLOPIROX AND CYTARABINE FOR THE TREATMENT OF LEUKEMIC DISORDERS,US;WO,False
58796462,WO-2017093993-A1,Cytarabine,CYTARABINE CONJUGATES FOR CANCER THERAPY,AU;BR;CA;CN;EP;IL;IN;JP;MO;RU;US;WO,False
32311637,AU-2010201113-A1,Cytarabine,Combination therapy for the treatment of acute leukemia and myelodysplastic syndrome,AU;BR;CA;CN;CR;EP;HK;IN;JP;MX;NO;RU;VN;WO,False
64607290,WO-2019089594-A1,Cytarabine,COMBINATION TREATMENT WITH ANTIBODY-DRUG CONJUGATES AND CYTARABINE,TW;US;WO,False
48610735,US-8865718-B2,Cytarabine,Heterocyclic inhibitors of glutaminase,US,False
32314479,WO-2004041837-A1,Cytarabine,NOVEL CYTARABINE MONOPHOSPHATE PRODRUGS,AT;AU;BR;CA;CN;DE;EP;HK;IL;IN;JP;KR;MX;PL;US;WO,False
50626256,EP-3858350-A1,Cytarabine,SYNTHETIC LETHALITY AND THE TREATMENT OF CANCER,AU;BR;CA;CN;DK;EP;ES;HK;IL;JP;KR;MX;NZ;PL;RU;SG;US;WO;ZA,True
-1,IN-202511089746-A,Cytarabine,NANOSTRUCTURED LIPID CARRIER GEL HYBRID SYSTEM OF CYTARABINE FOR TREATING DRUG-RESISTANT BREAST CANCER,IN,False
35064262,US-7605137-B2,Cytarabine,Combination therapy comprising cloretazine,AT;CN;EP;HK;US;WO,False
32775823,US-20070269430-A1,Cytarabine,Combination therapy for the treatment of acute leukemia and myelodysplastic syndrome,US,False
93060161,WO-2024216136-A1,Cytarabine,COMBINATION THERAPY FOR THE TREATMENT OF HEMATOLOGICAL CANCERS,WO,False
89507516,WO-2024134440-A1,Cytarabine,COMBINATIONS OF CD33 ANTIBODY DRUG CONJUGATE WITH CHEMOTHERAPEUTIC AGENTS,EP;US;WO,False
-1,IN-2014MU02108-A,Cytarabine,&quot;process for the preparation of cytarabine &amp; its intermediates&quot;,IN,False
77914294,US-20220112301-A1,Cytarabine,BISPECIFIC ANTIBODY AGAINST CD3 AND CD20 IN COMBINATION THERAPY FOR TREATING DIFFUSE LARGE B-CELL LYMPHOMA,AU;BR;CA;CN;EP;HK;IL;JP;KR;MX;US;WO,False
45033996,WO-2012072505-A1,Cytarabine,VOLASERTIB ALONE OR IN COMBINATION WITH CYTARABINE FOR TREATING ACUTE MYELOID LEUKEMIA,EP;JP;US;WO,False
55752234,AU-2017233886-B2,Cytarabine,Combinations of LSD1 inhibitors for the treatment of hematological malignancies,AR;AU;BR;CA;CN;DK;EP;ES;FI;IL;IN;JP;KR;LT;MX;MY;NZ;RU;SG;US;WO;ZA,True
91375945,WO-2024209267-A9,Cytarabine,MODULATORS OF NANOPARTICLE UPTAKE,JP;WO,False
39690832,AU-2008216083-B2,Cytarabine,Fixed drug ratios for treatment of hematopoietic cancers and proliferative disorders,AU;CA;CN;CY;DK;EP;ES;FR;HK;HR;HU;IN;JP;KR;LU;NL;NO;PL;PT;SI;US;WO,True
47882050,US-9545416-B2,Cytarabine,Combination therapy using ribavirin as eIF4E inhibitor,AU;CA;EP;ES;HK;US;WO,True
47144695,AU-2012244218-A1,Cytarabine,Calicheamicin derivative-carrier conjugates,AU;BE;BR;CA;CN;CR;CY;DK;EC;EP;ES;FR;HK;HU;ID;IL;IN;JP;KR;LT;LU;MX;NL;NO;NZ;PH;PL;PT;RU;SG;SI;TW;UA;US;VN;WO;ZA,True
69950910,EP-3856198-A1,Cytarabine,LOW-INTENSITY TREATMENT OF HEMATOLOGICAL DISORDERS,AU;BR;CA;CN;EP;IL;JP;KR;MX;RU;US;WO,False
40535624,CA-2715166-C,Cytarabine,MONOCLONAL ANTIBODIES FOR TUMOR TREATMENT,AU;BR;CA;CN;DK;EP;ES;HK;HU;IL;IN;JP;MX;PL;PT;RU;US;WO,True
42342776,US-20100298255-A1,Cytarabine,Methods for providing personalized medicine test ex vivo for hematological neoplasms,AR;AU;BR;CA;CL;CN;DK;EP;ES;HK;IL;IN;JP;KR;MX;RU;SG;TW;US;WO,True
68161144,WO-2019200243-A1,Cytarabine,CYCLIN-DEPENDENT KINASE INHIBITORS IN COMBINATION WITH ANTHRACYCLINES FOR TREATMENT OF CANCER,US;WO,False
39184352,US-20080161324-A1,Cytarabine,Compositions and methods for treatment of viral diseases,AR;CL;TW;US;WO,False
40717006,EP-2649997-A1,Cytarabine,"(+)-1,4-dihydro-7-[(3s,4s)-3-methoxy-4-(methylamino)-1-pyrrolidinyl]-4-oxo-1-(2-thiazolyl)-1,8-naphthyridine-3-carboxylic acid for use in the treatment of antecedent hematologic disorders",AU;CA;EP;US;WO,False
37758501,EP-1951046-B1,Cytarabine,METHODS TO ENHANCE CHEMOTHERAPY,AU;BR;CA;CN;EP;HK;IL;IN;JP;MX;US;WO,False
69949803,EP-3858361-A1,Cytarabine,"ANTITUMOR AGENT CONTAINING CYTARABINE, ANTITUMOR EFFECT ENHANCER USED IN COMBINATION WITH CYTARABINE, ANTITUMOR KIT, AND ANTITUMOR AGENT USED IN COMBINATION WITH CYTARABINE",EP;JP;US;WO,False
72519370,WO-2020191326-A1,Cytarabine,TREATMENT OF ACUTE MYELOID LEUKEMIA (AML) WITH VENETOCLAX FAILURE,JP;US;WO,False
58695625,CA-3005076-C,Cytarabine,ASSAYS AND METHODS FOR SELECTING A TREATMENT REGIMEN FOR A SUBJECT WITH LEUKEMIA,AU;BR;CA;CN;CO;EP;HK;IL;IN;JP;KR;MX;MY;RU;SG;US;WO,False
58797465,EP-3384900-B1,Cytarabine,STABLE DOSAGE FORM OF ETIDRONATE-CYTARABINE CONJUGATE,AU;CA;CN;EP;IL;IN;RU;US;WO,False
32853883,EP-1597365-B1,Cytarabine,ANTISENSE OLIGONUCLEOTIDES DIRECTED TO RIBONUCLEOTIDE REDUCTASE R2 AND USES THEREOF IN THE TREATMENT OF CANCER,AU;CA;EP;JP;US;WO,False
44936282,CA-2817420-C,Cytarabine,COMBINATION THERAPY WITH AN ANTITUMOR ALKALOID,AU;BR;CA;CN;CY;DK;EP;ES;HK;HR;HU;IN;JP;KR;LT;ME;PL;PT;RS;RU;SI;SM;TR;US;WO,True
48141268,AU-2012326370-C1,Cytarabine,Lyophilized liposomes,AU;BR;CA;CN;DK;EP;ES;FR;HK;HR;HU;IL;IN;JP;KR;LU;NL;NO;PL;PT;RU;SI;US;WO,True
48040161,WO-2013135766-A1,Cytarabine,NOVEL COMBINATIONS FOR TREATING ACUTE MYELOID LEUKAEMIA OR CHRONIC MYELOID LEUKAEMIA,AU;CA;CL;CN;CO;CR;DO;EA;EP;HK;ID;IN;JP;KR;MA;MX;MY;OA;PH;SG;TN;US;VN;WO,False
40367738,WO-2009058394-A1,Cytarabine,CYTIDINE ANALOGS FOR TREATMENT OF MYELODYSPLASTIC SYNDROMES,CA;EP;JP;US;WO,False
66100507,WO-2019073296-A1,Cytarabine,LIPOSOMAL FORMULATIONS OF BISANTRENE OR DERIVATIVES OR ANALOGS THEREOF,WO,False
-1,HK-40078526-A,Cytarabine,METHODS AND REGIMENS FOR THE TREATMENT OF HEMATOLOGICAL CANCER,BR;CA;CN;EP;HK;IL;JP;KR;US;WO,False
50483415,US-20160082071-A1,Cytarabine,METHODS OF TREATING MYELOID LEUKEMIA,AU;BR;CA;CN;EP;ES;HK;IL;IN;JP;KR;MX;US;WO,True
65232284,US-20200368170-A1,Cytarabine,A LIPID NANOPARTICLE COMPOSITION AND A PHARMACEUTICAL COMPOSITION FOR TREATING A HEMATOPROLIFERATIVE DISORDER,US;WO,False
44534598,AU-2011261501-B2,Cytarabine,Methods of treating hematologic malignancies using 6-cyclohexyl-1-hydroxy-4-methyl-2(1H)-pyridone,AU;CA;CN;EP;HK;JP;MX;US;WO,False
39955980,US-20070010466-A1,Cytarabine,"Zosuquidar, daunorubicin, and cytarabine for the treatment of cancer",AU;CA;CN;EP;IN;JP;KR;MX;RU;US;WO,False
27807974,US-20070149571-A1,Cytarabine,Combination therapy for treating or managing acute myelocytic leukemia,AU;CA;EP;HK;JP;NZ;US;WO;ZA,False
52014047,CA-2926307-C,Cytarabine,NOVEL COMBINATION TREATMENT FOR ACUTE MYELOID LEUKEMIA (AML),AR;AU;BR;CA;CL;CN;CR;DK;EA;EP;ES;HK;HR;HU;ID;IL;IN;JP;KR;LT;MA;MX;MY;PE;PH;PL;PT;RS;SG;SI;TW;US;VN;WO;ZA,True
45871231,US-20120077683-A1,Cytarabine,KIT AND METHOD FOR PREDICTING CYTARABINE SENSITIVY OF PATIENT HAVING ACUTE MYELOID LEUKEMIA,KR;US,False
40642610,US-20090131351-A1,Cytarabine,"Methods, compositions, and kits for modulating tumor cell proliferation",US,False
60477980,US-11110179-B2,Cytarabine,Combination of CD33 antibody drug conjugates with chemotherapeutic agents,EP;TW;US;WO,False
34826214,US-20110275590-A1,Cytarabine,CONJUGATES FOR CANCER THERAPY AND DIAGNOSIS,EP;US;WO,False
55963276,EP-3452092-B1,Cytarabine,PHARMACEUTICAL COMPOSITIONS FOR THE TREATMENT OF CHEMORESISTANT ACUTE MYELOID LEUKEMIA (AML),EP;ES;US;WO,True
-1,IN-202111015135-A,Cytarabine,5.TITLEOFTHEINVENTION DISCOVEY OF DACLATASVIR FOR TREATING CORONAVIRIDAE FAMILY OF VIRUS&quot;,IN,False
49551473,US-20150301053-A1,Cytarabine,SURROGATE FUNCTIONAL DIAGNOSTICS TEST FOR CANCER,CN;EP;HK;JP;KR;US;WO,False
74494694,WO-2021121446-A1,Cytarabine,"COPOLYMER WITH HYDROLYTIC RELEASE OF CANCEROSTATIC AGENT CYTARABINE, METHOD OF ITS PREPARATION AND USE THEREOF",CZ;WO,False
85240950,WO-2023022976-A1,Cytarabine,PHARMACOGENOMICS SCORE TO MAKE DECISIONS ON THERAPY AUGMENTATION IN AML,US;WO,False
60269919,WO-2018075408-A1,Cytarabine,"METHODS OF TREATING ACUTE MYELOID LEUKEMIA (AML) WITH COMBINATIONS OF ANTI-CD200 ANTIBODIES, CYTARABINE, AND DAUNORUBICIN",WO,False
34993432,US-20130244967-A1,Cytarabine,SNS-595 AND METHODS OF USING THE SAME,AT;AU;BR;CA;CN;CY;DE;DK;EP;ES;HK;HU;IL;IN;JP;KR;MX;NO;NZ;PL;PT;SI;US;WO;ZA,True
55910367,US-11896614-B2,Cytarabine,Methods for improving the efficacy and expansion of chimeric antigen receptor-expressing cells,AU;CA;CN;EP;ES;JP;SG;US;WO,True
57799654,US-11446321-B2,Cytarabine,Combination therapy for treating cancer,EP;US;WO,False
66333353,WO-2019089854-A1,Cytarabine,METHODS AND COMPOSITIONS FOR TREATING ACUTE MYELOID LEUKEMIA,US;WO,False
38123377,US-7951788-B2,Cytarabine,Method of treating cancer and other conditions or disease states using L-cytosine nucleoside analogs,CN;EP;HK;US;WO,False
62631122,CA-3068096-C,Cytarabine,"COMBINATION OF A MCL-1 INHIBITOR AND A STANDARD OF CARE TREATMENT FOR HEMATOLOGIC CANCERS, USES AND PHARMACEUTICAL COMPOSITIONS THEREOF",AR;AU;BR;CA;CL;CN;CO;CU;EA;EP;ES;GE;HK;IL;IN;JO;JP;KR;MA;MX;MY;NI;PH;RU;SG;TW;UA;US;UY;VN;WO;ZA,True
-1,IN-202241065572-A,Cytarabine,A REVERSE PHASED - ULTRA PERFORMANCE LIQUID CHROMATOGRAPHY BASED METHOD FOR SIMULTANEOUS DETERMINATION OF DAUNORUBICIN AND CYTARIBINE,IN,False
45806930,US-20140194395-A1,Cytarabine,COMPOSITIONS AND METHODS FOR TREATING CENTRALLY MEDIATED NAUSEA AND VOMITING,US,False
44069083,US-20110129550-A1,Cytarabine,CANCER TREATMENT METHOD,US,False
51625178,US-11666549-B2,Cytarabine,Regulation of cancer using natural compounds and/or diet,AU;BR;CA;CN;EP;IN;JP;US;WO,False
65952119,WO-2019178267-A2,Cytarabine,INDUCTIVE REGENERATION OF THE AIRWAY BY TRANSCRIPTIONAL FACTOR MODULATION OF GLANDULAR MYOEPITHELIAL STEM CELLS,US;WO,False
26894369,US-20020028237-A1,Cytarabine,Method for reducing toxicity of a cytotoxic agent,US,False
43969528,CA-2778431-A1,Cytarabine,USE OF SYNERGISTIC COMBINATIONS OF AN AVERMECTIN AND AN ANTINEOPLASTIC COMPOUNDS FOR THE TREATMENT OF HEMATOLOGICAL MALIGNANCIES,CA;EP;US;WO,False
27044257,US-20010027205-A1,Cytarabine,Pharmaceutical composition for and method of treating leukemia,US,False
47914783,WO-2013043529-A1,Cytarabine,"BONE MORPHOGENETIC PROTEIN PATHWAY ACTIVATION, COMPOSITIONS FOR OSSIFICATION, AND METHODS RELATED THERETO",US;WO,False
39512276,WO-2008073317-A2,Cytarabine,CYTARABINE FOR TREATMENT OF GLIOMA,US;WO,False
57943954,EP-3328495-A1,Cytarabine,METHODS AND COMPOSITIONS FOR CHARACTERIZATION OF GLIOBLASTOMA MULTIFORME TUMORS AND CANCER STEM CELLS,CA;EP;US;WO,False
23231501,EP-1443933-B1,Cytarabine,"TREATMENT OF CHRONIC MYELOGENOUS LEUKEMIA, RESISTANT OR INTOLERANT TO STI571, INVOLVING HOMOHARRINGTONINE ALONE OR COMBINED WITH OTHER AGENTS",AT;AU;CA;CY;DE;DK;EP;ES;HK;JP;PT;WO,True
-1,IN-202327004636-A,Cytarabine,USE OF A DHODH INHIBITOR COMPOUND IN COMBINATION CANCER THERAPY,BR;CA;CN;EP;HK;IN;JP;KR;MY;US;WO,False
55350214,US-20170266308-A1,Cytarabine,SMALL MOLECULE CONJUGATES SPECIFICALLY ACTIVATED IN TUMOR MICROENVIROMENT FOR TARGETING AND USE THEREOF,AU;CA;CN;EP;HK;JP;US;WO,False
82549028,AU-2022211008-A1,Cytarabine,COMBINATION THERAPY SCHEDULES TO TREAT CANCER,AU;EP;IL;JP;KR;US;WO,False
54754527,EP-3173081-A1,Cytarabine,DESETHYLAMIODARONE FOR USE IN CANCER TREATMENT,EP;US,False
44564179,WO-2011113041-A2,Cytarabine,NEUTRALIZATION OF FLT3 LIGAND AS A LEUKEMIA THERAPY,US;WO,False
68769443,US-20240366563-A1,Cytarabine,METHODS OF TREATING MALIGNANT LYMPHOPROLIFERATIVE DISORDERS,AU;BR;CA;CN;EP;IL;IN;JP;KR;MO;MX;US;WO,False
82258425,EP-4341291-A1,Cytarabine,DOSING REGIMENS FOR PROTEIN THERAPEUTICS,AU;CA;CN;EP;JP;KR;US;WO,False
35809800,WO-2006030217-A2,Cytarabine,DRUG CONJUGATES OF LONG CHAIN FATTY ACID OR ESTER MOIETIES AS PROTEIN BINDING PRODRUGS,EP;US;WO,False
39588607,EP-2127652-B1,Cytarabine,METHOD FOR TREATING CANCER USING ANTICANCER AGENT IN COMBINATION,CA;DK;EP;ES;JP;PL;PT;US;WO,True
70293030,AU-2020244921-B2,Cytarabine,Antitumor composition,AU;BR;CA;CN;EA;EP;HK;ID;IL;IN;JP;KR;MO;MX;MY;PH;SG;TW;US;VN;WO,False
47325907,EP-2925343-A1,Cytarabine,COMBINATION THERAPY WITH VOLASERTIB,AU;BR;CA;CL;CN;EA;EP;IL;IN;JP;KR;MX;PH;US;WO,False
57885190,US-20180214560-A1,Cytarabine,HPMA-DRUG CONJUGATES FOR THE TREATMENT OF ACUTE MYELOID LEUKEMIA,US;WO,False
75167092,US-20220339274-A1,Cytarabine,BIOMATERIAL-BASED ANTIGEN FREE VACCINE AND THE USE THEREOF,EP;JP;US;WO,False
41683427,US-20210379064-A1,Cytarabine,"AXL INHIBITORS FOR USE IN COMBINATION THERAPY FOR PREVENTING, TREATING OR MANAGING METASTATIC CANCER",AU;BR;CA;CN;EP;ES;HK;IN;JP;PL;PT;RU;SG;US;WO,True
57395727,AU-2018201697-B2,Cytarabine,TREATMENT OF MYELOSUPPRESSION,AU;BR;CA;CL;CN;DK;EA;EP;ES;HK;HU;IL;IN;JP;KR;LT;MX;PL;PT;SG;US;WO,True
86396351,WO-2023089617-A1,Cytarabine,CYTARABINE-AMINO ACID BASED PRODRUG FOR THE TREATMENT OF CANCER,AU;BR;CA;CN;EP;IL;IN;JP;KR;WO,False
68655688,US-20220000880-A1,Cytarabine,METHOD AND COMPOSITION EMBODIMENTS FOR TREATING ACUTE MYELOID LEUKEMIA,US;WO,False
41340927,CA-2724550-C,Cytarabine,COMBINATION ANTITUMOR THERAPY,CA;EP;ES;HK;US;WO,True
70164361,US-20210379042-A1,Cytarabine,METHODS FOR MONITORING TUMOR LYSIS SYNDROME,US;WO,False
73458649,US-20220218759-A1,Cytarabine,COMPOSITIONS AND METHODS FOR IMPROVING TREATMENT OUTCOMES FOR PATIENTS HAVING HEMATOLOGICAL MALIGNANCIES USING AN EXPANDED STEM CELL PRODUCT,AU;CA;CN;EP;IL;JP;KR;MX;US;WO,False
74659736,US-20220354845-A1,Cytarabine,METHODS FOR ENHANCING DNA DAMAGE AND APOPTOSIS OF LEUKEMIC CELLS,US;WO,False
61619722,EP-3512525-A1,Cytarabine,COMBINATION THERAPY WITH LIPOSOMAL ANTISENSE OLIGONUCLEOTIDES,AU;BR;CA;CN;EA;EP;ES;HK;JP;KR;MX;SG;US;WO;ZA,True
51945973,AU-2014343214-B2,Cytarabine,Methods of treating acute myeloid leukemia with a FLT3 mutation,AU;CA;CN;EP;ES;HK;JP;US;WO,True
67144318,WO-2019136422-A1,Cytarabine,COMBINATION IMMUNOTHERAPY AND CHEMOTHERAPY FOR THE TREATMENT OF A HEMATOLOGICAL MALIGNANCY,CA;EP;JP;US;WO,False
9948795,WO-2004050666-A1,Cytarabine,SILICON COMPOUNDS USEFUL IN CANCER THERAPY,AU;GB;WO,False
61241811,US-10253371-B2,Cytarabine,Method of treating leukemia based on gene expression of clock genes,US,False
24906863,EP-1005326-B1,Cytarabine,METHOD FOR PRODUCING LIPOSOMES WITH INCREASED PERCENT OF COMPOUND ENCAPSULATED,AU;CA;EP;IL;JP;NO;NZ;US;WO,False
31495746,NZ-538428-A,Cytarabine,Use of alkylphosphocholines in combination with antitumor medicaments,AR;AT;AU;BR;BY;CA;CN;CY;DK;EP;ES;HK;HR;IL;IN;JP;KR;MX;NO;NZ;PL;PT;RU;SI;TW;UA;US;WO;ZA,True
42739984,US-20120149647-A1,Cytarabine,Methods for Assessing the Efficacy of Gemcitabine or Ara-C Treatment of Cancer Using Human Antigen R Levels,US;WO,False
35465368,WO-2004094614-A2,Cytarabine,STABILIZED APTAMERS TO PLATELET DERIVED GROWTH FACTOR AND THEIR USE AS ONCOLOGY THERAPEUTICS,AU;CA;DK;EP;ES;HK;JP;WO,True
73050865,US-12318434-B2,Cytarabine,Alkaline phosphate-based oncology treatments,AU;CA;CN;EP;JP;KR;US;WO,False
78745667,WO-2021237270-A1,Cytarabine,METHOD OF TREATING LEUKAEMIA,AU;WO,False
56406281,AU-2016206882-A1,Cytarabine,Context dependent diagnostics test for guiding cancer treatment,AU;CA;CN;EP;HK;JP;KR;US;WO,False
87089671,WO-2023134707-A1,Cytarabine,METHODS FOR TREATING AML-MRC AND MDS,CN;US;WO,False
57833648,EP-3325662-A1,Cytarabine,EPIGENETIC SILENCING OF NMT2,DK;EP;ES;JP;PL;US;WO,True
92715097,US-20240307372-A1,Cytarabine,"COMPOSITIONS AND METHODS TO IMPROVE BENEFIT OF SUBOPTIMALLY ADMINISTERED THERAPEUCTICS FOR THE TREATMENT OF BENIGN AND NEOPLASTIC DISEASES, INFECTIONS, INFLAMMATORY, METABOLIC AND IMMUNOLOGIAL DISEASE",US,False
41319210,CA-2723816-C,Cytarabine,CHIMERIC SMALL MOLECULES FOR THE RECRUITMENT OF ANTIBODIES TO CANCER CELLS,CA;CY;DK;EP;ES;HR;HU;JP;PL;PT;RS;SI;US;WO,True
85086087,AU-2022318982-B2,Cytarabine,PHARMACEUTICAL COMPOSITION FOR TREATMENT OF PANCREATIC CANCER AND BILE DUCT CANCER,AU;CN;EP;IN;JP;US;WO,False
52828661,WO-2015057862-A1,Cytarabine,METHODS AND COMPOSITIONS FOR ERADICATING LEUKEMIC CELLS,EP;JP;WO,False
40627502,CA-2745005-C,Cytarabine,ANTITUMOR COMBINATIONS CONTAINING ANTIBODIES RECOGNIZING SPECIFICALLY CD38 AND CYTARABINE,AR;AU;BR;CA;CL;CN;CO;CR;DK;EA;EC;EP;ES;HK;HN;HR;HU;ID;IL;IN;JP;KR;LT;MA;MX;MY;NI;NZ;PA;PE;PL;PT;PY;RS;SG;SI;SM;TN;TW;UA;US;UY;VN;WO;ZA,True
77291677,WO-2021163466-A1,Cytarabine,USES OF HYPOXIA-INDUCIBLE FACTOR INHIBTORS FOR TREATING TP53-MUTATED ACUTE MYELOID LEUKEMIA,US;WO,False
-1,HK-1121680-A,Cytarabine,NANOPARTICLE / ACTIVE INGREDIENT CONJUGATE,AU;BR;CA;CN;DE;DK;EP;ES;HK;IL;IN;JP;KR;MX;NZ;RU;US;WO;ZA,True
83280646,WO-2016110761-A1,Cytarabine,"PROCESS FOR PRODUCING 1-β-D-ARABINOFURANOSYLCYTOSINE AND 2,2&apos;-O-CYCLOCYTIDINE",WO,False
44214424,WO-2011079501-A1,Cytarabine,PRODRUG BASED ON CYTARABINE STRUCTURE AS WELL AS SYNTHESIZING METHOD AND APPLICATION THEREOF,CN;WO,False
41199352,US-8962614-B2,Cytarabine,ON01910.Na enhances chemotherapeutic agent activity in drug-resistant tumors,AU;CA;CN;EP;JP;KR;NZ;RU;US;WO,False
52425560,US-11566222-B2,Cytarabine,γδ T cell expansion procedure,AU;CA;CN;DK;EP;GB;IN;JP;KR;MX;RU;US;WO;ZA,False
53279769,US-20150197526-A1,Cytarabine,SELECTIVE EFFLUX INHIBITORS AND RELATED PHARMACEUTICAL COMPOSITIONS AND METHODS OF TREATMENT,US,False
65657407,WO-2020165315-A1,Cytarabine,USE OF USP7 INHIBITORS FOR THE TREATMENT OF ACUTE MYELOID LEUKEMIA (AML),EP;US;WO,False
37899346,MX-2008004244-A,Cytarabine,THE USE OF PHTHALIDE DERIVATIVES.,AU;BR;CA;CN;EP;IN;JP;KR;MX;RU;US;WO,False
75911870,WO-2021094827-A1,Cytarabine,USE OF BISANTRENE TO TREAT MEASURABLE RESIDUAL DISEASE IN ACUTE MYELOID LEUKEMIA,WO,False
47262153,US-9339555-B2,Cytarabine,Acid-labile lipophilic prodrugs of cancer chemotherapeutic agents,AU;CA;CN;EP;IN;JP;KR;MX;NZ;SG;US;VN;WO,False
32908595,AU-2004213029-A1,Cytarabine,Composition and methods for inhibiting cell survival,AU;CA;EP;US;WO,False
57320446,WO-2016187122-A1,Cytarabine,METHODS FOR TREATING TUMORS IN SITU INCLUDING INTRATUMOR INJECTION OF CYTOTOXIC PARTICLES AND IMMUNE CHECKPOINT BLOCKADE THERAPY,US;WO,False
44237393,WO-2011143590-A1,Cytarabine,COMBINATION THERAPY COMPOSITIONS AND METHODS USING LIPOIC ACID DERIVATIVES AND AN ANTI-PROLIFERATION AGENT,WO,False
61157311,CA-3050094-C,Cytarabine,TREATMENT OF CANCER CELLS OVEREXPRESSING SOMATOSTATIN RECEPTORS USING OCREOTIDE DERIVATIVES CHELATED TO RADIOISOTOPES,AU;CA;CN;DK;EP;ES;FI;HR;HU;IL;JP;KR;LT;PL;PT;RS;SI;SM;US;WO,True
39362382,AU-2004201676-A1,Cytarabine,Methods of treating leukemia,AT;AU;BR;CA;CN;CZ;DE;DK;EP;ES;HK;HU;IL;IN;IS;JP;KR;MX;NO;NZ;PL;SK;US;WO;ZA,True
81209410,WO-2022082180-A1,Cytarabine,COMBINATIONS OF BCL-2 INHIBITORS WITH CHEMOTHERAPEUTIC AGENTS,CN;EP;HK;JP;TW;US;WO,False
57943194,US-20180231553-A1,Cytarabine,"COMPOSITION FOR ANTICANCER ADJUVANT COMPRISING RIP3 EXPRESSION PROMOTER AS ACTIVE INGREDIENT, METHOD FOR SCREENING ANTICANCER ADJUVANT WHICH PROMOTES RIP3 EXPRESSION AND ENHANCES SENSITIVITY OF ANTICA",KR;US;WO,False
55661533,US-20160243142-A1,Cytarabine,AVICIN D FOR TREATMENT OF MANTLE CELL LYMPHOMA,US;WO,False
41728426,US-20110281813-A1,Cytarabine,METHOD OF TREATING C-KIT POSITIVE RELAPSED ACUTE MYELOID LEUKEMIA,US;WO,False
59021598,US-20220251196-A1,Cytarabine,Low dose antibody-based methods for treating hematologic malignancies,CA;EP;JP;US;WO,False
52001089,AU-2020201321-B2,Cytarabine,Combination therapy including an MDM2 inhibitor and one or more additional pharmaceutically active agents for the treatment of cancers,AP;AU;BR;CA;CL;CN;CY;DK;EA;EP;ES;HK;HR;HU;ID;IL;JP;KR;LT;MA;MX;MY;NZ;PH;PL;PT;RS;SG;SI;SM;TN;UA;US;WO;ZA,True
44648400,WO-2011113174-A1,Cytarabine,CYTARABINE DERIVATIVES AND USES FOR ANTICANCER AND ANTITUMOR THEREOF,WO,False
35064290,CA-2561513-C,Cytarabine,EFFECTIVE TREATMENT OF TUMORS AND CANCER WITH TRICIRIBINE AND RELATED COMPOUNDS,AU;CA;CN;CY;DK;EP;ES;HK;HU;JP;KR;LT;MX;PL;PT;SI;US;WO,True
56014402,WO-2016081281-A1,Cytarabine,LIPOPHILIC BISPHOSPHONATES AND METHODS OF USE,WO,False
56709601,US-20160243191-A1,Cytarabine,"Compositions for the Treatment of Cancer, and Methods for Testing and Using the Same",US,False
69170357,EP-3810140-A1,Cytarabine,BASE-MODIFIED CYTIDINE NUCLEOTIDES FOR LEUKEMIA THERAPY,AU;CA;CN;EP;HK;JP;KR;TW;US;WO,False
41092158,HK-1154344-A1,Cytarabine,THERAPEUTIC COMBINATION COMPRISING AN AURORA KINASE INHIBITOR AND AN ANTINEOPLASTIC AGENT,AR;CN;EP;ES;HK;JP;TW;US;WO,True
48984221,US-20140378673-A1,Cytarabine,PRODRUG USING NITROIMIDAZOLE,EP;JP;US;WO,False
57441290,WO-2016195353-A1,Cytarabine,A USE OF 1&apos;-CYANO-CYTARABINE FOR CANCER TREATMENT,WO,False
-1,HK-40079446-A,Cytarabine,A COMBINED TREATMENT MEDICINE FOR ACUTE MYELOID LEUKEMIA,CN;HK;WO,False
71841914,IL-285155-B1,Cytarabine,Metal chelator combination therapy for the treatment of cancer,AU;BR;CA;CN;EP;HK;IL;IN;JP;KR;MX;SG;US;WO,False
35480826,US-RE47231-E1,Cytarabine,Glue composition for lung volume reduction,EP;JP;US;WO,False
55863240,AU-2016252609-B2,Cytarabine,Predicting response to alvocidib by mitochondrial profiling,AU;BR;CA;CN;EP;HK;IL;IN;JP;KR;MX;RU;US;WO,False
-1,HK-40068523-A,Cytarabine,USE OF CYP26-RESISTANT RAR ALPHA SELECTIVE AGONISTS IN THE TREATMENT OF CANCER,DK;EP;ES;HK;PL;US;WO,True
69643710,US-20210222228-A1,Cytarabine,PLK1 TARGET PHOSPHORYLATION STATUS AND TREATMENT OF CANCER WITH PLK1 INHIBITORS,CN;EP;HK;JP;US;WO,False
43356659,US-9526915-B2,Cytarabine,Methods for regulating cell mitosis by inhibiting serine/threonine phosphatase,AU;CA;EP;US;WO,False
41398732,US-9326974-B2,Cytarabine,Methods and related compositions for the treatment of cancer,US;WO,False
-1,HK-40117591-A,Cytarabine,USE OF PHARMACEUTICAL COMPOSITION COMPRISING MITOXANTRONE LIPOSOME AND CYTARABINE IN THE TREATMENT OF ACUTE MYELOID LEUKEMIA,CN;EP;HK;JP;WO,False
32094033,AU-2003279923-A1,Cytarabine,Epo D + 5-FU/GEMCITABINE,AU;BR;CA;CN;EP;IN;JP;KR;MX;RU;US;WO,False
63858166,US-20190091229-A1,Cytarabine,THERAPEUTIC METHODS RELATING TO HSP90 INHIBITORS,AU;BR;CA;CN;EP;HK;IL;IN;JP;KR;MX;RU;TW;US;WO,False
39365271,US-7695716-B2,Cytarabine,"Methods of treating neoplastic, autoimmune and inflammatory diseases",US,False
33424438,AU-2010236075-B2,Cytarabine,"Combinations for the treatment of diseases involving cell proliferation, migration or apoptosis of myeloma cells, or angiogenesis",AR;AU;BR;CA;CL;CN;CO;CY;DK;EA;EC;EP;ES;HK;IL;IN;JP;KR;ME;MX;MY;NO;NZ;PE;PL;PT;RS;SI;TW;US;UY;VN;WO,True
74499456,US-20210038543-A1,Cytarabine,KIT FOR PREPARING INJECTABLE CARMUSTINE SOLUTIONS,US,False
65137844,WO-2019024784-A1,Cytarabine,FATTY ACID CONJUGATED NANOPARTICLES AND USES THEREOF,US;WO,False
60663213,US-20190224328-A1,Cytarabine,ANTICANCER DRUG CONJUGATES,US;WO,False
37498764,CA-2609343-C,Cytarabine,METHODS OF TREATING CANCER AND OTHER CONDITIONS OR DISEASE STATES USING LFMAU AND LDT,AU;BR;CA;CN;EA;EP;ES;HK;IL;IN;JP;KR;MX;NZ;SG;US;WO,True
38459615,WO-2007100770-A2,Cytarabine,METHODS OF TREATING INFLAMMATORY AND AUTOIMMUNE DISEASES WITH NATALIZUMAB,CA;CY;DK;EP;ES;HK;HU;JP;LT;PL;PT;SI;US;WO,True
39831995,EP-2205268-B1,Cytarabine,INTERFERON ALPHA SEQUENTIAL REGIMEN FOR TREATING CANCERS,DK;EP;JP;US;WO,False
57442305,IL-281970-A,Cytarabine,METHODS OF USING BISPECIFIC CD33 AND CD3 BINDING PROTEINS,AR;AU;BR;CA;CN;EA;EP;HK;IL;IN;JP;KR;MX;TW;US;WO,False
48201229,US-20150338392-A1,Cytarabine,Sterile and instantly dissolvable drug membrane and method thereof for testing drug sensitivity of antineoplastic drugs,CN;EP;JP;US;WO,False
62020144,US-10265481-B2,Cytarabine,Intramarrow injection/infusion and aspiration needle and method,US,False
46759073,WO-2013028505-A1,Cytarabine,COMBINATION CANCER THERAPY OF HSP90 INHIBITOR WITH ANTIMETABOLITE,AU;CA;EA;EP;JP;US;WO,False
65271741,EP-3664823-B1,Cytarabine,COMPOSITION FOR USE IN PREVENTING OR TREATING AN ENTEROCOCCAL BLOOD STREAM INFECTION,AU;CA;CN;EP;JP;KR;US;WO,False
52743621,AU-2014325016-B2,Cytarabine,COMBINATION THERAPY USING AZABICYCLO COMPOUND FOR CANCER,AU;DK;EP;ES;HU;JP;KR;PL;PT;RU;TW;US;WO,True
59684875,US-20190046602-A1,Cytarabine,METHODS OF TREATING ACUTE MYELOID LEUKEMIA,AU;BR;CA;CN;EP;ES;HK;IL;IN;JP;KR;MX;US;WO,True
75849325,WO-2021092543-A1,Cytarabine,CERAMIDE ANALOG SACLAC MODULATES SPHINGOLIPID LEVELS AND MCL-1 SPLICING TO INDUCE APOPTOSIS IN ACUTE MYELOID LEUKEMIA,US;WO,False
56711034,KR-20160092551-A,Cytarabine,"Cell Line With Resistance To Hypomethylation Agents, And Uses Thereof",KR,False
76741389,WO-2022254216-A1,Cytarabine,COMBINATION THERAPIES COMPRISING A METTL3 INHIBITOR AND A FURTHER ANTICANCER AGENT,AU;CA;CN;EP;GB;HK;JP;US;WO,False
47624111,US-10118901-B2,Cytarabine,Therapeutic agents,AR;AU;BR;CA;CN;CY;DK;EP;ES;GC;HK;HR;HU;ID;IL;IN;JP;KR;LT;ME;MX;NZ;PH;PL;PT;RS;SI;SM;TW;US;WO;ZA,True
37603038,US-8632787-B2,Cytarabine,Methods using immunomodulatory compounds for treatment of certain leukemias,AR;AU;BR;CA;CN;EP;GC;HK;IL;JP;KR;NO;NZ;PE;RU;TW;UA;US;WO;ZA,False
-1,IN-202517100633-A,Cytarabine,METHODS OF USE AND COMPOSITIONS OF BISBENZYLISOQUINOLINES FOR THE TREATMENT OF MALIGNANCIES,AU;CA;EP;HK;IN;JP;US;WO,False
38459611,US-8410115-B2,Cytarabine,Methods of treating inflammatory and autoimmune diseases with alpha-4 inhibitory compounds,CA;EP;JP;US;WO,False
40316923,US-20100150861-A1,Cytarabine,COMPOSTIONS WITH ENHANCED BIOAVAILABILITY AND FAST ACTING INHIBITOR OR GASTRIC ACID SECRETION,EP;US;WO,False
69060689,WO-2020007593-A1,Cytarabine,CHIMERIC ANTIGEN RECEPTORS (CAR)-EXPRESSING CELLS AND COMBINATION TREATMENT FOR IMMUNOTHERAPY OF PATIENTS WITH RELAPSE REFRACTORY ADVERSE GENETIC RISK AML,EP;US;WO,False
91950843,KR-20240109670-A,Cytarabine,Combination therapy of TAK-981 and conventional drugs in acute myeloid leukemia,KR,False
53055117,AU-2019205984-B2,Cytarabine,"1H-PYRROLO[2,3-C]PYRIDIN-7(6H)-ONES AND PYRAZOLO [3,4-C]PYRIDIN-7(6H)-ONES AS INHIBITORS OF BET PROTEINS",AR;AU;BR;CA;CL;CN;CR;CY;DK;EA;EC;EP;ES;FI;HK;HR;HU;ID;IL;IN;JP;KR;LT;MA;ME;MO;MX;MY;NZ;PE;PH;PL;PT;RS;SG;SI;SM;TW;UA;US;VN;WO;ZA,True
75167123,WO-2021061874-A2,Cytarabine,METHODS AND COMPOSITIONS FOR TREATING ACUTE MYELOID LEUKEMIA,US;WO,False
45348669,US-20120009197-A1,Cytarabine,Anti-Human Equilibrative Nucleoside Transporter 1 (hENT1) Antibodies and Methods of Use Thereof,AU;CA;EP;JP;TW;US;WO,False
34393423,AU-2004275792-A1,Cytarabine,Delivery of therapeutic compounds via microparticles or microbubbles,AU;CA;EP;US;WO,False
60411873,US-20190077878-A1,Cytarabine,METHODS FOR TREATING CANCER BY TARGETING VCAM1 AND MAEA,US,False
62711062,AU-2017389094-B2,Cytarabine,Aptamer-drug conjugate and use thereof,AU;CN;EP;IN;JP;KR;US;WO,False
78270235,US-20240294670-A1,Cytarabine,ANTIBODIES TO CHITINASE 3-LIKE-1 AND METHODS OF USE THEREFOR,CN;EP;US;WO,False
76329011,US-20220317115-A1,Cytarabine,3D ORGANOIDS FOR PERSONALIZED ORAL CANCER THERAPY,US;WO,False
28449220,US-20050171036-A1,Cytarabine,Use of antitumor indolopyrrolocarbazole derivative and other anticancer agent in combination,AP;AU;BR;CA;CN;CO;EA;EC;EP;HK;IL;IN;IS;JP;KR;MA;MX;NO;NZ;OA;PL;RS;TN;UA;US;VN;WO;ZA,False
58544246,GB-2560019-A,Cytarabine,Use of cannabinoids in the treatment of leukaemia,EP;GB;US;WO,False
98321230,TR-2022021482-A2,Cytarabine,MEME KANSERİ KEMOTERAPİ TEDAVİSİNDE KULLANILMAK ÜZERE GELİŞTİRİLEN KOMPOZİSYON,TR,False
71097306,US-11813279-B2,Cytarabine,Compositions for cancer therapy and methods,US,False
34840169,EP-1719527-B1,Cytarabine,ANTITUMOR AGENTS,EP;JP;US;WO,False
69777846,US-12202895-B2,Cytarabine,LILRB4 antibodies and uses thereof,AU;CA;CN;EP;HK;IN;JP;KR;TW;US;WO;ZA,False
90192073,WO-2024051792-A1,Cytarabine,AST-3424 COMBINATION FOR TREATING LEUKEMIA AND LYMPHOMA,CN;WO,False
55303743,EP-3180011-B1,Cytarabine,IMMUNOTHERAPY FOR THE TREATMENT OF CANCER,CA;CN;EP;ES;JP;US;WO,True
41507421,EP-2810654-A1,Cytarabine,Prostaglandin E2 binding proteins and uses thereof,AU;BR;CA;CN;EP;HK;IL;IN;JP;KR;MX;RU;SG;TW;US;WO;ZA,False
37905334,WO-2007075673-A1,Cytarabine,"TREATMENT REGIMEN FOR N-MYC, C-MYC, AND L-MYC AMPLIFIED AND OVEREXPRESSED TUMORS",US;WO,False
61016782,WO-2018022855-A1,Cytarabine,COMBINATION THERAPIES FOR TREATING CANCER,AU;BR;CA;CN;EA;EP;HK;IL;IN;JP;KR;MX;US;WO;ZA,False
40679195,US-20090208493-A1,Cytarabine,"Compounds and methods for the selective inhibition of ABCB1, ABCC1 and ABCG2 transporters and the treatment of cancers, especially drug resistant cancers and high throughput flow cytometry assay to detect selective inhibitors",US;WO,False
71729033,WO-2021007316-A1,Cytarabine,TREATMENT OF CANCER,US;WO,False
43759832,WO-2011104540-A1,Cytarabine,ONE STEP PROCESS FOR THE PREPARATION OF CAPECITABINE,IN;WO,False
58630866,EP-3368538-B1,Cytarabine,WEE 1 KINASE INHIBITORS AND METHODS OF MAKING AND USING THE SAME,AU;CA;EP;JP;US;WO,False
71944313,US-20220257581-A1,Cytarabine,Treatment of Cancer,US;WO,False
50977393,CA-2895149-C,Cytarabine,TREATMENT OF DISEASES INVOLVING MUCIN,AU;CA;CN;DK;EP;ES;HK;JP;KR;NZ;TR;US;WO;ZA,True
42396337,US-20110293565-A1,Cytarabine,NOVEL SYNTHETIC AGONISTS OF TLR9,AU;BR;CA;CN;EP;IN;JP;KR;MX;RU;US;WO,False
55631591,EP-3200780-B1,Cytarabine,HYDROGEN PEROXIDE-ACTIVATED COMPOUNDS AS SELECTIVE ANTI-CANCER THERAPEUTICS,CA;EP;US;WO,False
47179025,US-20140322208-A1,Cytarabine,TREATMENT OF HEMATOLOGIC MALIGNANCIES WITH AN ANTI-CXCR4 ANTIBODY,AU;BR;CA;CN;CY;DK;EA;EP;ES;HR;HU;IL;JP;KR;LT;MX;PL;PT;RS;SG;SI;SM;US;WO,True
78700393,EP-4163288-A1,Cytarabine,NOVEL NUCLEOLIN-BINDING PEPTIDE AND USE THEREOF,AU;CA;CN;EP;JP;KR;US;WO,False
88730980,US-20250302961-A1,Cytarabine,TARGETING MYELOID-DERIVED SUPPRESSOR CELLS (MDSCS) IN BLADDER CANCER TO ENHANCE EFFICACY OF ADOPTIVE CELL THERAPY (ACT),US;WO,False
34397149,US-7390782-B2,Cytarabine,Methods and products related to metabolic interactions in disease,AU;CA;EP;JP;US;WO,False
34945701,US-20100160249-A1,Cytarabine,NANOPARTICLE DERIVATIVES OF GEMCITABINE,AT;CA;CN;DK;EP;ES;FR;IN;JP;PT;US;WO,True
57546165,US-10980892-B2,Cytarabine,Methods for the treatment of leptomeningeal carcinomatosis,CA;CN;DK;EP;ES;HK;JP;US;WO,True
62907775,EP-3572082-A1,Cytarabine,USES OF EGFR/HER2 INHIBITOR COMBINED WITH PYRIMIDINE-TYPE ANTI-METABOLIC DRUG,CN;EP;HK;ID;JP;MY;TW;US;WO,False
95396197,US-20250375442-A1,Cytarabine,COMBINATION THERAPY WITH CLK/DYRK INHIBITORS AND BCL2 INHIBITORS TO TREAT LEUKEMIA,KR;US;WO,False
66770561,WO-2019222130-A1,Cytarabine,COMBINATION TREATMENT WITH ANTIBODY-DRUG CONJUGATES AND FLT3 INHIBITORS,TW;WO,False
47627074,US-20130034562-A1,Cytarabine,SELECTIVE ANDROGEN RECEPTOR MODULATORS FOR TREATING DIABETES,US,False
59500971,EP-3411073-A1,Cytarabine,COMBINATIONS TO TREAT CANCER,AU;CA;CN;EP;HK;JP;KR;US;WO,False
57441874,US-20200023028-A1,Cytarabine,METHODS AND COMPOSITIONS FOR TREATING NON-SMALL CELL LUNG CANCER,AU;CA;CN;EP;HK;IN;JP;KR;MY;PH;TW;US;VN;WO,False
65952224,US-11529363-B2,Cytarabine,Methods of treating cancer in pediatric patients,AU;BR;CA;CN;EP;HK;IN;JP;KR;MX;RU;US;WO,False
26782279,US-20030022879-A1,Cytarabine,Treatment of neurological disease,US,False
40885883,WO-2009091904-A2,Cytarabine,MICRORNA BASED METHODS AND COMPOSITIONS FOR THE TREATMENT OF CANCER,WO,False
45328898,US-20150164854-A1,Cytarabine,FORMULATIONS OF HISTONE DEACETYLASE INHIBITOR AND USES THEROF,US,False
59563664,US-20220003770-A1,Cytarabine,Classification and Treatment of Gastric Cancer,US;WO,False
56879285,AU-2016229201-B2,Cytarabine,Anti-LILRB antibodies and their use in detecting and treating cancer,AU;CA;CN;EP;HK;JP;KR;WO,False
49162102,EP-3272350-B1,Cytarabine,DENDROGENIN A AND ANTINEOPLASTIC AGENTS FOR THE TREATMENT OF CHEMOSENSITIVE OR CHEMORESISTANT TUMORS,AU;CA;CN;EP;ES;HK;JP;US;WO,True
9435406,EP-0827745-B1,Cytarabine,Anti-tumour compositions containing taxan derivatives,AT;AU;CA;CZ;DE;DK;EP;ES;FI;FR;GR;HU;JP;KR;MX;NO;NZ;PL;PT;RU;SK;TW;US;WO;ZA,True
44320082,WO-2011094260-A2,Cytarabine,NOVEL BIFUNCTIONAL METNASE/INTNASE INHIBITORS AND RELATED COMPOSITIONS AND METHODS OF TREATMENT OF CANCER,US;WO,False
40011012,EP-2149372-B1,Cytarabine,Use of opioids of the methadone group for the treatment of resistant cancer patients,BR;CA;CN;DK;EP;ES;HU;IN;JP;PL;PT;RU;US;WO,True
40642200,US-20090130101-A1,Cytarabine,ANTI-CANCER THERAPY WITH AN EXTRACT OF SCUTELLARIA BARBATA,AU;CA;EP;US;WO,False
36692832,US-20090082551-A1,Cytarabine,"Method, compositions and classification for tumor diagnostics and treatment",EP;US;WO,False
50771465,EP-2992107-B1,Cytarabine,BIOCATALYTIC PRODUCTION OF NUCLEOSIDE ANALOGUES AS ACTIVE PHARMACEUTICAL INGREDIENTS,CA;EP;JP;KR;US;WO,False
39157758,US-20100266674-A1,Cytarabine,L-ODDC PRODRUGS FOR CANCER,AU;CA;CN;HK;KR;US;WO,False
49042965,EP-2819993-B1,Cytarabine,ROS-ACTIVATED COMPOUNDS AS SELECTIVE ANTI-CANCER THERAPEUTICS,CA;EP;US;WO,False
68983509,SG-11202011503Y-A,Cytarabine,BIFUNCTIONAL COMPOSITIONS FOR THE TREATMENT OF CANCER,AU;BR;CA;CL;CN;EP;GB;IL;IN;JP;MX;MY;PH;RU;SG;TH;US;WO,False
65998012,AU-2020215801-B2,Cytarabine,Deoxy- cytidine or uridine derivatives for use in cancer therapies,AU;BR;CA;CN;CY;DK;EP;ES;FI;GB;HK;HR;HU;IL;IN;JP;KR;LT;MX;NZ;PL;PT;RS;RU;SG;SI;SM;US;WO;ZA,True
68387340,WO-2020094609-A1,Cytarabine,METHODS AND PHARMACEUTICAL COMPOSITIONS FOR THE TREATMENT OF ACUTE MYELOID LEUKEMIA BY ERADICATING LEUKEMIC STEM CELLS,EP;JP;US;WO,False
42236787,AU-2010224125-B2,Cytarabine,Combinations of phosphoinositide 3-kinase inhibitor compounds and chemotherapeutic agents for the treatment of hematopoietic malignancies,AU;BR;CA;CN;EP;HK;IL;IN;JP;KR;MX;US;WO,False
40134932,US-20150111832-A1,Cytarabine,PHARMACEUTICAL COMBINATION FOR THE TREATMENT AND/OR CHEMOSENSIBILIZATION OF REFRACTORY TUMORS TO ANTICANCER DRUGS,US,False
44648399,WO-2011113173-A1,Cytarabine,CYTARABINE PRODRUG DERIVATIVES AND USE FOR RESISTING CANCER OR TUMOR THEREOF,WO,False
88511273,WO-2025078334-A1,Cytarabine,COMBINATION OF PAK1 INHIBITORS AND CLK INHIBITORS FOR PREVENTING RESISTANCE TO CHEMOTHERAPY IN PATIENTS SUFFERING FROM ACUTE MYELOID LEUKEMIA,WO,False
37396423,US-7700709-B2,Cytarabine,Polymeric derivative of cytidine metabolic antagonist,AU;BR;CA;CN;DE;EP;ES;JP;KR;RU;TW;US;WO,True
65001187,US-20200147117-A1,Cytarabine,COMBINATION CANCER THERAPY,US,False
58289836,CA-2998472-A1,Cytarabine,METHODS AND PANELS OF COMPOUNDS FOR CHARACTERIZATION OF GLIOBLASTOMA MULTIFORME TUMORS AND CANCER STEM CELLS THEREOF,CA;EP;US;WO,False
23106810,EP-1535624-A1,Cytarabine,Chronic myeloid leukemia (cml) therapy,AR;AT;AU;BR;CA;CN;CO;DE;DK;EP;ES;HK;HU;JP;MX;MY;NO;NZ;PE;PT;TW;WO;ZA,True
94216387,WO-2025015263-A2,Cytarabine,TREATING MYELOID DISORDERS,EP;WO,False
39321549,EP-2131866-B1,Cytarabine,DUAL ACTING PRODRUGS,AU;CA;EP;ES;JP;US;WO,True
44648401,WO-2011113175-A1,Cytarabine,CYTARABINE PRODRUG DERIVATIVES AND USE FOR RESISTING CANCER OR TUMOR THEREOF,WO,False
34215662,US-20090281196-A1,Cytarabine,1-ADAMANTYL CHALCONES FOR THE TREATMENT OF PROLIFERATIVE DISORDERS,US,False
44368483,EP-2533781-B1,Cytarabine,METHOD FOR TREATING HEMATOLOGICAL CANCERS OF MYELOID ORIGIN,AU;CN;EP;KR;US;WO,False
95562743,US-20250145573-A1,Cytarabine,"COMPOSITION FOR PREVENTING, ALLEVIATING OR TREATING CANCER",US,False
46046358,US-20120288506-A1,Cytarabine,C-KIT ANTIBODIES AND USES THEREOF,AR;AU;BR;CA;CN;EA;EP;IN;JP;KR;MX;TW;US;WO,False
39386468,EP-2089024-B1,Cytarabine,COMBINATION OF IAP INHIBITORS AND FLT3 INHIBITORS,AT;AU;BR;CA;CN;CO;EC;EP;ES;GT;HK;IL;IN;JP;KR;MA;MX;MY;NO;PL;PT;RU;TN;US;WO,True
56711032,KR-20160092548-A,Cytarabine,"Cell Line With Resistance To Hypomethylation Agents, And Uses Thereof",KR,False
42651200,CA-2758300-C,Cytarabine,CHECKPOINT KINASE 1 INHIBITORS FOR POTENTIATING DNA DAMAGING AGENTS,AU;BR;CA;CN;EP;ES;HK;IL;IN;JP;KR;MX;NZ;RU;SG;WO;ZA,True
66770572,US-20190351031-A1,Cytarabine,METHODS OF SELECTING SUBJECTS FOR COMBINATION CANCER THERAPY WITH A POLYMER-CONJUGATED SOLUBLE PH20,US;WO,False
27613531,US-20050148521-A1,Cytarabine,Anti-cancer combination and use thereof,US,False
55399998,US-10231999-B2,Cytarabine,Process for preparing cholinergic neurons,KR;US;WO,False
39674697,US-20120028831-A1,Cytarabine,MiR-29-BASED METHODS FOR THE DIAGNOSIS AND PROGNOSIS OF ACUTE MYELOID LEUKEMIA (AML),AU;CA;CN;EP;JP;US;WO,False
80247373,CA-3189137-A1,Cytarabine,METHODS AND COMPOSITIONS FOR STIMULATING GAMMA DELTA T CELLS,AU;BR;CA;CN;EP;HK;ID;IL;IN;JP;KR;MX;RU;US;WO,False
89983226,WO-2024155719-A4,Cytarabine,"CRYSTALLINE FORMS OF N-[4-[4-(4-MORPHOLINYL)-7H-PYRROLO[2,3-D]PYRIMIDIN-6-YL]PHENYL]-4-[[3(R)-[(L-OXO-2-PROPEN-L-YL)AMINO]-L-PIPERIDINYL]METHYL]-2- PYRIDINECARBOXAMIDE AS A COVALENTINHIBITOR OF MENIN-MLL INTERACTION",AR;TW;US;WO,False
79688557,US-20250232860-A1,Cytarabine,SMART DOSING FOR CANCER THERAPY,US,False
71614576,WO-2020150412-A1,Cytarabine,PREPARING LIPOSOMES WITH HIGH DRUG LOADING CAPACITY AND THE USE THEREOF,US;WO,False
10852508,EP-1323423-A1,Cytarabine,Combined preparations comprising anthracycline derivatives,AR;AT;AU;CN;DE;DK;EP;ES;GB;HK;JP;MY;PT;SI;TW;US;WO,True
45469658,EP-2593087-A1,Cytarabine,PARENTERAL FORMULATIONS OF ELACYTARABINE DERIVATIVES,AU;CA;CN;EP;IN;JP;KR;RU;TW;US;WO,False
50977456,AU-2022275518-B2,Cytarabine,Treatment of CD47+ disease cells with SIRP alpha-Fc fusions,AU;CA;CN;CY;DK;EP;ES;HK;HR;HU;IN;JP;LT;ME;PL;PT;RS;SI;SM;US;WO,True
22737212,AU-2001259142-C1,Cytarabine,Intrathecal administration of rituximab for treatment of central nervous system lymphomas,AU;BR;CA;CN;EP;HK;JP;KR;MX;US;WO;ZA,False
61692059,US-11717512-B2,Cytarabine,Methods of use for trisubstituted benzotriazole derivatives,AU;BR;CA;CN;EP;ES;HK;JP;KR;MA;MO;MX;TW;US;WO,True
69006090,US-11952353-B2,Cytarabine,STAT3 transcription factor inhibitors and methods of using the same,EP;US;WO,False
48050937,CA-2986512-A1,Cytarabine,COMBINATION THERAPY WITH AN ANTI-HYALURONAN AGENT AND A TUMOR-TARGETED TAXANE,AU;BR;CA;CN;CY;DK;EA;EP;ES;HK;HR;HU;ID;IL;IN;JP;KR;LT;MX;NZ;PL;PT;RS;SG;SI;SM;TR;US;VN;WO;ZA,True
70284155,WO-2020081329-A1,Cytarabine,METHODS AND COMPOSITIONS FOR MODULATING PCSK9 AND ANGPTL3 EXPRESSION,CA;CN;EP;JP;US;WO,False
67139367,US-20190211063-A1,Cytarabine,PORE-FORMING PEPTIDES AND USES THEREOF,US,False
26669618,US-6251870-B1,Cytarabine,Pharmaceutical composition for inhibiting growth of cancers,US,False
75846530,US-20210139958-A1,Cytarabine,"ENGINEERED GYRI-LIKE MUTEIN APTAMERS, AND RELATED METHODS",CN;EP;JP;KR;US;WO,False
85704258,MX-395217-B,Cytarabine,PHARMACEUTICAL COMPOSITION OF SODIUM CASEINATE AND ANTINEOPLASTICS FOR TREATING CANCER,MX,False
42934581,US-20100260868-A1,Cytarabine,METHOD OF TREATMENT USING CHECKPOINT KINASE 1 INHIBITORS,US,False
61832177,EP-3523276-A1,Cytarabine,AZIRIDINYL AND AMINO DIMERIC NAPHTHOQUINONE COMPOUNDS AND USE FOR ACUTE MYELOID LEUKEMIA,CA;EP;US;WO,False
70284396,EP-3926047-A1,Cytarabine,"NUCLEIC ACID NANO-CARRIER DRUG, PREPARATION METHOD THEREFOR, AND PHARMACEUTICAL COMPOSITION AND APPLICATION THEREOF",EP;US;WO,False
50238328,WO-2015124691-A1,Cytarabine,NEW BIOMARKERS FOR ACUTE MYELOID LEUKEMIA,WO,False
47557608,EP-2731614-A1,Cytarabine,COMBINATION TREATMENT FOR CANCER,CA;EP;US;WO,False
66993985,EP-3730504-C0,Cytarabine,CYTARABINE PRODRUG NUCLEOSIDE CYCLIC PHOSPHATE COMPOUND BASED ON LIVER-SPECIFIC DELIVERY AND USE,CN;EP;ES;JP;TW;US;WO,True
59206013,EA-033181-B1,Cytarabine,"STABLE DOSAGE FORM OF ETIDRONATE-CYTARABINE CONJUGATE, AND USE THEREOF",EA,False
37650635,WO-2007038579-A1,Cytarabine,BAX EXPRESSION PREDICTS HEMATOLOGIC DISEASE RESPONSE TO TREATMENT,WO,False
33476508,US-20070274947-A1,Cytarabine,Antisense Oligonucleotides Directed to Ribonucleotide Reductase R1 and Uses Thereof in the Treatment of Cancer,CA;EP;US;WO,False
61196808,US-20190175684-A1,Cytarabine,MALIGNANT TUMOR TARGET PEPTIDE,AU;BR;CA;CN;EP;ES;ID;IL;IN;JP;KR;MX;PH;PL;PT;RU;TH;US;WO;ZA,True
73458380,EP-3973963-A1,Cytarabine,QUINOLINE DERIVATIVES FOR TREATMENT OF HEAD AND NECK CANCER,AU;CA;CN;EP;US;WO,False
53774368,HK-1225617-A1,Cytarabine,4’-DIFLUOROMETHYL SUBSTITUTED NUCLEOSIDE DERIVATIVES AS INHIBITORS OF INFLUENZA RNA REPLICATION,AR;AU;CA;CL;CN;CR;EA;EP;HK;ID;IL;IN;JP;KR;MA;MX;MY;NZ;PE;PH;SG;TW;US;VN;WO;ZA,False
27403794,US-7132458-B2,Cytarabine,"Oxidized carotenoid fractions and ketoaldehyde useful as cell-differentiation inducers, cytostatic agents, and anti-tumor agents",US,False
74040097,US-20220257515-A1,Cytarabine,Drug delivery methods and compositions,EP;IN;US;WO,False
80685538,US-20220249534-A1,Cytarabine,METHOD OF TREATING CANCER WITH NUCLEOTIDE THERAPEUTICS,US;WO,False
64998912,US-11702692-B2,Cytarabine,Method of treatment of disease and method for quantifying the level of minimal residual disease in a subject,US,False
49552786,US-20160208339-A1,Cytarabine,BIOMARKERS CORRELATED TO PARP INHIBITOR TREATMENT SUCCESS IN AML PATIENTS,EP;GB;US;WO,False
53057653,EP-3068406-B1,Cytarabine,MUTUAL PRODRUG COMPRISING SHORT CHAIN FATTY ACIDS AND ZEBULARINE OR 1&apos;-CYANO-CYTARABINE FOR CANCER TREATMENT,AU;BR;CA;CN;DK;EP;ES;HU;IN;JP;KR;MX;PL;US;WO,True
38846679,AU-2007234621-B2,Cytarabine,Use of immunoregulatory antibodies in the treatment of neoplastic disorders,AU;CA;CN;EP;HK;JP;NO;US;WO,False
48695305,US-20200023083-A1,Cytarabine,METHODS AND COMPOSITIONS FOR DELIVERING ACTIVE AGENTS WITH ENHANCED PHARMACOLOGICAL PROPERTIES,US,False
60805973,US-20180092963-A1,Cytarabine,MESALAMINE FOR THE TREATMENT OF CANCER,IN;US,False
81588069,US-11980636-B2,Cytarabine,Treatment of hematological disorders,US,False
43925842,US-20170184597-A1,Cytarabine,"METHODS FOR DIAGNOSIS, PROGNOSIS AND METHODS OF TREATMENT",US,False
38024274,US-20120294851-A1,Cytarabine,Cancer Therapies and Pharmaceutical Compositions Used Therein,CA;EP;ES;JP;US;WO,True
48799818,HK-1204447-A1,Cytarabine,PHORBOL ESTER COMPOUNDS FOR USE IN THE TREATMENT OF NEOPLASTIC DISEASES,AU;BR;CA;CN;EP;HK;ID;IL;IN;JP;KR;MX;MY;NZ;PH;RU;SG;TW;US;WO;ZA,False
55456933,AU-2016220103-A1,Cytarabine,Compositions and methods for nanoparticle-based drug delivery and imaging,AU;CA;EP;US;WO,False
40342013,WO-2009021034-A2,Cytarabine,METHODS OF TREATING B-CELL CANCERS,US;WO,False
55400378,US-20180221382-A1,Cytarabine,INHIBITION OF MK2 IN THE TREATMENT OF CANCER,US;WO,False
59273281,AU-2017205749-A1,Cytarabine,"Use of quinoline derivatives for treating oesophageal cancer and treatment method, pharmaceutical composition and kit thereof",AU;CA;CN;EP;ES;HK;JP;KR;RU;US;WO,True
32682047,WO-2004056371-A1,Cytarabine,USE OF AGLYCON PROTOPANAXATRIOL IN CANCER THERAPY,AU;WO,False
50475514,US-20140105956-A1,Cytarabine,BIODEGRADABLE POLYMER BASED MICROIMPLANT FOR OCULAR DRUG DELIVERY,US,False
48014274,US-10258579-B2,Cytarabine,Process for the preparation of polysaccharide nanoparticles,AU;BR;CA;CN;EP;ES;IL;IN;JP;MX;PL;RU;US;WO,True
22870825,CA-2421751-C,Cytarabine,MUC1 EXTRACELLULAR DOMAIN AND CANCER TREATMENT COMPOSITIONS AND METHODS DERIVED THEREFROM,AT;AU;CA;CN;DE;EP;JP;KR;US;WO,False
25546011,CA-2468314-C,Cytarabine,THE USE OF WATER-SOLUBLE LAMARIN IN THE TREATMENT OF CANCER,AT;AU;CA;CN;DE;EP;JP;KR;RU;US;WO,False
85322007,US-20230098628-A1,Cytarabine,"COMPOSITION FOR PREVENTING, ALLEVIATING OR TREATING CANCER",US;WO,False
48082500,US-10285986-B2,Cytarabine,Compounds and anti-tumor NQO1 substrates,CA;DK;EP;ES;HU;PL;PT;TR;US;WO,True
57758158,NZ-738934-A,Cytarabine,Formulations for improving the efficacy of hydrophobic drugs,AU;CA;CN;DK;EA;EP;HK;IL;IN;JP;KR;MX;NZ;US;WO,False
67907532,AU-2019235652-B2,Cytarabine,Bispecific antibodies to MOSPD2 and T cell- or NK cell-specific molecules,AU;CA;CN;EP;IL;JP;KR;US;WO,False
68170741,RU-2702657-C1,Cytarabine,METHOD FOR PREDICTION OF CLINICAL EFFECTIVENESS IN THE PATIENTS WITH ACUTE MYELOBLASTIC LEUKEMIAS WITH ANTI-TUMOR PREPARATIONS DAUNORUBICIN AND CYTOSINE-ARABINOSIDE,RU,False
52141768,EP-3015137-B1,Cytarabine,ANTICANCER AGENT DECOMPOSITION METHOD AND ANTICANCER AGENT DECOMPOSITION DEVICE,CN;EP;IL;IN;JP;KR;US;WO,False
54241436,AU-2020217403-A1,Cytarabine,Targeted polymerized nanoparticles for cancer treatment,AU;CA;EP;JP;US;WO,False
37824910,AU-2007207074-B8,Cytarabine,Isolated organ perfusion combination therapy of cancer,AU;BR;CA;CN;EA;EP;IN;JP;KR;US;WO;ZA,False
87563639,US-20250108137-A1,Cytarabine,APTAMERS SPECIFIC TO EBV-ASSOCIATED MALIGNANCIES AND THEIR APPLICATIONS IN CANCER IMAGING AND THERAPIES,CN;EP;HK;US;WO,False
85321379,US-12280095-B2,Cytarabine,Tissue modifier and uses therefor,AU;EP;US;WO,False
27772362,WO-2005012327-A3,Cytarabine,NUCLEOTIDE PHOSPHORAMIDATES AS ANTICANCER AGENTS,AU;CA;CY;DK;EP;ES;FI;FR;GB;HK;HU;JP;MX;NO;NZ;PL;PT;SI;TR;US;WO,True
67841280,US-20230050440-A1,Cytarabine,Anti-TIGIT Antibodies,AR;AU;BR;CA;CN;EA;EP;HK;IL;IN;JP;KR;MA;MX;SG;TW;US;WO,False
81852769,EP-4623930-A2,Cytarabine,METHODS FOR IDENTIFYING LILRB-BLOCKING ANTIBODIES,CN;EP;HK;US;WO,False
52393859,US-11135201-B2,Cytarabine,Compositions to improve the therapeutic benefit of bisantrene and analogs and derivatives thereof,AU;CA;CN;EP;KR;US;WO,False
31978574,NZ-539163-A,Cytarabine,"Pyrazolo[1,5-a]pyrimidine compounds useful as cyclin dependent kinase (CDK) inhibitors",AR;AU;CA;CN;EP;HK;JP;KR;MX;MY;NZ;PE;TW;US;WO;ZA,False
91667578,US-20240216548-A1,Cytarabine,METHOD FOR PREPARING THERAGNOSTIC CARBON QUANTUM-DOT NANOMEDICINES FOR TARGETED DRUG DELIVERY TO ACUTE-MYELOID LEUKEMIA,US,False
42060409,AU-2009296456-A1,Cytarabine,Use of pituitary adenylate cyclase-activating polypeptide (PACAP) and PACAP analogs as adjunctive treatments with anticancer agents,AU;CA;CN;EP;JP;US;WO,False
49261299,AU-2017265013-A1,Cytarabine,METHODS AND COMPOSITIONS FOR THE PREVENTION AND TREATMENT NEUROPATHY,AU;CA;CN;DK;EP;HK;JP;US;WO,False
22595715,WO-2001034133-A2,Cytarabine,ONCOLYTIC COMBINATIONS FOR THE TREATMENT OF CANCER,AU;WO,False
42242870,US-8507505-B2,Cytarabine,Dihydropyrazolopyrimidinone derivative,AU;CA;EP;JP;US;WO,False
47046323,EP-2716291-B1,Cytarabine,Combination of opioids and anticancer drugs for cancer treatment,BR;CA;CN;DK;EP;ES;IN;JP;PL;PT;RU;US;WO,True
57147418,US-20160312261-A1,Cytarabine,ENZYMATIC PRODUCTION OF CYTOSINIC NUCLEOSIDE ANALOGUES,US,False
87935767,WO-2023172669-A2,Cytarabine,COMBINATION THERAPIES FOR MODULATION OF LIPID PRODUCTION,CN;EP;US;WO,False
75688292,US-20210128725-A1,Cytarabine,CYTOTOXIC LIPID PARTICLES TARGETED TO TUMOR-ASSOCIATED MYELOID CELLS (TAMCS) AND SYNERGIZED WITH RADIATION THERAPY FOR TREATING GLIOBLASTOMA,US;WO,False
33551934,WO-2005000318-A2,Cytarabine,METHOD OF INDUCING APOPTOSIS AND INHIBITING CARDIOLIPIN SYNTHESIS,US;WO,False
39831304,CA-2683643-A1,Cytarabine,IMAGING AND THERAPY OF VIRUS-ASSOCIATED TUMORS,CA;CN;EP;HK;JP;US;WO,False
56290402,CA-2478111-C,Cytarabine,"A CYTOCAPACITY TEST FOR THE PREDICTION OF THE HEMATOPOIETIC RECOVERY, NEUTROPENIC FEVER, AND ANTIMICROBIAL TREATMENT FOLLOWING HIGH-DOSE CYTOTOXIC CHEMOTHERAPY",AT;AU;CA;CN;DE;EP;ES;IL;JP;US;WO,True
69159861,AU-2023200038-A1,Cytarabine,COMBINATIONS OF A HDM2-P53 INTERACTION INHIBITOR AND A BCL2 INHIBITOR AND THEIR USE FOR TREATING CANCER,AU;CA;CN;EP;ES;HK;IL;JP;KR;MX;RU;TW;US;WO,True
22837639,CA-2418014-C,Cytarabine,IMMUNOTHERAPY FOR CHRONIC MYELOCYTIC LEUKEMIA,AT;AU;CA;CN;DE;DK;EP;IN;JP;US;WO,False
43244801,US-20130197087-A1,Cytarabine,COMPOSITION COMPRISING A COMBINATION OF DHA AND EPA FOR ADMINISTRATION PRIOR TO COMMENCEMENT OF CHEMOTHERAPY,CN;DK;EP;ES;HK;HR;LT;NO;PL;PT;TR;US;WO,True
95980430,WO-2025122699-A1,Cytarabine,CDC7 INHIBITOR COMBINATIONAL THERAPY,AU;CA;KR;MY;TW;WO,False
11406961,EP-1214397-B1,Cytarabine,METHOD FOR THE SELECTIVE PROTECTION OF PROLIFERATING NORMAL CELLS AND THE SELECTIVE ERADICATION OF TUMOR CELLS HAVING AN INACTIVE P53 PATHWAY,AT;AU;CA;DE;EP;ES;IT;WO,True
82930948,EP-4295848-A1,Cytarabine,COMPOSITION FOR TREATMENT OF ANTICANCER DRUG RESISTANCE,EP;KR;US;WO,False
45217677,EP-2640386-A1,Cytarabine,COMBINATION OF CHECKPOINT KINASE 1 INHIBITORS AND WEE 1 KINASE INHIBITORS,BR;CA;CN;EP;ES;HK;IN;JP;KR;MX;RU;TW;US;WO,True
49261086,CA-2868431-A1,Cytarabine,METHODS FOR TREATING NEOPLASIA,AU;CA;CN;EP;JP;KR;US;WO,False
56919925,WO-2016149682-A3,Cytarabine,COMPOSITIONS AND METHODS FOR TARGETING CD99 IN HAEMATOPOIETIC AND LYMPHOID MALIGNANCIES,AU;BR;CA;CN;EP;IN;JP;KR;MX;WO,False
62839525,WO-2018132766-A1,Cytarabine,CYTOTOXIC CHEMOTHERAPY-BASED PREDICTIVE ASSAYS FOR ACUTE MYELOID LEUKEMIA,US;WO,False
70611150,AU-2019377109-A1,Cytarabine,Compositions and methods for treating cancer,AU;CA;CN;EP;IL;JP;KR;SG;US;WO,False
69740564,US-20200237872-A1,Cytarabine,"METHODS OF ENHANCING PROTECTION AGAINST ORGAN AND VASCULAR INJURY, HEMATOPOIETIC RECOVERY AND SURVIVAL IN RESPONSE TO TOTAL BODY RADIATION/CHEMICAL EXPOSURE",AU;CA;CN;EP;IL;JP;KR;MA;MX;US;WO,False
29584377,EP-1982720-A1,Cytarabine,Ribaviren for use to treat cancer,AT;AU;CA;DE;EP;ES;US;WO,True
101098066,IL-147416-A,Cytarabine,COMBINED MODALITIES FOR IMPROVED CANCER TREATMENT,AU;CA;EP;IL;JP;US;WO,False
62555059,WO-2018220224-A1,Cytarabine,LIPID-RELATED ANTIGENS AND ANTIBODIES DIRECTED AGAINST THEM,WO,False
55459656,US-10265374-B2,Cytarabine,Occidiofungin formations and uses thereof,EP;US;WO,False
47009717,US-20140171492-A1,Cytarabine,CHIMERIC RNA OLIGONUCLEOTIDES AND USES THEREOF,US;WO,False
88792610,EP-4525870-A1,Cytarabine,"METHODS OF TREATING CUSHING&apos;S SYNDROME AND LIVER DISORDERS, AND OF REDUCING LIVER TOXICITY OF OTHER DRUGS ADMINISTERED TO A PATIENT",AU;CA;CN;EP;HK;IL;JP;KR;MX;US;WO,False
77199417,US-20230068663-A1,Cytarabine,NOVEL LILRB2 ANTIBODIES AND USES THEREOF,AU;BR;CA;CN;EP;HK;IN;JP;KR;US;WO,False
74228345,US-20220142979-A1,Cytarabine,PHARMACEUTICAL COMPOSITION OF MDM2 INHIBITOR AND USE THEREOF FOR PREVENTING AND/OR TREATING DISEASE,AU;CN;EP;JP;TW;US;WO,False
65440133,US-11426385-B2,Cytarabine,Methods of improving cancer chemotherapy,US;WO,False
59790842,EP-3426804-A1,Cytarabine,COMPOSITIONS AND METHODS FOR TREATING CHEMOTHERAPY RESISTANT CANCER,EP;US;WO,False
79553361,AU-2021304691-A1,Cytarabine,Anti-cancer activity of perborate salts,AR;AU;CA;CN;EA;EP;ES;ID;IL;IN;IR;JP;KR;MX;PH;PL;US;VN;WO,True
99636338,US-20230101121-A1,Cytarabine,TREATING PATIENTS HARBORING AN ISOCITRATE DEHYDROGENASE-1 (IDH-1) MUTATION,US,False
51894920,US-20140339088-A1,Cytarabine,DIELECTROPHORESIS METHODS FOR DETERMINING A PROPERTY OF A PLURALITY OF CANCER CELLS,US,False
49765902,EP-2883959-A1,Cytarabine,Enzymatic production of cytosinic nucleoside analogues,EP,False
81458193,US-20230404933-A1,Cytarabine,NON-CATIONIC SOFT POLYPHENOL NANOCAPSULES FOR EFFECTIVE SYSTEMIC DELIVERY OF SMALL INTERFERING RNA (siRNA) FOR CANCER TREATMENT,CA;EP;KR;US;WO,False
39766258,WO-2008115499-A1,Cytarabine,MANNICH BASE N-OXIDE DRUGS,CA;CN;EP;HK;IL;JP;US;WO,False
83546373,US-20250082644-A1,Cytarabine,COMBINATION THERAPIES FOR THE TREATMENT OF CANCER,AU;BR;CA;CN;EA;EP;HK;IL;JP;KR;MX;MY;PH;US;WO,False
42665571,US-20120134955-A1,Cytarabine,PYRIMIDOPYRIMIDOINDAZOLE DERIVATIVE,AU;CA;EP;JP;US;WO,False
40378935,US-8999326-B2,Cytarabine,Oncotherapeutic application of inhibitors of high-affinity glucose transporters,US;WO,False
37187695,US-8173840-B2,Cytarabine,Compounds with high therapeutic index,IN;US;WO,False
65024148,US-10933061-B2,Cytarabine,Pyrvinium pamoate therapies and methods of use,US;WO,False
68696434,WO-2020109251-A9,Cytarabine,DOSAGE REGIME,WO,False
62636211,EP-3638373-A1,Cytarabine,DOSAGE REGIMES FOR THE ADMINISTRATION OF AN ANTI-CD19 ADC,AU;BR;CA;EA;EP;ES;HK;JP;KR;MX;NZ;PL;UA;US;WO;ZA,True
29227137,US-20070259889-A1,Cytarabine,Protein Binding Compounds,EP;GB;US;WO,False
52779119,US-20190145960-A1,Cytarabine,"COMPOSITIONS, SYSTEMS AND METHODS FOR GENE EXPRESSION NOISE DRUG SCREENING AND USES THEREOF",EP;US;WO,False
34590280,US-20050100529-A1,Cytarabine,Methods of using and compositions comprising immunomodulatory compounds for the treatment and management of asbestos-related diseases and disorders,AU;BR;CA;CN;EP;HK;IL;JP;KR;MX;US;WO;ZA,False
34885947,EP-1718338-B1,Cytarabine,COMPOSITIONS AND METHODS FOR TARGETED IN VITRO AND IN VIVO DRUG DELIVERY TO MAMMALIAN CELLS VIA BACTERIALLY DERIVED INTACT MINICELLS,AU;CA;CN;CY;DK;EP;ES;HK;HR;HU;IN;JP;ME;NZ;PL;PT;RS;SG;SI;US;WO,True
32605342,EP-1592449-B1,Cytarabine,SENSITIZING CELLS FOR APOPTOSIS BY SELECTIVELY BLOCKING CYTOKINES,AT;AU;CA;DE;DK;EP;ES;JP;US;WO,True
43062454,US-9101559-B2,Cytarabine,Leukemic cell CNS infiltration controlled by notch-induced chemotaxis,US,False
57504837,US-20170172915-A1,Cytarabine,COMPOSITIONS AND METHODS FOR TREATING PTERYGIUM,AU;BR;CA;CN;EP;ES;HK;IN;JP;KR;MX;TW;US;WO,True
37876933,CA-2624902-A1,Cytarabine,NOVEL PYRAZOLOPYRIMIDINES AS CYCLIN DEPENDENT KINASE INHIBITORS,AR;CA;CN;JP;TW;US;WO,False
86773536,WO-2023114877-A1,Cytarabine,"TRIPLE THERAPY COMBINATIONS OF BCL-2 INHIBITORS, WEE-1 INHIBITORS AND OTHER CHEMOTHERAPEUTIC AGENTS",CN;EP;JP;US;WO,False
22884304,US-20020077291-A1,Cytarabine,Method of treatment of tumors using transforming growth factor-alpha,AU;US;WO,False
83059305,AU-2023313328-A1,Cytarabine,CANCER COMBINATION THERAPY INCLUDING A BCL-2 INHIBITOR,AU;CA;CN;EA;EP;IL;JP;KR;MX;US;WO;ZA,False
39272127,CA-2670741-C,Cytarabine,COMBINATION OF AN HDAC INHIBITOR AND AN ANTIMETABOLITE,AR;AU;BR;CA;CL;CN;EC;EP;ES;GC;GT;HK;IL;IN;JP;KR;MA;MX;MY;NO;PE;PL;RU;TN;TW;US;WO;ZA,True
38476939,US-20090253667-A1,Cytarabine,"18 ,21-Didesoxymacbecin Derivatives for the Treatment of Cancer",AU;BR;CA;CN;EP;IN;JP;KR;MX;US;WO,False
39184341,US-20070117784-A1,Cytarabine,Treatment of hyperproliferative diseases with anthraquinones,US;WO,False
37635750,US-20100278804-A1,Cytarabine,Methods And Formulations For Modulating Lyn Kinase Activity And Treating Related Disorders,AT;AU;BR;CA;CN;EP;HK;IL;JP;KR;NZ;US;WO,False
36203712,EP-1802776-B1,Cytarabine,METHOD FOR TAILORING ADMINISTRATION OF DRUGS BY QUANTITATION OF MRNA,CN;EP;JP;US;WO,False
25347526,US-20050032738-A1,Cytarabine,Method of treating cancer by conjunctive therapy with 2&apos;-haloemethylidene derivatives and a S-phase or M-phase specific antineoplastic agent,US,False
27736927,US-6890904-B1,Cytarabine,Anti-tumor agents,AU;CA;EP;HK;JP;US;WO,False
57586907,US-20160368980-A1,Cytarabine,INHIBITION OF GRANULOCYTE COLONY STIMULATING FACTOR IN THE TREATMENT OF CANCER,US,False
57139675,CA-2888429-A1,Cytarabine,ENZYMATIC PRODUCTION OF CYTOSINIC NUCLEOSIDE ANALOGUES,CA,False
56128217,US-9918972-B2,Cytarabine,Treatment of leukemia with artemisinin derivatives and combinations with other antineoplastic agents,US,False
82259875,WO-2022144780-A1,Cytarabine,"SULFONAMIDE DERIVATIVES, COMPOSITIONS COMPRISING SAME AND USES THEREOF IN THE TREATMENT OF CANCERS",JP;WO,False
80846907,EP-4217467-A1,Cytarabine,RAFT CULTURES AND METHODS OF MAKING THEREOF,CA;CN;EP;HK;JP;US;WO,False
38657769,EP-2142493-B1,Cytarabine,ISO CA-4 AND ANALOGUES THEREOF AS POTENT CYTOTOXIC AGENTS INHIBITING TUBULINE POLYMERISATION,EP;FR;US;WO,False
55955264,CA-2967363-C,Cytarabine,ENHANCEMENT OF TUMOR RESPONSE TO CHEMOTHERAPY BY ACTIVATION OF THE ASMASE/CERAMIDE PATHWAY THROUGH TIMED ADMINISTRATION OF A SHORT-ACTING ANTI-ANGIOGENIC AGENT,AU;CA;EP;ES;HK;JP;KR;US;WO,True
86397790,WO-2023091964-A2,Cytarabine,COMPOSITIONS AND METHODS FOR THE INHIBITION OF TUMOR METASTASIS AND HORIZONTAL GENE TRANSFER,WO,False
93520224,WO-2024238821-A3,Cytarabine,"COMBINATIONS OF ARTEMISININS, BCL-2 INHIBITORS, AND KINASE INHIBITORS FOR CANCER TREATMENT",WO,False
68917824,US-20230037414-A1,Cytarabine,INHIBITORS OF ADRENOMEDULLIN FOR THE TREATMENT OF ACUTE MYELOID LEUKEMIA BY ERADICATING LEUKEMIC STEM CELLS,EP;JP;US;WO,False
39276207,EP-2235022-B1,Cytarabine,DIMERIC DERIVATIVES OF ARTEMISININ AND APPLICATION IN ANTICANCER THERAPY,AR;EP;FR;JP;TW;US;WO,False
75478296,CA-3172669-A1,Cytarabine,COMBINATION THERAPY WITH A MUTANT IDH INHIBITOR,AU;BR;CA;CN;EP;ES;HK;IL;JP;KR;MX;MY;US;WO,True
9894287,EP-1299110-B1,Cytarabine,COMBINED THERAPY AGAINST TUMORS COMPRISING SUBSTITUTED ACRYLOYL DISTAMYCIN DERIVATIVES AND ANTIMETABOLITES,AT;AU;BR;CA;CN;CZ;DE;EA;EE;EP;ES;GB;HK;HU;ID;IL;IN;JP;KR;MX;NO;NZ;PL;SK;US;WO;ZA,True
52625852,US-10792371-B2,Cytarabine,c-Met targeting compound-bioactive material conjugate and use thereof,KR;US,False
42799856,US-8679488-B2,Cytarabine,Targeting of bone marrow neovasculature,CA;EP;ES;HK;US;WO,True
56614965,US-10016365-B2,Cytarabine,Compositions and methods of tumor treatment utilizing nanoparticles,AU;CA;CN;EP;HK;IN;JP;KR;MY;PH;SG;TW;US;VN;WO,False
52105267,WO-2014205179-A1,Cytarabine,RIBONUCLEOTIDE REDUCTASE INHIBITORS SENSITIZE TUMOR CELLS TO DNA DAMAGING AGENTS,US;WO,False
57006330,CA-2981494-C,Cytarabine,NITROBENZYL DERIVATIVES OF ANTI-CANCER AGENTS,AU;BR;CA;CN;EP;HK;IL;IN;JP;KR;MO;MY;SG;TW;US;WO,False
85322003,WO-2023027995-A1,Cytarabine,"COMPOSITION AND METHODS FOR PREVENTING, ALLEVIATING OR TREATING CANCER",US;WO,False
97178007,US-20250302975-A1,Cytarabine,METHODS AND COMPOSITIONS FOR AGONISING TLR3,US,False
38067788,WO-2007061874-A2,Cytarabine,METHODS AND COMPOSITIONS FOR USE IN TREATING CANCER,US;WO,False
36036926,WO-2006029081-A3,Cytarabine,"NUCLEOSIDE-LIPID CONJUGATES, THEIR METHOD OF PREPARATION AND USES THEREOF",WO,False
38217638,WO-2007073583-A1,Cytarabine,A METHOD OF TREATMENT AND AGENTS USEFUL FOR SAME,AU;WO,False
67003362,WO-2020239947-A1,Cytarabine,PROGNOSIS METHOD OF LEUKEMIA,WO,False
30116004,US-7038071-B2,Cytarabine,Platinum compounds,AU;TW;US;WO,False
44862960,CA-2814097-A1,Cytarabine,COMPOSITION FOR TREATING CANCER BY THE CONTROLLED RELEASE OF AN ACTIVE SUBSTANCE,CA;DE;EP;JP;US;WO,False
33135116,EP-2671581-B1,Cytarabine,Compositions and methods for treating cancer,AU;CA;CN;EP;ES;HK;IL;IN;JP;KR;MX;NO;NZ;US;WO;ZA,True
34549246,EP-1680073-B1,Cytarabine,COMPOUNDS AND METHOD FOR TREATING CANCER,CA;EP;JP;WO,False
32908405,EP-1587550-A2,Cytarabine,METHODS AND COMPOSITIONS FOR ADMINISTERING THERAPEUTIC AND DIAGNOSTIC AGENTS,AT;AU;CA;CN;EP;IL;JP;KR;MX;US;WO,False
34916185,WO-2005082354-A1,Cytarabine,BETA-LAPACHONE AND S-PHASE DRUG COMBINATIONS FOR CANCER TREATMENT,CA;EP;JP;WO,False
39238269,CA-2668210-C,Cytarabine,ANILINOPIPERAZINE DERIVATIVES AND METHODS OF USE THEREOF,AR;AU;CA;CN;EP;HK;IL;JP;KR;MX;MY;TW;US;WO,False
89847206,US-20240050435-A1,Cytarabine,METHODS FOR TREATING CANCER,US,False
68583463,WO-2020053665-A2,Cytarabine,NON-AQUEOUS CHEMOTHERAPEUTIC SUSPENSIONS FOR ORAL DOSAGE,CN;EP;IN;US;WO,False
38049232,US-20070185069-A1,Cytarabine,Anti-angiogenic activity of 2-methoxyestradiol in combination with anti-cancer agents,US;WO,False
39304838,US-9364517-B2,Cytarabine,Method of treatment of lymphoma with pegylated IL-10,AU;BR;CA;CN;EP;ES;HK;JP;MX;NO;NZ;US;WO,True
48984745,US-20150010643-A1,Cytarabine,"METHODS, PHARMACEUTICAL COMPOSITIONS, THERAPEUTIC SYSTEMS, AND COMPOUNDS FOR TREATING B CELL MALIGNANCIES",US;WO,False
54055768,EP-3126398-B1,Cytarabine,BI-SPECIFIC ANTIBODIES AND USES THEREOF,CN;EP;IL;JP;KR;SG;TW;US;WO,False
32030794,EP-1539756-B1,Cytarabine,IMIDAZOPYRIDINES AS CYCLIN DEPENDENT KINASE INHIBITORS,AR;AT;AU;CA;CN;DE;EP;ES;HK;IL;JP;KR;MX;MY;NZ;TW;US;WO;ZA,True
39009616,CA-2673040-C,Cytarabine,USE OF TRI-SUBSTITUTED GLYCEROL COMPOUNDS FOR THE TREATMENT OF HEMATOLOGICAL MALIGNANCIES,AU;CA;CN;EP;ES;RU;US;WO,True
58763710,WO-2017091836-A1,Cytarabine,ENHANCEMENT OF CYTARABINE ACTIVITY BY INHIBITING CDK8/19,WO,False
49553511,WO-2015044365-A1,Cytarabine,DINUCLEOSIDE DERIVATIVES AS PRODRUGS OF GEMCITABINE AND CYTARABINE,GB;WO,False
35839827,US-20080286251-A1,Cytarabine,Compositions and Methods for the Enhancement of Chemotherapy with Microbial Cytotoxins,EP;US;WO,False
32511581,CA-2510006-C,Cytarabine,COMPOSITIONS COMPRISING A COMBINATION OF DIPHENYL UREA IMPDH INHIBITORS AND APOPTOSIS-INDUCING ANTI-CANCER AGENTS,AT;AU;CA;DE;EP;JP;US;WO,False
47901024,WO-2013131927-A1,Cytarabine,COMBINING DNA-DAMAGING AGENTS AND MODULATORS OF ACTIN POLYMERIZATION FOR THE TREATMENT OF CANCER,WO,False
42316175,US-20120121717-A1,Cytarabine,DRUG-LOADED POLYSACCHARIDE-COATED GOLDMAG PARTICLES (DPGPs) AND ITS SYNTHESIS METHOD,CN;US;WO,False
34396986,US-20080292546-A1,Cytarabine,COMPOSITIONS AND METHODS FOR TREATING AND DIAGNOSING CANCER,AU;CA;CN;EP;IN;JP;KR;US;WO,False
38859094,EP-3025712-A1,Cytarabine,"COMBINED USE OF (+)-1,4-DIHYDRO-7-[(3S,4S)-3-METHOXY-4-(METHYLAMINO)-1-PYRROLIDINYL]-4-OXO-1-(2-THIAZOLYL)-1,8-NAPHTHYRIDINE-3-CARBOXYLIC ACID AND CYTARABINE (ARA-C) FOR THE TREATMENT OF LEUKEMIA",CA;CY;DK;EP;ES;HK;HU;JP;MX;PL;SI;US;WO,True
81807674,KR-102412352-B1,Cytarabine,Pharmaceutical Composition for Treatment of Leukemia Comprising ERR-α Antagonist,KR,False
26826461,US-6362162-B1,Cytarabine,CML Therapy,US,False
80626128,US-12383555-B2,Cytarabine,Methods of treating cancers,US,False
67138959,CA-2991223-A1,Cytarabine,PORE-FORMING PEPTIDES AND USES THEREOF,CA,False
32682046,WO-2004056372-A1,Cytarabine,USE OF AGLYCON PROTOPANAXADIOL IN CANCER THERAPY,AU;WO,False
32931388,US-6581606-B2,Cytarabine,"Method, apparatus and system for use in treating patient with a drug having an antineoplastic effect to optimize therapy and prevent an adverse drug response",US,False
86898326,US-12460208-B2,Cytarabine,Immunomodulatory polynucleotides and uses thereof,US,False
54288373,AU-2015243512-B2,Cytarabine,Site-specific antibody-drug glycoconjugates and methods,AU;CA;EP;ES;HK;NZ;US;WO,True
87802229,IL-323841-A,Cytarabine,Novel gspt1 degrader and use thereof,AU;CA;CL;CN;EP;ID;IL;IN;JP;KR;MX;PE;RU;VN;WO,False
34972426,CA-2568526-C,Cytarabine,COMBINATION THERAPY WITH RADIOLABELED ANTI-CD20 ANTIBODY IN THE TREATMENT OF B-CELL LYMPHOMA,AU;BR;CA;EP;IL;IN;JP;KR;MX;NO;RU;US;WO;ZA,False
34952855,FR-2878164-A1,Cytarabine,"New (mutant) netrin-4, netrin-1, netrin-3, anti-idiotypic netrin-4 antibodies, their Fab fragments or nucleotide sequences useful for preventing or treating tumoral or non-tumoral disorders (of angiogenesis)",FR,False
32030951,US-7432265-B2,Cytarabine,Imidazopyrazines as cyclin dependent kinase inhibitors,AR;AT;AU;CA;CN;DE;EP;ES;HK;JP;KR;MX;MY;NZ;PE;TW;US;WO;ZA,True
63714081,US-11497756-B2,Cytarabine,Treatment regimen for cancers that are insensitive to BCL-2 inhibitors using the MCL-1 inhibitor alvocidib,JP;US;WO,False
55303701,US-20190105299-A1,Cytarabine,LYMPH DIRECTING PRODRUGS,AU;CN;EP;HK;JP;US;WO,False
3822859,US-20050267069-A1,Cytarabine,"Hyaluronan as a cytotoxic agent, drug pre-sensitizer and chemo-sensitizer in the treatment of disease",US,False
39512270,WO-2008073304-A9,Cytarabine,CANCER TREATMENT METHODS,WO,False
22928467,WO-2002039958-A9,Cytarabine,COMBINATION THERAPY USING PENTAFLUOROBENZENESULFONAMIDES AND ANTINEOPLASTIC AGENTS,AU;US;WO,False
47143250,EP-3311827-B1,Cytarabine,"NANOPARTICLES, PROCESS FOR PREPARATION AND USE THEREOF AS CARRIER FOR AMPHIPATIC OF HYDROPHOBIC MOLECULES IN FIELDS OF MEDICINE INCLUDING CANCER TREATMENT AND FOOD RELATED COMPOUNDS",AU;CA;CN;DK;EP;ES;HR;ID;IN;JP;KR;PL;PT;RS;TR;US;WO;ZA,True
73060005,CA-3155215-A1,Cytarabine,COMPOSITIONS COMPRISING A DHODH INHIBITOR FOR THE TREATMENT OF ACUTE MYELOID LEUKEMIA,AU;CA;CN;EP;IL;JP;US;WO,False
67684204,US-20190262328-A1,Cytarabine,METHODS OF TREATMENT,US,False
86241899,US-20250041272-A1,Cytarabine,COMPOSITIONS AND METHODS FOR TREATING CANCER VIA PTP1B INHIBITION,US;WO,False
25157636,US-20030077306-A1,Cytarabine,Emulsions as solid dosage forms for oral administration,US,False
22794755,US-20030026801-A1,Cytarabine,Methods for enhancing antibody-induced cell lysis and treating cancer,AT;AU;CA;DE;DK;EP;ES;JP;PT;SI;US;WO,True
90627649,US-20240122922-A1,Cytarabine,Methods Of Treating Cancer With Transmembrane Protein 16F (TMEM16F) Inhibitors,US,False
53042092,WO-2015069935-A1,Cytarabine,COMPOSITIONS AND METHODS FOR THE TREATMENT OF ACUTE MYELOID LEUKEMIAS AND MYELODYSPLASTIC SYNDROMES,US;WO,False
26971235,US-6486122-B1,Cytarabine,Methods of increasing body weight in a subject by administering TGF-α,US,False
23659848,US-20050130882-A1,Cytarabine,Combination therapy including 9-nitro-20(S)-camptothecin,AU;EP;US;WO,False
58287955,CA-2998410-A1,Cytarabine,ANTI-S100A8 FOR TREATING LEUKEMIA,CA;CN;EA;EP;HK;JP;US;WO,False
32326343,NL-1024779-C2,Cytarabine,Gecombineerde toediening van een indolinon met een chemotherapeutisch middel voor celproliferatiestoornissen.,AR;AU;BR;CA;CN;CO;EP;GT;HK;IN;JP;KR;MT;MX;MY;NL;NO;PA;PE;PL;RU;TW;US;UY;VN;WO;ZA,False
42197873,US-20120029167-A1,Cytarabine,AUTO MAGNETIC METAL SALEN COMPLEX COMPOUND,CN;EP;HK;IN;JP;RU;US;WO,False
54241138,US-10426753-B2,Cytarabine,Supramolecular combinatorial therapeutics,AU;BR;CA;CN;EP;HK;IL;IN;JP;KR;MX;RU;US;WO,False
22979500,WO-2002056692-A1,Cytarabine,METHODS FOR MODULATING TUMOR GROWTH AND METASTASIS,AU;CA;EP;JP;US;WO,False
37086914,US-8293274-B2,Cytarabine,Intestinal absorptive anti-tumor agent,EP;JP;US;WO,False
92898726,US-20240325565-A1,Cytarabine,COMBINATION TREATMENT FOR SOLID TUMORS INCLUDING A STING AGONIST AND A CCR2 ANTAGONIST,US,False
55165846,US-9320809-B2,Cytarabine,Nanoparticle comprising hydrophobic drug conjugated to cationic polymer and hydrophilic drug conjugated to anionic polymer,KR;US,False
34676825,NZ-547252-A,Cytarabine,Synergistic anti-cancer compositions,AU;BR;CA;CN;EP;HK;IL;IN;JP;KR;MX;NZ;US;WO;ZA,False
37889487,US-20090074848-A1,Cytarabine,COMBINATION FORMULATIONS OF CYTIDINE ANALOGS AND PLATINUM AGENTS,EP;US;WO,False
58101241,CA-2996513-A1,Cytarabine,METHODS AND COMPOSITIONS RELATING TO THE DIAGNOSIS AND TREATMENT OF CANCER,CA;EP;US;WO,False
19865424,US-20020054852-A1,Cytarabine,System and method for the local delivery of drugs,US,False
83155556,EP-4301470-A1,Cytarabine,COMBINATION THERAPIES WITH SIRP ALPHA-BASED CHIMERIC PROTEINS,AU;CA;CN;EP;HK;IL;JP;KR;US;WO,False
44564167,US-20170042898-A1,Cytarabine,METHODS AND COMPOSITIONS FOR TREATING VIRAL OR VIRALLY-INDUCED CONDITIONS,US;WO,False
62111031,US-20200405879-A1,Cytarabine,COMBINATION THERAPY,AU;BR;CA;CN;EA;EP;HK;IN;JP;KR;MX;US;WO,False
83155555,WO-2022187583-A1,Cytarabine,COMBINATION THERAPIES WITH TIM-3-BASED CHIMERIC PROTEINS,WO,False
54324951,WO-2016055497-A1,Cytarabine,METHODS FOR PERSONALIZING PATIENT CANCER THERAPY WITH AN MDM2 ANTAGONIST,AR;CN;EP;HK;JP;MO;US;WO,False
59960687,US-20170283468-A1,Cytarabine,PEPTIDES FOR DIAGNOSIS AND TREATMENT OF CANCER,US,False
37000156,US-20110009337-A1,Cytarabine,Q3 SPARC DELETION MUTANT AND USES THEREOF,AU;CA;CN;EP;IN;JP;US;WO,False
9926620,US-20050033034-A1,Cytarabine,ANTI-T CELL IMMUNOTOXIN FUSION PROTEIN AND ITS THERAPEUTIC USE,AU;EP;GB;JP;US;WO,False
43446807,EP-2428201-A1,Cytarabine,Oral administration of nucleoside monophosphates,EP,False
27803545,AU-2010226920-A1,Cytarabine,Nucleic acid and corresponding protein entitled 161P2F10B useful in treatment and detection of cancer,AU;CA;CY;DK;EP;ES;IL;JP;PT;US;WO,True
80813638,KR-20220026151-A,Cytarabine,Composition for diagnosing or prognosising Philadelphia chromosome-like acute lymphoblastic leukemia,KR,False
83722560,US-20240180849-A1,Cytarabine,"IMMUNOFUNCTIONAL CARRIER, METHODS OF USES, AND COMPOSITION MATTERS AS AN ANTITUMOR IMMUNOTHERAPY",EP;JP;KR;US;WO,False
99798841,US-20210128683-A1,Cytarabine,PHARMACEUTICAL COMPOSITIONS AND USE THEREOF FOR RELIEVING RESISTANCE DUE TO CANCER CHEMOTHERAPY AND ENHANCING EFFECT OF CANCER CHEMOTHERAPY,US,False
101123917,US-20110274647-A1,Cytarabine,IL6R/IL6 Chimera for Therapy of Chemotherapy-Induced Peripheral Neuropathy,AU;CA;EP;ES;IL;JP;NO;US;WO,True
65517835,US-11111303-B2,Cytarabine,Compositions and methods for activation of NK cells killing of prostate cancer and breast cancer cells,US,False
43923076,US-8916517-B2,Cytarabine,Analogs of pituitary adenylate cyclase-activating polypeptide (PACAP) and methods for their use,AU;CA;CN;EP;JP;US;WO,False
89907393,US-20240059739-A1,Cytarabine,PEPTIDES FOR INCREASING DRUG DELIVERY TO CANCER,US,False
29254237,US-20040214871-A1,Cytarabine,Combination of epothilone analogs and chemotherapeutic agents for the treatment of proliferative diseases,AT;AU;BG;BR;CA;CN;CZ;EE;EP;ES;HK;HR;HU;IL;IN;IS;JP;KR;MX;MY;NO;PL;RU;SK;TW;US;WO;ZA,True
24225516,US-7306783-B2,Cytarabine,"Membrane-permeant peptide complexes for medical imaging, diagnostics, and pharmaceutical therapy",AU;CA;EP;JP;US;WO,False
51488092,US-20140255402-A1,Cytarabine,METHOD OF TREATING LEUKEMIA IN A MAMMAL,US,False
43534987,US-8414885-B2,Cytarabine,Methods and compositions for treating cancer,US,False
32771768,US-20100151006-A1,Cytarabine,CANCER THERAPY SENSITIZER,CA;EP;ES;HK;JP;US;WO,True
41128289,US-10653677-B2,Cytarabine,"1,2,5-oxadiazoles as inhibitors of indoleamine 2,3-dioxygenase",AR;AU;BR;CA;CL;CN;CO;CR;CY;DK;EA;EC;EP;ES;HK;HR;HU;ID;IL;IN;JP;KR;LT;ME;MO;MX;MY;NO;NZ;PE;PH;PL;PT;RS;SG;SI;SM;TW;UA;US;VN;WO,True
27392528,US-7186399-B2,Cytarabine,Methods for targeted drug delivery,US,False
96591404,WO-2025165706-A1,Cytarabine,METHODS OF TREATING ACUTE LEUKEMIAS WITH A MENIN INHIBITOR IN A COMBINATION THERAPY,AU;CA;CN;TW;WO,False
35786773,WO-2006012625-A2,Cytarabine,STAT3 DECOY OLIGONUCLEOTIDES AND USES THEREFOR,US;WO,False
48141611,WO-2013059295-A2,Cytarabine,POLYMERIC DEPOTS FOR LOCALIZATION OF AN AGENT TO BIOLOGICAL SITES,US;WO,False
32872908,WO-2004041828-A1,Cytarabine,METHOD OF USING A PORPHYRIN-LIKE MOLECULE CONJUGATED WITH AN ANTI-CANCER DRUG FOR THE TREATMENT OF CANCER,AU;US;WO,False
44999756,MY-164730-A,Cytarabine,"AMINOALCOHOL SUBSTITUTED 2,3-DIHYDROIMIDAZO[1,2-C]QUINAZOLINE DERIVATIVES USEFUL FOR TREATING HYPER-PROLIFERATIVE DISORDERS AND DISEASES ASSOCIATED WITH ANGIOGENESIS",AP;AR;AU;BR;CA;CL;CN;CO;CR;CU;DO;EA;EC;EP;GT;HK;ID;IL;IN;JP;KR;MA;MX;MY;NZ;PE;PH;SG;TN;TW;UA;US;UY;VN;WO;ZA,False
48141306,WO-2013059320-A1,Cytarabine,TREATMENT OF CANCERS WITH MUTANT NPM1 WITH MEK INHIBITORS,WO,False
78536195,US-20240226088-A1,Cytarabine,NOVEL COMBINATION THERAPY OF CRENOLANIB AND APOPTOSIS PATHWAY AGENTS FOR THE TREATMENT OF PROLIFERATIVE DISORDERS,US,False
51660029,AU-2014318471-B2,Cytarabine,"Nanoparticulate compositions for targeted delivery of lipophilic drugs and acid labile, lipophilic prodrugs of cancer chemotherapeutics and their preparation",AU;CA;CN;EP;IN;JP;KR;MX;SG;US;WO,False
11042706,WO-2002053138-A2,Cytarabine,TREATMENT FOR INHIBITING NEOPLASTIC LESIONS USING INCENSOLE AND/OR FURANOGERMACRENS,AU;EP;US;WO,False
39758951,CA-2679643-A1,Cytarabine,PROCASPASE 8-MEDIATED DISEASE TARGETING,CA;US;WO,False
36593193,CA-2902071-A1,Cytarabine,COMBINATION CHEMOTHERAPY REGIMENS USING ALBUMIN/PACLITAXEL NANOPARTICLES AND NUCLEOSIDE ANALOGS,AT;AU;BR;CA;CN;CY;DK;EP;ES;HK;HU;IL;IN;JP;KR;LT;LU;MX;NZ;PL;PT;RU;SG;SI;US;VN;WO;ZA,True
22274423,EP-1246919-A1,Cytarabine,PROGENITOR CELL PRESERVATION FACTORS AND RELATED METHODS AND PRODUCTS,EP;HK,False
31978544,NZ-539164-A,Cytarabine,Pyrazolopyrimidines as cyclin dependent kinase inhibitors,AR;AT;AU;CA;CN;DE;EP;ES;HK;IL;JP;KR;MX;MY;NZ;PE;TW;US;WO;ZA,True
50233872,US-20140073593-A1,Cytarabine,BRUTON&apos;S TYROSINE KINASE AS ANTI-CANCER DRUG TARGET,EP;US;WO,False
70164788,AU-2019359458-B9,Cytarabine,Small polymeric carriers for delivery of agents,AU;CA;CN;EP;HK;JP;KR;US;WO,False
89537395,WO-2024015618-A2,Cytarabine,"SUBSTITUTED 3-(1-OXOISOINDOLIN-2-YL)PIPERIDINE-2,6-DIONE/2-(2,6-DIOXOPIPERIDIN-3-YL)ISOINDOLINE-1,3-DIONE ANALOGS AS MODULATORS OF CEREBLON PROTEIN",US;WO,False
48669591,US-20230097694-A1,Cytarabine,"E-SELECTIN ANTAGONIST COMPOUNDS, COMPOSITIONS, AND METHODS OF USE",AU;BR;CA;CN;CY;DK;EP;ES;HK;HU;IN;JP;KR;LT;NZ;PL;PT;SI;US;WO,True
91590258,AU-2023407344-A1,Cytarabine,FOXM1 INHIBITORS AND THEIR USE IN TREATING CANCERS,AU;CA;EP;US;WO,False
43429524,US-20120003327-A1,Cytarabine,METHOD OF REDUCING MULTI-DRUG RESISTANCE USING INOSITOL TRIPYROPHOSPHATE,CN;EP;IN;JP;MX;RU;US;WO,False
54834538,US-10758614-B2,Cytarabine,Combination therapies targeting tumor-associated stroma or tumor cells and topoisomerase,US;WO,False
22808722,WO-2002004448-A3,Cytarabine,METHODS FOR TREATMENT OF DRUG-INDUCED PERIPHERAL NEUROPATHY AND RELATED CONDITIONS,AT;AU;DE;DK;EP;ES;HK;US;WO,True
56126443,EP-3235505-B1,Cytarabine,PHARMACEUTICAL COMPOSITION FOR TREATMENT OR PALLIATION OF ELDERLY OR END-STAGE CANCER PATIENT,AU;CN;EP;ES;HK;JP;KR;PL;RU;SG;TW;US;WO,True
68616478,WO-2019226980-A1,Cytarabine,CYTOTOXIC FLUOROPYRIMIDINE POLYMERS AND METHODS OF USE THEREOF,US;WO,False
77555304,US-20210275562-A1,Cytarabine,CANCER TREATMENT METHODS,US,False
63371322,US-20200009264-A1,Cytarabine,ACTIVE TARGETING OF CELLS BY MONOSIZED PROTOCELLS,US;WO,False
40027733,US-8026382-B2,Cytarabine,"Lipid raft, caveolin protein, and caveolar function modulation compounds and associated synthetic and therapeutic methods",US;WO,False
50483486,EP-2964242-B1,Cytarabine,COMPOSITIONS FOR THE TREATMENT OF CANCER USING GLIADIN PEPTIDES,AU;BR;CA;CN;DK;EP;HK;IL;IN;JP;KR;MX;NZ;SG;US;WO,False
77771047,WO-2021186439-A1,Cytarabine,MOLECULES THAT TARGET PROTEINS OF CORONAVIRUSES AND USES THEREOF AS ANTI-VIRAL &quot;COCKTAIL&quot;,WO,False
42233910,CA-2867252-C,Cytarabine,ALBUMIN BINDING PEPTIDE-MEDIATED DISEASE TARGETING,AU;BR;CA;CN;EP;IN;JP;KR;MX;NZ;RU;US;WO;ZA,False
47010318,US-8834915-B2,Cytarabine,Drug-containing bioabsorbable fibers and implants,CN;EP;JP;TW;US,False
80036089,US-20230235055-A1,Cytarabine,MONOCLONAL ANTIBODIES AGAINST LILRB1 FOR DIAGNOSTIC AND THERAPEUTIC USE,CN;EP;HK;US;WO,False
47006836,US-20120264710-A1,Cytarabine,Systems and Methods for Detecting hENT1 Expression in Hematological Disorders,TW;US;WO,False
38437866,US-20070203074-A1,Cytarabine,Composition and method for the efficacious and safe administration of halopyruvate for the treatment of cancer,DK;EP;ES;HU;KR;PL;PT;SI;US;WO,True
60991794,CA-3029074-A1,Cytarabine,CANCER TREATMENT AND METASTASIS INHIBITION USING AN ANTI-CANCER STEM CELL AGENT IN COMBINATION WITH A NEU1 SIALIDASE INHIBITOR OR A CYTOKINE INHIBITOR AFTER PRIMARY CANCER TREATMENT,CA;EP;US;WO,False
41319229,US-20110135571-A1,Cytarabine,HYBRID NANOPARTICLES AS ANTI-CANCER THERAPEUTIC AGENTS AND DUAL THERAPEUTIC/IMAGING CONTRAST AGENTS,US;WO,False
42170608,US-20200360430-A1,Cytarabine,EXTRACELLULAR MATRIX COMPOSITIONS FOR THE TREATMENT OF CANCER,US,False
64742160,US-11298366-B2,Cytarabine,Ibandronate conjugates of nucleoside antimetabolites,AU;CA;CN;EP;IL;JP;RU;US;WO,False
64664097,EP-3501512-A1,Cytarabine,THERAPEUTIC COMPOSITIONS FOR TREATING PANCREATIC CANCER,AU;CA;CN;EP;ES;HK;IN;JP;KR;TW;US,True
26935935,US-8119116-B2,Cytarabine,Therapeutics for cancer using 3-bromopyruvate and other selective inhibitors of ATP production,US,False
52022921,WO-2014201026-A2,Cytarabine,"ANTIOXIDANT, ANTI-INFLAMMATORY AND ANTICANCER DERIVATIVES OF TRIPTOLIDE AND NANOSPHERES THEREOF",US;WO,False
97831292,TW-202535417-A,Cytarabine,AST-3424 combination for treating leukemia and lymphoma being developed into a new treatment protocol for treating leukemia and lymphoma without limiting the level of AKR1C3 enzyme expression in patients,TW,False
38110688,US-20090181090-A1,Cytarabine,Protein-Based Carrier System for Overcoming Resistance in Tumour Cells,AU;BR;CA;CN;DE;EP;HK;IL;IN;JP;KR;MX;NZ;RU;US;WO;ZA,False
83155571,WO-2022187660-A1,Cytarabine,COMPOSITIONS FOR AND METHODS OF PREVENTING METASTASES,EP;US;WO,False
24761338,US-20010009922-A1,Cytarabine,Compositions and methods for the treatment of viral disorders,US,False
41429276,EP-2599497-A2,Cytarabine,Porphyrazine-chemotherapeutic agents conjugates,EP;JP;US;WO,False
55652444,US-20170304251-A1,Cytarabine,AVOCADO-DERIVED LIPIDS FOR USE IN TREATING LEUKEMIA,CA;EP;US;WO,False
54696748,JP-2015212242-A,Cytarabine,"LEUKEMIA THERAPEUTIC AGENT, LEUKEMIA CELL GROWTH INHIBITOR, HEMATOPOIETIC STEM CELL TRANSPLANTATION PRETREATMENT AGENT, AND DETERMINING METHOD OF EFFECT",JP,False
58633103,AU-2017248187-B2,Cytarabine,Rara agonists for the treatment of AML and MDS,AU;BR;CA;CN;EP;HK;IL;JP;KR;MO;MX;RU;US;WO,False
40129180,US-20100203163-A1,Cytarabine,INJECTABLE POLYMER-LIPID BLEND FOR LOCALIZED DRUG DELIVERY,AU;CA;CN;EP;JP;KR;MX;US;WO,False
76111461,US-12343352-B2,Cytarabine,N-(phenylsulfonyl)benzamides and related compounds as Bcl-2 inhibitors,CN;EP;TW;US;WO,False
36616549,AU-2004303792-A1,Cytarabine,Anti-IGF-I receptor antibody,AU;BR;CA;CN;CR;EA;EC;EP;HK;IL;IN;JP;KR;MX;NO;US;WO,False
39738642,US-20080261978-A1,Cytarabine,Chemokine receptor modulators,US;WO,False
95581427,WO-2025096405-A1,Cytarabine,METHODS OF TREATING BLOOD CANCERS,AU;CA;CN;EP;WO,False
39230731,US-20100016409-A1,Cytarabine,Rna Nanoparticles and Nanotubes,AU;CA;EP;US;WO,False
25121537,CA-2277824-C,Cytarabine,DOSAGE COMPOSITION FOR NASAL DELIVERY AND METHOD OF USE OF THE SAME,AT;AU;CA;DE;EP;ES;JP;US;WO,True
51789737,US-20140323511-A1,Cytarabine,CHEMOTHERAPEUTIC FOR INDUCING AN MSH2 DEPENDENT APOPTOTIC PATHWAY,US,False
33435098,EP-1626693-A2,Cytarabine,GINKGO BILOBA EXTRACT AS A TREATMENT FOR THERAPEUTIC- INDUCED NEUROTOXICITY,AU;CA;CN;EP;HK;KR;MX;RU;US;WO,False
56787910,WO-2016134463-A1,Cytarabine,S1009A PEPTIDE FOR TREATING LEUKEMIAS,WO,False
37727084,US-20090022831-A1,Cytarabine,USE OF FRUCTUS SCHISANDRAE AND EXTRACTS THEREOF IN PREVENTING AND DECREASING TOXIC AND SIDE EFFECTS OF ANTINEOPLASTIC DRUGS,US,False
76092112,US-11571422-B2,Cytarabine,Composition including rilpivirine and method for treating tumors or cancer,AU;CA;CN;EP;ID;JP;KR;MY;US;WO,False
86339473,EP-4446328-A1,Cytarabine,NOVEL BORONSOME FACILITATING DIAGNOSIS AND TREATMENT,CN;EP;JP;US;WO,False
66247670,EP-3710001-B1,Cytarabine,"COMPOUNDS AND METHODS FOR REGULATING, LIMITING, OR INHIBITING AVIL EXPRESSION",EP;US;WO,False
40215510,US-20110160228-A1,Cytarabine,"DIHYDRO-ISO-CA-4 AND ANALOGUES: POTENT CYTOTOXICS, INHIBITORS OF TUBULIN POLYMERIZATION",CA;EP;FR;JP;US;WO,False
70054475,EP-3860655-A1,Cytarabine,METHODS OF TREATING FLT3-MUTATED HEMATOLOGIC CANCERS,EP;JP;US;WO,False
48870406,US-20130195752-A1,Cytarabine,FUNCTIONALIZED NANOPARTICLES AND METHODS OF USE THEREOF,US,False
22774981,US-20030228281-A1,Cytarabine,Use of mutant herpes viruses and anticancer agents in the treatment of cancer,AU;CA;EP;JP;US;WO,False
81659657,EP-4253391-A1,Cytarabine,RADIATION-ACTIVATED TETRAVALENT PLATINUM COMPLEX AND USE THEREOF,CN;EP;JP;US;WO,False
39831438,US-20100093773-A1,Cytarabine,METHODS OF TREATING CANCER,AU;CA;EP;NZ;US;WO,False
75538314,US-20220362163-A1,Cytarabine,METHODS AND COMPOSITIONS FOR CANCER TREATMENT USING NANOPARTICLES CONJUGATED WITH MULTIPLE LIGANDS FOR BINDING RECEPTORS ON NK CELLS,AU;CA;CN;EP;HK;IL;IN;JP;KR;US;WO,False
37654955,US-20090035269-A1,Cytarabine,PARAPOXVIRUSES IN COMBINATION WITH CLASSICAL CYTOTOXIC CHEMOTHERAPEUTIC AGENTS AS BIOCHEMOTHERAPY FOR THE TREATMENT OF CANCER,AR;AT;CA;CN;DE;DK;EP;ES;HK;JP;PL;PT;TW;US;WO,True
77771388,US-20230056189-A1,Cytarabine,COMPOSITIONS AND METHODS FOR TREATMENT OF PATHOLOGIC PAIN ASSOCIATED WITH MALIGNANT GROWTH DISORDER,US;WO,False
82901378,US-20220265839-A1,Cytarabine,TARGETED PEPTIDE-DRUG CONJUGATES,US,False
37853459,AU-2007200677-B2,Cytarabine,Combinations comprising epothilones and anti-metabolites,AU;BR;CA;CN;EP;HK;IL;JP;KR;MX;NO;NZ;PL;RU;TW;US;WO,False
42806010,US-8927530-B2,Cytarabine,Therapeutic combination comprising a PLK1 inhibitor and an antineoplastic agent,AR;CN;EP;ES;HK;JP;TW;US;WO,True
43857153,US-8278278-B2,Cytarabine,Cell proliferation reducing cancer specific PCNA peptides,US,False
61197455,US-20190175661-A1,Cytarabine,COMPOSITIONS FOR THE TREATMENT OF NEUROPATHIC PAIN AND SENSITIZATION OF TUMORS TO CHEMOTHERAPIES,EP;US;WO,False
22256115,ZA-200101157-B,Cytarabine,Combination therapies for B-cell lymphomas comprising administration of anti-CD 20 antibody.,AT;AU;BR;CA;CN;CY;CZ;DE;DK;EA;EP;ES;HK;HU;IL;JP;KR;MX;MY;NO;NZ;PL;PT;TW;US;WO;ZA,True
44597267,EP-1606406-A2,Cytarabine,SHORT INTERFERING RNA (siRNA) ANALOGUES,AT;AU;CA;DE;DK;EP;ES;JP;US;WO,True
39225888,US-20150306103-A1,Cytarabine,INHIBITORS OF BRUTON&apos;S TYROSINE KINASE,AT;AU;BE;BR;CA;CN;CY;DK;EA;EP;ES;FR;HK;HU;IL;IN;JP;KR;LT;LU;MX;NL;NZ;PL;PT;SG;SI;US;WO;ZA,True
32736722,CA-2268600-C,Cytarabine,TOPICAL DMSO TREATMENT FOR PALMAR-PLANTAR ERYTHRODYSESTHESIA,CA;US,False
80114690,US-20220040266-A1,Cytarabine,GROWTH HORMONE ANTAGONIST AND ANTI-CANCER COMPOSITION COMBINATION THERAPY,CA;EP;JP;US;WO,False
49876831,FR-3011240-A1,Cytarabine,INHIBITEURS DE 5&apos;-NUCLEOTIDASES ET LEURS UTILISATIONS THERAPEUTIQUES,EP;ES;FR;JP;US;WO,True
41610702,WO-2010014651-A1,Cytarabine,PHARMACOGENETIC MARKERS FOR SUSCEPTIBILITY TO DRUG-INDUCED PANCREATIC TOXICITY,WO,False
39383173,KR-100806914-B1,Cytarabine,2 Novel use of lipocalin 2 for preventing and treating neurodegenerative disease,KR,False
51299134,AU-2013377736-B2,Cytarabine,Oral antiseptic composition for treating oral mucositis,AU;BR;CA;CN;DK;EP;ES;IN;JP;MX;PT;RU;US;WO,True
26244092,US-7202361-B2,Cytarabine,Antitumoral ecteinascidin derivatives,AR;AT;AU;BG;BR;CA;CN;CZ;DE;DK;EA;EP;ES;GB;HK;HU;IL;IN;JP;KR;MX;NO;NZ;PL;PT;SI;SK;UA;US;WO,True
44210539,US-9663483-B2,Cytarabine,Furanyl compounds and the use thereof,AU;CA;CN;EP;HK;IN;JP;MX;NZ;SG;US;WO;ZA,False
41328433,EP-2358697-B1,Cytarabine,ISOINDOLINE COMPOUNDS FOR USE IN THE TREATMENT OF CANCER.,AR;AU;BR;CA;CL;CN;CO;CY;DK;EP;ES;HK;HR;HU;IL;IN;JP;KR;MX;NI;NZ;PE;PL;PT;RU;SG;SI;SM;TW;UA;US;VN;WO;ZA,True
41199715,CA-2721218-C,Cytarabine,SELECTIVE INHIBITORS OF HISTONE DEACETYLASE,CA;EP;ES;JP;MX;US;WO,True
34826042,WO-2005072292-A2,Cytarabine,METHODS FOR ENHANCING RADIATION THERAPY,WO,False
89380457,WO-2023249888-A1,Cytarabine,CYTARABINE-MODIFIED MIRNA FOR TREATING CANCER,TW;US;WO,False
89381362,US-20250382673-A1,Cytarabine,BIOMARKERS IN COLORECTAL CANCER,EP;US;WO,False
37694512,US-9610371-B2,Cytarabine,Anticancer therapy,US,False
26685557,US-6689362-B1,Cytarabine,Method for treating T-lineage leukemias and lymphomas using a CD7-specific monoclonal antibody (TXU-7) linked to the pokeweed antiviral protein (PAP),US,False
39535195,US-9616043-B2,Cytarabine,Taxane analogs for the treatment of brain cancer,US;WO,False
61905944,US-20210379191-A1,Cytarabine,"Mitochondrially Targeted PARP Inhibitor, and Uses Thereof",US;WO,False
59311873,US-20190022045-A1,Cytarabine,"MARINE ORGANISM-DERIVED EXTRACT, COMPOUND, AND MEDICAL COMPOSITION HAVING NICHE FORMATION SUPPRESSING ACTIVITY OF LEUKEMIC STEM CELLS",CN;EP;JP;US;WO,False
41065834,US-20110033461-A1,Cytarabine,Combination Therapy for the Treatment of Cancer,US;WO,False
50842208,CA-2949719-C,Cytarabine,DIAGNOSTIC OF CHRONIC MYELOMONOCYTIC LEUKEMIA (CMML) BY FLOW CYTOMETRY,AU;CA;EP;IL;US;WO,False
42830656,EP-2425830-A1,Cytarabine,Synergistic drug combination for the treatment of cancer,EP,False
63106819,WO-2018145147-A1,Cytarabine,A METHOD OF TREATING A FIBROTIC CONDITION ASSOCIATED WITH EXCESSIVE COLLAGEN FORMATION USING ACTIVATORS OF THE COLLAGENASE PRODUCTION PATHWAY.,WO,False
59337521,EP-3409259-A1,Cytarabine,MULTI CHAMBER FLEXIBLE BAG AND METHODS OF USING SAME,AR;AU;BR;CA;CL;CN;CO;CY;DK;EA;EP;ES;HK;HR;HU;IL;IN;JO;JP;KR;LT;MA;MD;ME;MX;MY;PE;PL;PT;RS;SI;SM;TN;TR;TW;US;UY;WO;ZA,True
61906049,US-20240400641-A1,Cytarabine,Nanoparticles Having Molecules That Bind or Block PD-L1 and Uses In Treating Cancer,CN;EP;US;WO,False
57288395,US-20190270978-A1,Cytarabine,"A HIGHLY STABLE, PROTEASE-RESISTANT E. COLI ASPARAGINASE",CN;EP;IN;JP;US;WO,False
32228929,US-20040092435-A1,Cytarabine,Treatment of ocular disease,AU;US;WO,False
56075014,US-11110303-B2,Cytarabine,Hapten-enhanced chemoimmunotherapy by ultra-minimum incision personalized intratumoral chemoimmunotherapy,AU;CA;CN;EA;EP;SG;US;WO,False
8862882,US-7524857-B2,Cytarabine,Pharmaceutical combinations based on pyridoindolone derivatives and anticancer agents,AR;AT;AU;BG;BR;CA;CN;CY;CZ;DE;DK;EA;EE;EP;ES;FR;HK;HU;IL;IS;JP;KR;MX;NO;NZ;PL;PT;RS;RU;SI;SK;TW;UA;US;VN;WO;YU;ZA,True
79022728,US-20210393536-A1,Cytarabine,METHODS AND COMPOSITIONS RELATED TO EXTRACELLULAR VESICLES,US,False
59350847,US-20210139993-A1,Cytarabine,METHOD FOR PREDICTING SURVIVAL IN CHILDREN WITH ACUTE LYMPHOBLASTIC LEUKEMIA,EP;US;WO,False
50933839,US-20150320696-A1,Cytarabine,COMBINATION THERAPY FOR CANCER,AU;BR;CA;CL;CN;EP;IL;JP;MX;RU;US;WO,False
32211860,US-20060165656-A1,Cytarabine,Medicinal preparation having chemotherapeutic encapsulated therein,AU;CA;EP;JP;US;WO,False
47259863,WO-2012166949-A1,Cytarabine,SILICATE PRODRUGS AND NANOPARTICLES,US;WO,False
39122552,CA-2665543-A1,Cytarabine,PYRAZOLOPYRIMIDINES AS CYCLIN DEPENDENT KINASE INHIBITORS,AR;CA;CN;EP;HK;JP;MX;TW;US;WO,False
56092356,WO-2016089928-A1,Cytarabine,METHODS FOR TREATING AND ASSESSING TUMOR INVASION AND METASTASIS,US;WO,False
42709960,US-20110319354-A1,Cytarabine,Combination Cancer Therapy with an AKT Inhibitor and Other Anticancer Agents,EP;US;WO,False
48538135,AU-2013205079-B2,Cytarabine,Treatment of cancer,AU;BR;CA;CN;EA;EP;HK;IL;IN;JP;MX;US;WO,False
64734239,US-20190175560-A1,Cytarabine,MEBENDAZOLE CANCER THERAPIES AND METHODS OF USE,US;WO,False
29433132,EP-1369482-A1,Cytarabine,Target genes for the diagnosis and treatment of cancer,AU;EP;WO,False
34198904,US-8124051-B2,Cytarabine,Complex drug delivery composition and method for treating cancer,US,False
86336710,AU-2022388575-A1,Cytarabine,VCP/P97 INHIBITOR FOR THE TREATMENT OF CANCER,AU;BR;CN;EP;HK;IN;JP;KR;TW;US;WO,False
89383316,AU-2023300868-A1,Cytarabine,ISOLATED ANTIGEN-BINDING PROTEIN AND USE THEREOF,AU;BR;CA;CN;EP;HK;JP;KR;RU;TW;US;WO,False
46265216,KR-20120045804-A,Cytarabine,A PHARMACEUTICAL COMPOSITION COMPRISING 3-CAFFEOYL-4-DIHYDROCAFFEOYLQUINIC ACID FOR INHIBITING CANCER METASTASIS,KR,False
48579019,US-9458174-B2,Cytarabine,Inhibitors of the activity of complex (III) of the mitochondrial electron transport chain and use thereof,AU;CA;EP;JP;US;WO,False
80446875,AU-2022222386-A9,Cytarabine,LINKER-PAYLOADS AND CONJUGATES THEREOF,AU;CA;CN;EP;IN;JP;KR;US;WO,False
57393669,AU-2016267059-B2,Cytarabine,Benzamide and active compound compositions and methods of use,AU;CA;CN;EP;HK;IL;IN;JP;MO;US;WO,False
9901397,US-7648990-B2,Cytarabine,Chemical compounds,IN;US,False
74647562,US-20230000856-A1,Cytarabine,NOVEL USES OF CRENOLANIB,AU;CA;CN;EP;HK;JP;US;WO,False
34590282,US-20050142104-A1,Cytarabine,Methods of using and compositions comprising PDE4 modulators for the treatment and management of asbestos-related diseases and disorders,AU;BR;CA;CN;EP;HK;IL;JP;KR;MX;NZ;US;WO;ZA,False
22508390,AU-779215-B2,Cytarabine,Activation and protection of cytotoxic lymphocytes using a reactive oxygen metabolite inhibitor,AU;CA;CN;EP;HK;IL;JP;KR;NZ;WO;ZA,False
39361343,NZ-577150-A,Cytarabine,IMIDAZOPYRIDINE INHIBITORS OF IAP,AU;BR;CA;CN;EP;IL;IN;JP;KR;NZ;RU;US;WO,False
59679381,US-20170247690-A1,Cytarabine,ONCOVIRAL TREATMENT WITH NUCLEASE AND CHEMOTHERAPEUTIC,US,False
38116587,US-20140179592-A1,Cytarabine,Compounds,CY;DK;EP;ES;GB;HK;HR;HU;JP;LT;PL;PT;SI;TR;US;WO,True
23192108,CA-2450073-C,Cytarabine,COMPOSITIONS AND METHODS FOR MODULATING BLOOD-BRAIN BARRIER TRANSPORT,AT;AU;CA;DE;EP;HK;JP;US;WO,False
88517994,US-20250275938-A1,Cytarabine,COMPOSITIONS AND METHODS FOR TREATMENT OF CANCER,EP;IN;US;WO,False
58662753,US-20190133963-A1,Cytarabine,POLYMERIC NANOPARTICLES,CN;EP;HK;JP;US;WO,False
37419982,US-20060258699-A1,Cytarabine,Compounds for inhibiting KSP kinesin activity,US,False
63919025,AU-2018257877-A1,Cytarabine,"Recombinant EGFL7, EGFL7 antibodies, and uses thereof",AU;CA;EP;US;WO,False
46148836,WO-2012156310-A1,Cytarabine,NOVEL PEPTIDES,WO,False
35767681,AU-2005242165-A1,Cytarabine,Therapeutic Polyesters and Polyamides,AU,False
82701915,US-20220389104-A1,Cytarabine,Method for Treating CD127-Positive Cancers by Administering an Anti-CD127 Agent,CN;EP;HK;JP;US;WO,False
34910928,US-20060122389-A1,Cytarabine,Pyrazolotriazines as kinase inhibitors,AR;AU;CA;CN;EP;HK;IL;JP;KR;MX;MY;PE;TW;US;WO;ZA,False
32659688,US-20050244413-A1,Cytarabine,Compositions and methods for treating cancer using cytotoxic CD44 antibody immunoconjugates and chemotherapeutic agents,AR;AU;EP;MY;PE;TW;US;UY;WO,False
80845797,US-12454519-B2,Cytarabine,"Substituted N-(2-(2,6-dioxopiperidin-3-yl)-1,3-dioxoisoindolin-5-yl)arylsulfonamide analogs as modulators of cereblon protein",AU;BR;CA;CL;CN;EP;HK;ID;IL;IN;JP;KR;MX;MY;PE;RU;US;VN;WO;ZA,False
75981319,AU-2020388848-A1,Cytarabine,Use of FAK inhibitor in preparation of drug for treating tumors having NRAS mutation,AU;BR;CA;CN;EP;HK;JP;KR;MX;MY;PE;US;WO,False
49028989,EP-2700404-A1,Cytarabine,Antcin derivatives in combination with an anti-cancer drug in treatment and/or prevention of tumors,CN;EP;HK;JP;TW;US,False
74205834,AU-2021207312-A1,Cytarabine,Single cell pathology analysis of tumour samples,AU;CA;CN;EP;JP;WO,False
40853788,US-9878984-B2,Cytarabine,Anti-cancer compounds,US;WO,False
54700055,US-20230233579-A1,Cytarabine,ANTI-CANCER EFFECTS OF JAK2 INHIBITORS IN COMBINATION WITH THALIDOMIDE DERIVATIVES AND GLUCOCORTICOIDS,EP;ES;HK;US;WO,True
54396716,US-20200268895-A1,Cytarabine,Immunostimulating-Toxic RNA In Alkaline Earth Metal Formulation,AU;CA;EP;US;WO,False
35137257,US-20050239743-A1,Cytarabine,Compositions and methods to inhibit restenosis,US,False
36940124,EP-2004656-B1,Cytarabine,THIENOPYRIMIDINES HAVING MNK1 /MNK2 INHIBITING ACTIVITY FOR PHARMACEUTICAL COMPOSITIONS,AU;CA;CN;EA;EC;EP;IN;JP;KR;NO;US;VN;WO;ZA,False
40532651,HK-1156631-A1,Cytarabine,NOVEL COMPOUNDS AND METHODS FOR THERAPY,AR;AU;CA;CN;CY;DK;EP;ES;HK;HR;JP;KR;MO;NZ;PL;PT;SI;TW;US;WO,True
50544041,US-20150290092-A1,Cytarabine,"CORE-SHELL PARTICLES, PREPARATION PROCESS THEREOF, AND COMPOSITION CONTAINING THE SAME",CN;HK;TW;US;WO,False
59852044,WO-2017161154-A2,Cytarabine,PD1 AND PDL-1 EXPRESSION DURING PROGRESSION FROM MYELODYSPLASTIC SYNDROME TO ACUTE MYELOGENOUS LEUKEMIA,US;WO,False
44861890,US-20130101504-A1,Cytarabine,SPARC BINDING ANTIBODIES AND USES THEREOF,EP;HK;US;WO,False
77199631,US-20250205340-A1,Cytarabine,Mucoadhesive Polymeric Drug Delivery Compositions and Methods,AU;BR;CA;CN;EP;JP;US;WO,False
22525101,MY-136635-A,Cytarabine,TREATMENT OF PATIENTS HAVING NON-HODGKINS LYMPHOMA WITH BONE MARROW INVOLVEMENT WITH ANTI-CD20 ANTIBODIES,AU;CA;CN;EP;HK;JP;MX;MY;NO;TW;WO,False
40694350,KR-20090026409-A,Cytarabine,PROCESS FOR PREPARING HEMATOPOIETIC CELLS IN VIVO AND ANIMAL BIOREACTOR FOR THE EXPANSION OF HEMATOPOIETIC CELLS,KR,False
41037594,WO-2009108384-A2,Cytarabine,COMPOUNDS AND COMPOSITIONS THAT CAUSE NON-APOPTOTIC CELL DEATH AND USES THEREOF,US;WO,False
68696369,EP-3880207-B1,Cytarabine,"COMBINATION OF A MCL-1 INHIBITOR AND MIDOSTAURIN, USES AND PHARMACEUTICAL COMPOSITIONS THEREOF",AU;BR;CA;CN;EA;EP;ES;HK;IL;IN;JP;KR;MA;MX;RU;TW;US;WO,True
38522308,US-20090117203-A1,Cytarabine,KIT FOR CANCER TREATMENT AND PHARMACEUTICAL COMPOSITION FOR CANCER TREATMENT,EP;ES;JP;US;WO,True
22780552,EP-1289557-B1,Cytarabine,CANCER TREATMENT COMPOSITION CONTAINING AN ANTI-NEOPLASTIC AGENT AND A PDE4 INHIBITOR,AT;AU;DE;EP;ES;JP;US;WO,True
38617324,CA-2686489-C,Cytarabine,"NOVEL PYRIDOPYRAZINE DERIVATIVES, PROCESS OF MANUFACTURING AND USES THEREOF",AR;AU;BR;BY;CA;CN;EP;HK;IL;IN;JP;KR;MX;NZ;RU;SG;TW;UA;US;WO;ZA,False
36227968,EP-1828165-B1,Cytarabine,NOVEL AMINOPYRIDINE DERIVATIVES HAVING AURORA A SELECTIVE INHIBITORY ACTION,AR;AU;BR;CA;CN;CR;DO;EC;EP;IL;IN;JP;KR;MA;MX;MY;NO;NZ;PE;RU;TW;US;VN;WO,False
51428806,CA-2902757-A1,Cytarabine,ADMINISTRATION OF AN ANTI-GCC ANTIBODY-DRUG CONJUGATE AND A DNA DAMAGING AGENT IN THE TREATMENT OF CANCER,CA;CN;EP;JP;KR;TW;US;WO,False
73835704,WO-2021097046-A1,Cytarabine,ANTI-CANCER NUCLEAR HORMONE RECEPTOR-TARGETING COMPOUNDS,AR;EP;TW;US;WO,False
38249551,WO-2008022505-A1,Cytarabine,USE OF RUBESCENSINE A AND DERIVATIVES THEREOF IN PHARMACY,CN;EP;WO,False
34108157,AU-2009251083-B2,Cytarabine,Thienopyridine and furopyridine kinase inhibitors,AT;AU;BR;CA;CN;CY;DE;DK;EP;ES;IL;IN;JP;KR;MX;NZ;PL;PT;SI;US;WO,True
57504543,WO-2016201365-A2,Cytarabine,METHODS FOR TREATING CANCERS,WO,False
76864199,US-20230167505-A1,Cytarabine,CIRCULATING TUMOR DNA AS A BIOMARKER FOR LEUKEMIA TREATMENT,US;WO,False
40717202,US-20180079818-A1,Cytarabine,METHOD OF INHIBITION OF LEUKEMIC STEM CELLS,AU;BR;CA;CN;EA;EP;HK;IL;IN;JP;KR;MX;US;WO;ZA,False
47146771,US-9439899-B2,Cytarabine,Cancer therapy using a combination of HSP90 inhibitors with topoisomerase I inhibitors,AU;CA;EP;JP;US;WO,False
3787062,CA-2213302-C,Cytarabine,METHOD OF PREVENTING OR TREATING ALIMENTARY TRACT DAMAGE DUE TO CHEMOTHERAPY OR RADIATION,AU;CA;DE;EP;JP;NZ;US;WO,False
49006225,US-20140371165-A1,Cytarabine,Identification of NSC23925 Isomers to Reverse Multidrug Resistance in Human Cancers,US;WO,False
40387645,US-20100239522-A1,Cytarabine,CHEMOTHERAPEUTIC FOR INDUCING AN MSH2-DEPENDENT APOPTOTIC PATHWAY,US,False
63919083,US-11311513-B2,Cytarabine,"Methods, agents, and compositions for the treatment of acute myeloid leukemia",CN;EP;HK;US;WO,False
63963299,WO-2020058749-A1,Cytarabine,AN ANTIBODY DRUG FUSION BASED ON ASPARAGINASE,WO,False
29715313,WO-2003101474-A1,Cytarabine,COMBINATION CHEMOTHERAPY WITH CHLOROTOXIN,AT;AU;CA;DE;EP;ES;HK;JP;MX;US;WO,True
80776465,US-20230321104-A1,Cytarabine,"USE OF PYRIDO[1,2-A]PYRIMIDINONE COMPOUND IN TREATING PERIPHERAL T CELL LYMPHOMA",AU;CA;CN;EP;ID;JP;US;WO,False
55543089,US-10064911-B2,Cytarabine,Peptides for treating cancer,AU;BR;CA;CN;DK;EP;ES;HK;IL;IN;JP;KR;MX;PH;PL;RU;SG;TH;US;WO;ZA,True
57504648,US-20200095220-A1,Cytarabine,Substituted Beta-Lapachones and Uses Therefor,US;WO,False
37972534,FR-2909283-A1,Cytarabine,"PRODUIT DE COMBINAISON CONTENANT DE LA N-DESMETHYLSERTRALINE, OU UN DE SES SELS, ET UN AGENT ANTINEOPLASIQUE POUR LE TRAITEMENT DU CANCER",FR;WO,False
44140885,EP-3438129-B1,Cytarabine,COMPOSITION OF MONOCLONAL ANTIBODIES DIRECTED AGAINST BDCA-2,AR;DK;EP;ES;FR;US;WO,True
23304655,US-20050079995-A1,Cytarabine,Methods for inhibiting deacetylase activity,AU;US;WO,False
56355591,EP-3242687-B1,Cytarabine,NANOPARTICLES AND METHODS FOR PREPARATION THEREOF,EP;IL;US;WO,False
38016517,CA-2629468-A1,Cytarabine,PYRAZOLYL UREA DERIVATIVES USEFUL IN THE TREATMENT OF CANCER,CA;EP;WO,False
76478553,IL-294019-A,Cytarabine,Novel ddr1 antibodies and uses thereof,AU;BR;CA;CN;EA;EP;HK;IL;IN;JP;MX;US;WO,False
37451615,WO-2006125323-A1,Cytarabine,NOVEL INHIBITORS OF PYRUVATE KINASE AS THERAPEUTIC AGENTS FOR CANCER,CA;EP;US;WO,False
44115268,WO-2011068882-A1,Cytarabine,BREAST CANCER MODEL SYSTEMS,WO,False
41707605,US-20100137434-A1,Cytarabine,Methods and compositions for administration of 3-halopyruvate and related compounds for the treatment of cancer,DK;EP;ES;PL;US;WO,True
59398495,US-10828316-B2,Cytarabine,Method of treating bacterial infections,AU;CA;CN;EP;HK;JP;SE;US;WO,False
27265859,EP-0533280-B2,Cytarabine,Novel medical use for tachykinin antagonists,AT;AU;CA;DE;DK;EP;ES;GR;HK;IL;JP;KR;PT;TW;US,True
86397127,WO-2023090491-A1,Cytarabine,COMPOSITION FOR DIAGNOSIS OR PROGNOSIS PREDICTION OF PHILADELPHIA CHROMOSOME-LIKE ACUTE LYMPHOBLASTIC LEUKEMIA,WO,False
43707936,WO-2011076880-A1,Cytarabine,METHODS AND USE RELATED TO HUMANIN AND HUMANIN-LIKE PEPTIDES,EP;US;WO,False
32030811,NZ-538595-A,Cytarabine,"Pyrazolopyridines as cyclin dependent kinase (CDK) inhibitors useful in treating diseases such as cancer, leukemia, fibrosarcoma and glioma",AR;AT;AU;CA;CN;DE;EP;ES;HK;IL;JP;KR;MX;MY;NZ;TW;US;WO;ZA,True
63856173,AU-2018254577-B2,Cytarabine,Combination therapies with EHMT2 inhibitors,AU;CA;CN;EP;HK;JP;US;WO,False
85413072,WO-2023034381-A1,Cytarabine,QUANTITATIVE SYSTEMS PHARMACOLOGY METHODS FOR IDENTIFYING THERAPEUTICS FOR DISEASE STATES,US;WO,False
95449200,WO-2025085880-A1,Cytarabine,PROTEOMICS PROCESSING AND PATIENT STRATIFICATION,CA;EP;KR;WO,False
77391615,US-20230079757-A1,Cytarabine,METHODS AND MATERIALS FOR TREATING CANCER,EP;US;WO,False
50156952,US-20180185512-A1,Cytarabine,NANOPARTICLES FOR DRUG DELIVERY,US;WO,False
48986165,US-20160108398-A1,Cytarabine,Hydrophobically Modified Antisense Oligonucleotides Comprising a Ketal Group,EP;ES;US;WO,True
62196247,KR-101942159-B1,Cytarabine,"Anti-cancer drug and diosgenin conjugates, preparation method thereof, and anti-cancer composition comprising the same",KR;WO,False
55640910,EP-3277675-B1,Cytarabine,HETEROCYCLIC MODULATORS OF LIPID SYNTHESIS,CA;CN;EP;ES;JP;KR;RU;US;WO,True
45930299,AU-2011235921-B2,Cytarabine,Monoclonal antibody capable of binding to heparin-binding epidermal growth factor-like growth factor,AU;CA;CN;EP;JP;KR;US;WO,False
90826642,WO-2024209429-A1,Cytarabine,T CELLS FOR USE IN TREATING RELAPSED OR REFRACTORY ACUTE MYELOID LEUKEMIA,CN;EP;JP;TW;US;WO,False
85988849,WO-2023064458-A1,Cytarabine,SELECTIVE JAK2 INHIBITORS AND METHODS OF USE,US;WO,False
36650839,US-20060276372-A1,Cytarabine,"Carotenoids, carotenoid analogs, or carotenoid derivatives for the treatment of proliferative disorders",CA;EP;US;WO,False
24662348,US-6864272-B2,Cytarabine,Method and composition for treating cancer using cellular organelle crystallizing agents,US,False
50828494,US-20150313922-A1,Cytarabine,COMPOSITIONS AND METHODS FOR THE TREATMENT OF CANCERS ASSOCIATED WITH A DEFICIENCY IN THE MRE11/RAD50/NBS1 DNA DAMAGE REPAIR COMPLEX,CA;US;WO,False
58188595,EP-3344275-B1,Cytarabine,PEPTIDOMIMETIC MACROCYCLES AND USES THEREOF,AU;BR;CA;CN;EP;IL;IN;JP;KR;MX;US;WO,False
44202958,WO-2012146933-A1,Cytarabine,CYPRODINIL FOR USE IN MEDICINE,GB;WO,False
54476742,US-20180313843-A1,Cytarabine,SAMHD1 MODULATION FOR TREATING RESISTANCE TO CANCER THERAPY,EP;US;WO,False
34681407,US-20050137141-A1,Cytarabine,Prodrug composition,US,False
62076348,US-11484507-B2,Cytarabine,Polymeric nanoparticles providing nucleic acids encoding TNF-α,CN;EP;HK;JP;KR;US;WO,False
82548526,AU-2022209506-A1,Cytarabine,METHOD AND PHARMACEUTICAL COMBINATION FOR PREVENTING CANCER RECURRENCE,AU;CA;CN;EP;HK;JP;KR;TW;US;WO;ZA,False
40985962,WO-2009105776-A1,Cytarabine,DIAMIDE INHIBITORS OF CYTOCHROME P450,CA;EP;US;WO,False
29554311,CA-2483594-C,Cytarabine,USE OF EDG RECEPTOR BINDING AGENTS IN CANCER,AT;AU;BR;CA;CN;CY;DE;DK;EP;ES;HK;IL;JP;KR;MX;NO;NZ;PL;PT;RU;SI;TW;US;WO;ZA,True
42667957,US-20120225064-A1,Cytarabine,Sphingosine 1-Phosphate Antagonism,EP;US;WO,False
90829418,IL-323508-A,Cytarabine,Methods and uses for treating nausea and emesis,AU;BR;CA;CN;EP;HK;IL;JP;KR;MX;TW;WO,False
42537480,EP-2380909-A1,Cytarabine,PTK-7 protein involved in breast cancer,EP,False
42097274,US-20090175852-A1,Cytarabine,IMIDAZOPYRAZINES AS PROTEIN KINASE INHIBITORS,US;WO,False
70974277,US-20210269454-A1,Cytarabine,"CYCLOALKANE-1,3-DIAMINE DERIVATIVE",AU;BR;CA;CN;CO;EP;HK;ID;IL;IN;JP;KR;MX;MY;PH;RU;SG;TW;US;VN;WO;ZA,False
36425039,US-20090117127-A1,Cytarabine,Novel Compounds and Methods for Their Production,GB;US;WO,False
32326463,US-20080159980-A1,Cytarabine,Combination cancer therapy with a GST-activated anticancer compound and another anticancer therapy,AR;AU;BR;CA;CN;EP;HK;IN;JP;KR;MX;TW;US;WO,False
32073869,US-20040072824-A1,Cytarabine,Methods and compositions for the treatment of cancer,US,False
89707014,IL-318546-A,Cytarabine,ANTI-ROR1 ANTIBODY AND USE THEREOF,AU;CA;CN;EP;IL;IN;JP;KR;US;WO,False
71944948,AU-2020221339-A1,Cytarabine,Pyrimidine derivative containing compositions,AU;BR;CA;EP;IL;IN;JP;KR;US;WO,False
62491723,AU-2017372268-A1,Cytarabine,VAP polypeptide and use thereof in preparation of drug for targeted diagnosis and treatment of tumour,AU;CA;CN;EP;HK;JP;KR;US;WO,False
27734439,CA-2475818-C,Cytarabine,ARYL UREAS AS KINASE INHIBITORS,AT;AU;CA;CN;CY;DK;EP;ES;HK;JP;MX;PT;SI;US;WO,True
62789060,US-20230035723-A1,Cytarabine,Treatment of Pancreatic Cancer,AU;BR;CA;CN;EP;IL;JP;KR;MX;RU;TW;US;WO,False
63920148,US-11591368-B2,Cytarabine,Peptides for cancer treatment,CN;EP;JP;TW;US;WO,False
57218298,US-10806804-B2,Cytarabine,Compounds having RD targeting motifs and methods of use thereof,US;WO,False
83932490,EP-4313316-A2,Cytarabine,COMBINATION THERAPIES FOR THE TREATMENT OF CANCER,EP;US;WO,False
67302369,EP-3741366-B1,Cytarabine,COMPOSITION COMPRISING DUNNIONE AS EFFECTIVE INGREDIENT FOR PREVENTION OR ALLEVIATION OF HAIR LOSS,CN;EP;IN;JP;KR;US;WO,False
36203582,US-9095601-B2,Cytarabine,Cell permeable nanoconjugates of shell-crosslinked knedel (SCK) and peptide nucleic acids (“PNAs”) with uniquely expressed or over-expressed mRNA targeting sequences for early diagnosis and therapy of cancer,US;WO,False
57943516,US-20200101087-A1,Cytarabine,PHARMACEUTICAL COMPOSITIONS AND METHODS,EP;US;WO,False
37400859,US-20090274762-A1,Cytarabine,REHYDRATABLE PHARMACEUTICAL PRODUCT,DK;EP;ES;JP;PL;PT;SI;US;WO,True
62627279,NZ-754171-A,Cytarabine,Ectonucleotidase inhibitors and methods of use thereof,AU;BR;CA;CN;EA;EP;HK;IL;IN;JP;KR;MX;NZ;TW;US;WO,False
40986259,WO-2009105774-A2,Cytarabine,AMINO ACID INHIBITORS OF CYTOCHROME P450,CA;EP;US;WO,False
40259892,EP-2167103-B1,Cytarabine,SELF-ASSEMBLING AMPHIPHILIC POLYMERS AS ANTICANCER AGENTS,AP;AU;BR;CA;CN;EA;EP;HK;IL;IN;JP;KR;MX;MY;NZ;US;VN;WO,False
92756042,WO-2024192288-A2,Cytarabine,BIODEGRADABLE DENDRITIC PARTICLES FOR SUSTAINED DRUG RELEASE,EP;US;WO,False
67687355,WO-2019165366-A1,Cytarabine,DRUG EFFICACY EVALUATIONS,WO,False
40985673,US-8519136-B2,Cytarabine,Aminopyridine derivatives having aurora a selective inhibitory action,AU;CA;EP;ES;JP;US;WO,True
60325649,US-20220017538-A1,Cytarabine,THIOESTER PRODRUGS OF MACROCYCLES AS INHIBITORS OF HISTONE DEACETYLASES,CA;CN;HK;IL;JP;TW;US;WO,False
51357791,EP-3632469-B1,Cytarabine,CYP2J2 ANTAGONISTS IN THE TREATMENT OF PAIN,CA;CN;EP;ES;JP;KR;US;WO,True
39246752,EP-2805945-A1,Cytarabine,Amide substituted indazoles as poly(ADP-ribose)polymerase (PARP) inhibitors,AR;AT;AU;BR;CA;CL;CN;CO;CR;CY;DE;DK;DO;EA;EC;EP;ES;GB;GC;GE;GT;HK;HN;HR;HU;ID;IL;JP;KR;LT;LU;MA;ME;MO;MX;MY;NL;NO;NZ;PE;PL;PT;RS;SI;SV;TN;TW;UA;US;VN;WO;ZA,True
71787033,US-20240132567-A1,Cytarabine,METHODS OF TREATING CANCER,AU;BR;CA;CL;CN;CO;EP;HK;ID;IL;IN;JP;KR;MA;MX;MY;RU;SG;US;WO;ZA,False
64394886,SG-11202103691S-A,Cytarabine,TARGET FOR ANTI-CANCER THERAPY,CN;EP;GB;JP;SG;US;WO,False
95743348,WO-2025106552-A1,Cytarabine,METHODS AND COMPOSITIONS FOR TREATMENT OF LEUKEMIA,WO,False
65362567,WO-2019036043-A2,Cytarabine,A METHOD TO GENERATE A COCKTAIL OF PERSONALIZED CANCER VACCINES FROM TUMOR-DERIVED GENETIC ALTERATIONS FOR THE TREATMENT OF CANCER,WO,False
75382459,WO-2021072349-A1,Cytarabine,SYNERGISTIC COMBINATION OF CHEMOTHERAPY AND PEPTIDE FOR TREATING CANCER,US;WO,False
27255828,EP-1313762-B1,Cytarabine,SUPPRESSOR GENE,AT;AU;CA;CN;CY;DE;DK;EP;ES;HK;JP;PT;US;WO,True
38828684,US-20100021420-A1,Cytarabine,COMBINATIONS OF PYRAZOLE DERIVATIVES FOR THE INHIBITION OF CDKS AND GSK&apos;S,EP;GB;JP;US;WO,False
78467750,WO-2021223398-A1,Cytarabine,CRYSTAL FORM FOR TREATING LIVER DISEASE AND USE THEREOF,AU;WO;ZA,False
25348415,EP-1393750-A2,Cytarabine,Conjugates for treating an immune disease,AT;AU;CA;DE;DK;EP;ES;HK;IL;JP;PT;US;WO,True
62025902,AU-2018242612-A1,Cytarabine,Dose and regimen for an HDM2-p53 interaction inhibitor in hematological tumors,AU;CA;CN;EP;ES;HK;IL;JP;KR;MX;RU;TW;US;WO,True
24781498,WO-2002065981-A2,Cytarabine,CHEMOTHERAPEUTIC COMPOSITION USING CALCIUM PHOSPHATE PASTE,AU;WO,False
46304573,US-8013128-B2,Cytarabine,Antibodies and related molecules that bind to PSCA proteins,US,False
50513470,US-20220184111-A1,Cytarabine,METHODS FOR MODULATING CHEMOTHERAPEUTIC CYTOTOXICITY,AU;CA;EP;US;WO,False
86902538,EP-4454646-A1,Cytarabine,"COMBINATION THERAPY INVOLVING RADIOTHERAPY AND HYPOXIA-RESPONSIVE PRODRUG OF ANTICANCER DRUG, AND NOVEL HYPOXIA-RESPONSIVE PRODRUG",CA;CN;EP;IN;JP;US;WO,False
35782284,CA-2570570-A1,Cytarabine,"COMPOSITIONS AND METHODS FOR THE CO-DELIVERY OF ANTI-CANCER DRUGS, ANTI-ANGIOGENIC DRUGS, AND A POLYSACCHARIDE",BR;CA;CN;EP;JP;WO,False
48430147,WO-2013074794-A1,Cytarabine,LATENT HUMAN IMMUNODEFICIENCY VIRUS REACTIVATION,US;WO,False
56366748,US-20160199399-A1,Cytarabine,METHODS FOR PREDICTING DRUG RESPONSIVENESS IN CANCER PATIENTS,US,False
48799821,US-20140221442-A1,Cytarabine,USE OF DIANHYDROGALACTITOL AND ANALOGS AND DERIVATIVES THEREOF TO TREAT GLIOBLASTOMA MULTIFORME,US,False
83848664,US-20240238282-A1,Cytarabine,METHODS OF TREATING CANCER AND ISCHEMIA DISEASES BY INHIBITION AND INTERVENTION OF ATR PROLYL ISOMERIZATION,US;WO,False
82740640,US-20230391824-A1,Cytarabine,"RATIONALE, DESIGN, SYNTHESIS AND VALIDATION OF A SMALL MOLECULE ANTICANCER AGENT",CA;EP;US;WO,False
44305136,EP-2514483-A1,Cytarabine,"ADJUVANT IMMUNOTHERAPY FOR THE PREVENTIVE, CURATIVE OR PALLIATIVE TREATMENT OF CHRONIC SYSTEMIC DISEASES SUCH AS CANCER, OF CLINICAL MANIFESTATIONS ASSOCIATED WITH THESE DISEASES, SUCH AS CACHEXIA, AND REMEDYING ADVERSE EFFECTS OF DRUGS AND TREATMENTS, SUCH AS IMMUNODEPRESSION, NEUTROPENIA AND LYMPHOCYTOPENIA, COMPRISING THE ASSOCIATION OR COMBINATION OF A SPECIALLY SELECTED BIOLOGICAL RESPONSE MODIFIER AND OTHER ANTINEOPLASTIC COMPOUNDS AND/OR OTHER TREATMENTS",BR;EP;US;WO,False
57942495,CA-2991868-A1,Cytarabine,MOTILE SPERM DOMAIN CONTAINING PROTEIN 2 AND CANCER,AU;CA;CN;EP;ES;HK;IL;JP;NZ;US;WO,True
93936415,WO-2024263889-A2,Cytarabine,COMBINATION THERAPY INVOLVING MACROCYCLIC INDAZOLE COMPOUNDS,AR;AU;CA;CN;EP;IL;IN;JP;KR;MX;TW;WO,False
40454684,US-20150071853-A1,Cytarabine,"NUCLEOTIDE AND PROTEIN SEQUENCES OF AN ANTIBODY DIRECTED AGAINST AN EPITOPE COMMON TO HUMAN ACIDIC AND BASIC FERRITINS, MONOCLONAL ANTIBODIES OR ANTIBODY-LIKE MOLECULES COMPRISING THESE SEQUENCES AND USE THEREOF",US,False
44872597,US-20130244963-A1,Cytarabine,"COMBINATION THERAPY WITH 4-(3-(2H-1,2,3-TRIAZOL-2-YL)PHENYLAMINO)-2-((1R,2S)-2-AMINOCYCLOHEXYLAMINO)PYRIMIDINE-5-CARBOXAMIDE",US;WO,False
4160148,US-20020146462-A1,Cytarabine,Anti-tumor therapies comprising a combination of a cartilage extract and an anti-neoplastic agent providing high efficacy and low toxic side effects,AT;AU;BR;CA;CN;DE;DK;EP;ES;HK;IL;JP;KR;MX;NO;NZ;PT;RU;US;WO,True
75916737,KR-102334899-B1,Cytarabine,PEPTIDES FNIN2 INHIBITING CANCER CELL PROLIFERATION AND USES THEREOF,KR,False
59366053,EP-3485876-B1,Cytarabine,ORAL PHARMACEUTICAL COMPOSITION AND METHOD FOR PRODUCING PARTICULATE FORMULATION COMPRISING COMPOSITION,EP;IN;JP;US;WO,False
36169045,AU-2006201129-A1,Cytarabine,Novel administration of thrombopoietin,AU;CA;EP;JP;WO,False
40086407,WO-2010000793-A1,Cytarabine,FERROCENE DERIVATIVES HAVING ANTINEOPLASTIC ACTIVITY,EP;ES;FR;US;WO,True
39636645,EP-2567937-A1,Cytarabine,Biommetic hadroxyapatite composite materials and methods for the preparation thereof,AU;CA;EP;US;WO,False
40229514,AU-2008274956-A1,Cytarabine,Inhibitors of Akt/PKB with anti-tumor activity,AU;BR;CA;CN;EP;IN;JP;KR;MX;US;WO,False
55747501,US-12220464-B2,Cytarabine,"Specific conjugation linkers, specific immunoconjugates thereof, methods of making and uses such conjugates thereof",AU;CA;EP;HK;IN;MY;NZ;PH;SG;US;WO;ZA,False
73046797,AU-2023251416-B2,Cytarabine,Phenylaminopyrimidine amide autophagy inhibitors and methods of use thereof,AU;BR;CA;CL;CN;CO;DK;EA;EP;ES;FI;HK;HR;HU;ID;IL;IN;JP;KR;LT;MA;MO;MX;MY;PE;PH;PL;PT;RS;SG;SI;SM;TW;US;WO,True
43411387,US-20230149500-A1,Cytarabine,SMAC MIMETIC,AP;AR;AU;BR;CA;CL;CN;CO;DK;EA;EC;EP;ES;HK;HU;IL;IN;JP;KR;MX;MY;NZ;OA;PE;SG;TW;UA;US;WO;ZA,True
33551919,US-20050042225-A1,Cytarabine,Compositions and methods for restoring sensitivity of tumor cells to antitumor therapy and inducing apoptosis,CA;EP;HK;JP;KR;US;WO,False
66625238,EP-3810147-A1,Cytarabine,NOVEL DNA POLYMERASE GAMMA INHIBITOR AND USES THEREOF,EP;US;WO,False
44902073,EP-3159331-A1,Cytarabine,TETRAZOLONES AS INHIBITORS OF FATTY ACID SYNTHASE,CA;EP;HK;TW;US;WO,False
41226391,CA-2723944-A1,Cytarabine,ANTI-CANCER COMBINATION THERAPY,AU;CA;EP;JP;US;WO,False
50341913,US-9872919-B2,Cytarabine,Prodrugs for selective anticancer therapy,US;WO,False
34910973,US-20210046147-A1,Cytarabine,COMBINATORIAL THERAPIES FOR THE TREATMENT OF NEOPLASIAS USING THE OPIOID GROWTH FACTOR RECEPTOR,AU;CA;EP;JP;US;WO,False
49552383,US-20150290235-A1,Cytarabine,USE OF SMALL MOLECULE INHIBITORS/ACTIVATORS IN COMBINATION WITH (DEOXY)NUCLEOSIDE OR (DEOXY)NUCLEOTIDE ANALOGS FOR TREATMENT OF CANCER AND HEMATOLOGICAL MALIGNANCIES OR VIRAL INFECTIONS,EP;US;WO,False
26669546,US-20010047015-A1,Cytarabine,Pharmaceutical composition for inhibiting the growth of cancers,AR;AU;BR;CA;CN;CZ;EP;HK;HU;IL;JP;KR;MX;NO;PL;RU;SK;TR;US;VN;WO,False
77365957,US-11933783-B2,Cytarabine,Liquid biopsy yield enhancement,AU;CA;EP;JP;US;WO,False
32071253,EP-1947113-B1,Cytarabine,P53 BINDING POLYPEPTIDE,AT;AU;CA;CN;DE;EP;HK;JP;US;WO,False
77670974,AU-2021236302-A1,Cytarabine,Novel anti-LILRB4 antibodies and derivative products,AU;BR;CA;CN;EP;HK;IN;JP;KR;US;WO,False
62108996,WO-2018085877-A1,Cytarabine,A METHOD OF TREATMENT,AU;US;WO,False
52784962,EP-2930248-B1,Cytarabine,METHOD FOR PREDICTING SENSITIVITY OF OSTEOSARCOMA PATIENT TO ANTICANCER AGENT,EP;JP,False
32981714,EP-1656124-A1,Cytarabine,METHODS AND COMPOSITIONS FOR THE TREATMENT OF CANCER,AU;EP;WO,False
78270188,US-20230173295-A1,Cytarabine,"Systems, Devices, and Methods for Gamma Entrainment using Sensory Stimuli to Alleviate Cognitive Deficits and/or Neuroinflammation Induced by Chemotherapy Agents",US;WO,False
65896235,US-20190099424-A1,Cytarabine,"Pharmaceutical Composition for Decreasing The Side Effects of Pancreatic Cancer Drug, and Manufacturing Method and Uses Thereof",US,False
69718615,CA-3054640-A1,Cytarabine,PROGNOSIS AND TREATMENT OF RELAPSING LEUKEMIA,CA;US,False
74211326,AU-2020315388-A1,Cytarabine,Methods useful in treating cancers harboring a KRAS or HRAS mutation or amplification,AU;CA;CN;EP;JP;US;WO,False
33545335,WO-2004112730-A2,Cytarabine,METHOD AND COMPOSITIONS FOR TREATING TUMORS,WO,False
46256670,US-6316522-B1,Cytarabine,Bioresorbable hydrogel compositions for implantable prostheses,US,False
62491409,US-20200055909-A1,Cytarabine,CHIMERIC CHLOROTOXIN RECEPTORS,AU;CA;CN;EP;HK;IL;JP;KR;US;WO,False
40577735,HK-1149034-A1,Cytarabine,IMMUNOCONJUGATES TARGETING CD138 AND USES THEREOF,AR;AU;BR;CA;CN;DK;EP;ES;HK;HR;HU;IL;IN;JP;KR;MX;PL;PT;RU;SI;TW;US;WO;ZA,True
45493809,EP-2598531-B1,Cytarabine,METHODS AND COMPOSITIONS FOR LIVER CANCER THERAPY,AR;AU;BR;CA;CN;EA;EP;ES;JP;KR;NZ;PL;SG;US;WO;ZA,True
71075883,US-20220098262-A1,Cytarabine,ANTIBODY-TUMOR NECROSIS FACTOR alpha FUSION PROTEIN AND ITS PREPARATION AND APPLICATIONS,CN;US;WO,False
51581450,CA-2906198-A1,Cytarabine,ANTISENSE OLIGONUCLEOTIDES FOR TREATMENT OF CANCER STEM CELLS,BR;CA;CL;CN;DK;EP;ES;HK;HU;JP;MX;PL;US;WO,True
63713964,WO-2020053627-A1,Cytarabine,TARGETED SINGLE DOMAIN ANTIBODIES WITH CATALYTIC ACTIVITY (T-CAN),WO,False
46172472,WO-2012074842-A2,Cytarabine,COMPOSITIONS AND METHODS FOR TREATING NEOPLASIA,WO,False
53797129,US-20170281767-A1,Cytarabine,COMBINATION THERAPY FOR INDUCING IMMUNE RESPONSE TO DISEASE,US,False
51020000,US-20150352144-A1,Cytarabine,USE OF ALGINATE COMPOSITIONS IN PREVENTING OR REDUCING LIVER DAMAGE CAUSED BY A HEPATOTOXIC AGENT,EP;IL;US;WO,False
40432105,US-20090068247-A1,Cytarabine,BIOCOMPATIBLE DEVICES COATED WITH A TRIBONECTIN AND METHODS FOR THEIR PRODUCTION,US,False
63671917,US-10568880-B2,Cytarabine,Glucocorticoid receptor modulators to treat cervical cancer,AU;CA;CN;DK;EP;ES;FI;HK;IL;IN;JP;KR;MX;NZ;PH;PL;PT;RU;SG;UA;US;WO;ZA,True
93664422,EP-4644531-A1,Cytarabine,PROBIOTIC COMPOSITION FOR PREVENTING AND TREATING ANTI-TUMOR TREATMENT-RELATED DIARRHEA AND USE THEREOF,CN;EP;JP;KR;US;WO,False
54009360,EP-3111931-B1,Cytarabine,PHARMACEUTICAL COMPOSITION FOR CANCER TREATMENT CONTAINING GOSSYPOL AND PHENFORMIN AS ACTIVE INGREDIENTS,CN;DK;EP;ES;HK;IN;JP;KR;US;WO,True
47351354,EP-2928465-B1,Cytarabine,USE OF MALEIMIDE DERIVATIVES FOR PREVENTING AND TREATING CANCER,CA;EP;ES;JP;US;WO,True
44227153,CA-2786255-A1,Cytarabine,"FORMULATIONS FROM NATURAL PRODUCTS, TURMERIC, AND ASPIRIN",CA;WO,False
56075036,WO-2016086118-A1,Cytarabine,GLYCEROL-BASED POLYCARBONATES,US;WO,False
65012059,CA-3084905-A1,Cytarabine,COMPOSITION AND METHOD FOR TREATING PERIPHERAL T-CELL LYMPHOMA AND CUTANEOUS T-CELL LYMPHOMA,AU;BR;CA;CL;CN;CO;EA;EP;HK;IL;IN;JP;KR;MX;SG;US;WO,False
53274162,WO-2015085171-A1,Cytarabine,ROLE OF MCP-1 IN RELAPSE OF ACUTE MYELOID LEUKEMIA AFTER HEMATOPOIETIC STEM CELL TRANSPLANTATION,WO,False
70728635,US-11123437-B2,Cytarabine,Selective CXCR4 binding peptide conjugate and methods for making and using the same,CN;EP;JP;US;WO,False
37605185,EP-1948600-B1,Cytarabine,LIVER TARGETED CONJUGATES,EP;US;WO,False
25144634,AU-729099-B2,Cytarabine,"Kit for inhibiting the growth of cancers, comprising a chemotherapeutic agent and a benzimidazole, and optionally a potentiator",AR;AU;BR;CA;CN;CZ;EP;HK;HU;ID;IL;JP;KR;MX;NO;PL;RU;SK;TR;US;VN;WO;ZA,False
79554274,WO-2022015974-A2,Cytarabine,SUBSTITUTED 4-(3-AMINOPROP-1-YL)AMINOQUINOLINE ANALOGS AS MODULATORS OF MELANOMA-ASSOCIATED ANTIGEN 11 UBIQUITIN LIGASE,US;WO,False
65040412,WO-2019023263-A1,Cytarabine,METHODS AND COMPOSITIONS FOR TREATING TUMORS COMPRISING A BCR-ABL1 GENE FUSION,WO,False
47992780,US-9056133-B2,Cytarabine,Pharmaceutical kit and method for treating cancer,US,False
24622927,EP-0912535-B1,Cytarabine,CONJUGATES OF CIS-DOCOSAHEXAENOIC ACID AND PACLITAXEL,AT;AU;CA;DE;DK;EP;ES;HK;JP;US;WO,True
67805580,AU-2019227823-B2,Cytarabine,WEE1 kinase inhibitors and methods of treating cancer using the same,AU;CA;EP;JP;US;WO,False
35599927,US-20060014225-A1,Cytarabine,Vimentin directed diagnostics and therapeutics for multidrug resistant neoplastic disease,AU;CA;EP;JP;US;WO,False
74114801,WO-2021006822-A1,Cytarabine,PHARMACEUTICAL COMPOSITIONS HAVING SYNERGISTIC EFFECTS OF NATURAL EXTRACTS FOR CANCER TREATMENT UNDERGOING CHEMOTHERAPY,WO,False
62025497,US-11311537-B2,Cytarabine,Diagnosis and treatment of lymphoproliferative disorders with PARP inhibitors,EP;US;WO,False
80588060,US-11273172-B2,Cytarabine,Synergistic combination of oligonucleotides and chemotherapeutic for treating cancer,US,False
51351327,US-9657093-B2,Cytarabine,Methods for treating sepsis using chimeric and humanized anti-histone antibodies,CA;CN;EP;US;WO,False
44799061,US-20170312233-A1,Cytarabine,POTENTIATION OF ANTI-CANCER ACTIVITY THROUGH COMBINATION THERAPY WITH BER PATHWAY INHIBITORS,EP;ES;US;WO,True
49081602,WO-2013127268-A1,Cytarabine,AMIDO-BENZYL SULFONE AND SULFONAMIDE DERIVATIVES,WO,False
59416804,US-20190240348-A1,Cytarabine,PHARMACEUTICAL PRODRUGS AND METHODS OF THEIR PREPARATION AND USE,EP;US;WO,False
56978696,US-20180100859-A1,Cytarabine,SURROGATE FUNCTIONAL BIOMARKER FOR SOLID TUMOR CANCER,EP;US;WO,False
43356751,US-20120197060-A1,Cytarabine,RADIATION ENHANCED MACROMOLECULAR DELIVERY OF THERAPEUTIC AGENTS FOR CHEMOTHERAPY TECHNOLOGY,US;WO,False
39536706,HK-1137929-A1,Cytarabine,THERAPEUTICS FOR TREATING CANCER USING 3-BROMOPYRUVATE,EP;HK;US;WO,False
33418401,CA-2826735-A1,Cytarabine,METHODS FOR TREATING CANCER USING AN IMMUNOTOXIN,AU;CA;CN;DK;EP;ES;HK;HU;IL;JP;PL;PT;US;WO,True
82548528,AU-2022210179-A1,Cytarabine,"INTERFERON-BASED CANCER TREATMENT METHOD, AND PHARMACEUTICAL COMBINATION",AU;CA;CN;EP;HK;JP;KR;TW;US;WO;ZA,False
53479670,US-9890136-B2,Cytarabine,Selective HDAC6 inhibitors,CA;US;WO,False
94977314,US-20250090474-A1,Cytarabine,BIOMIMETIC INTRAOCULAR DRUG DELIVERY SYSTEM FOR TREATMENT OF RETINOBLASTOMA AND METHODS THEREOF,US,False
77612901,US-20240201168-A1,Cytarabine,COMPOSITION FOR DIAGNOSIS OR TREATMENT OF ANTICANCER DRUG RESISTANCE,CN;KR;US;WO,False
27309798,US-20020010210-A1,Cytarabine,PHARMACEUTICAL PREPARATION AND METHOD FOR TREATING CANCER,EP;JP;US,False
61837599,EP-3459567-B1,Cytarabine,TUMOR CELL-SPECIFIC RESPONSIVE SELF-ASSEMBLING DRUG NANOCONJUGATE,CN;EP;KR;US,False
24715919,EP-1345604-B1,Cytarabine,USE OF A ALPHA-HALOGEN-ACRYLOYL DISTAMYCIN DERIVATE FOR THE PREPARATION OF A MEDICAMENT FOR THE TREATMENT OF CANCER,AT;AU;BR;CA;CN;CZ;DE;EA;EE;EP;ES;HK;HU;IL;JP;KR;MX;MY;NO;PE;PL;SK;US;WO;ZA,True
53007207,US-20150125386-A1,Cytarabine,HUMANIZED ANTI-CEACAM5 ANTIBODY AND USES THEREOF,CA;EP;US;WO,False
64735459,WO-2018232502-A1,Cytarabine,TRANSFECTION REAGENTS FOR DELIVERY OF NUCLEIC ACIDS,CA;US;WO,False
48698536,CA-2862259-A1,Cytarabine,CINNAMIC ACID HYDROXYAMIDES AS INHIBITORS OF HISTONE DEACETYLASE 8,AU;CA;CN;EP;HK;JP;MX;US;WO,False
56879471,AU-2016229710-A1,Cytarabine,Cell therapeutic agent for cancer treatment and combination therapy with same,AU;BR;CA;CN;EP;ES;HK;IL;IN;JP;KR;NZ;SG;US;WO,True
49514841,WO-2013166110-A1,Cytarabine,TLR-AGONIST-CONJUGATED ANTIBODY RECRUITING MOLECULES (TLR_ARMS),US;WO,False
34102707,US-7662987-B2,Cytarabine,Methods for synthesis of acyloxyalkyl compounds,US;WO,False
92043006,WO-2025017212-A1,Cytarabine,UDP-GLUCOSE CERAMIDE GLUCOSYLTRANSFERASE SYNTHASE (UGCG) INHIBITORS IN THE TREATMENT OF CANCER,CA;EP;JP;WO,False
42005735,US-9844509-B2,Cytarabine,High throughput fabrication of nanoparticles,US;WO,False
61016897,US-20190151362-A1,Cytarabine,COMPOSITIONS AND METHODS OF CELLULAR IMMUNOTHERAPY,CN;EP;ES;HK;JP;KR;US;WO,True
36143103,US-20060079510-A1,Cytarabine,Use of PARP-1 inhibitors for protecting tumorcidal lymphocytes from apoptosis,US;WO,False
45470044,US-20170290915-A1,Cytarabine,METHODS FOR DELIVERING AN ANTI-CANCER AGENT TO A TUMOR,US;WO,False
28676385,US-20050222387-A1,Cytarabine,Smac-peptides as therapeutics against cancer and autoimmune diseases,AU;EP;JP;US;WO,False
53525121,US-10287294-B2,Cytarabine,Compounds for use in treating or preventing cancerous diseases,EP;US;WO,False
47505386,SG-182216-A1,Cytarabine,SELF-ASSEMBLING AMPHIPHILIC POLYMERS AS ANTICANCER AGENTS,SG,False
39589207,US-20120077834-A1,Cytarabine,Methods of Use of Cyclopamine Analogs,AR;AU;BR;CA;CL;CN;DK;EP;ES;GC;HK;ID;IL;IN;JO;JP;KR;MX;NO;NZ;PE;PL;PT;RU;SG;TW;UA;US;WO;ZA,True
77265311,WO-2022020281-A1,Cytarabine,"COMBINATION THERAPY WITH A MUTANT IDH1 INHIBITOR, A DEOXYADENOSINE ANALOG, AND A PLATINUM AGENT",CA;CN;EP;HK;JP;US;WO,False
47021790,US-9132131-B2,Cytarabine,Use of adenosine A3 receptor agonists for treatment of neuropathic pain,US;WO,False
50931175,US-20140170241-A1,Cytarabine,COILED COIL HELIX CRISTAE MORPHOLOGY 1 (CHCM1) TUMOR MARKER AND CANCER THERAPEUTIC TARGET,US,False
36637122,US-20100068203-A1,Cytarabine,17-Oxymacbecin Derivatives and Their Use in the Treatment of Cancer and/or B-Cell Malignancies,AU;BR;CA;CN;EP;GB;IN;JP;KR;MX;US;WO,False
53057842,IL-288674-B2,Cytarabine,"7-benzyl-4-(2-methylbenzyl)-2,4,6,7,8,9-hexahydroimidazo[1,2-a]pyrido[3,4-e]pyrimidin-5(1h)-one, salts thereof and methods of use",AU;BR;CA;CN;CY;DK;EA;EP;ES;HK;HR;HU;IL;IN;JP;KR;LT;ME;MO;MX;NZ;PL;PT;RS;SG;SI;SM;TR;US;WO,True
48986164,US-20160113957-A1,Cytarabine,HYDROPHOBICALLY MODIFIED ANTISENSE OLIGONUCLEOTIDES COMPRISING A TRIPLE ALKYL CHAIN,EP;ES;US;WO,True
38288484,US-20110091452-A1,Cytarabine,"4,5-Dihydromacbecin Derivatives and Their Use in the Treatment of Cancer or B-Cell Malignancies",US;WO,False
54554092,EP-3146978-B1,Cytarabine,INHIBITION OF CANCER STEM CELL PROLIFERATION,AU;CA;CN;EP;ES;IN;JP;KR;MX;RU;TW;US;WO,True
93060013,WO-2024215577-A1,Cytarabine,METHODS OF MODULATING THE EPITHELIAL-MESENCHYMAL TRANSITION,EP;WO,False
92532462,US-20250242040-A1,Cytarabine,"ALBUMIN CONJUGATE, PREPARATION METHOD THEREFOR AND USE THEREOF",CN;US;WO,False
48470210,EP-2782994-B1,Cytarabine,SMALL MOLECULE ENHANCER FOR DENDRITIC CELL CANCER VACCINES,AU;CA;CN;EP;HK;IL;JP;US;WO,False
47356888,EP-2738158-A1,Cytarabine,"METAL SALEN COMPLEX COMPOUND, LOCAL ANESTHETIC, AND ANTI-MALIGNANT TUMOR AGENT",CN;EP;IN;JP;RU;US;WO,False
88511241,AU-2023351704-A1,Cytarabine,COMPOSITIONS FOR THE TREATMENT AND PREVENTION OF CANCER,AU;EP;MX;US;WO,False
49578592,US-20140134172-A1,Cytarabine,ANTI-DLL4/VEGF DUAL VARIABLE DOMAIN IMMUNOGLOBULIN AND USES THEREOF,AR;AU;BR;CA;CL;CN;CR;DO;EC;EP;GC;GT;HK;ID;IL;IN;JP;KR;MX;MY;NZ;PE;PH;RU;SG;TW;UA;US;UY;VN;WO,False
37487994,US-20070066621-A1,Cytarabine,"Novel 4-cyano, 4-amino, and 4-aminomethyl derivatives of pyrazolo[1,5-a]pyridines, pyrazolo[1,5-c]pyrimidines and 2h-indazole compounds and 5-cyano, 5-amino, and 5-aminomethyl derivatives of imidazo[1,2-a]pyridines, and imidazo[1,5-a]pyrazines as cyclin dependent kinase inhibitors",AT;CA;CN;DE;EP;ES;HK;JP;US;WO,True
54699930,WO-2015184383-A1,Cytarabine,ARYL-SUBSTITUTED IMIDAZOLES AND METHODS OF MAKING AND USING SAME,WO,False
10862304,US-6642240-B2,Cytarabine,Treating emesis in a mammal,AR;AT;AU;BR;CA;CN;CO;CY;CZ;DE;DK;EP;ES;GB;HK;HU;IL;IN;JP;KR;MX;MY;NO;NZ;PE;PL;PT;SI;TN;TR;TW;US;WO;ZA,True
38189037,US-20070122414-A1,Cytarabine,Surface marker-directed cancer therapeutics,US;WO,False
28041801,US-20030186965-A1,Cytarabine,C12-cyano epothilone derivatives,AU;US;WO,False
24229586,US-20010044457-A1,Cytarabine,Cancer Treatment,AU;US;WO,False
47529672,JP-2013023498-A,Cytarabine,MEDICAMENT AND NUTRITIONAL SUPPLEMENT COMPRISING EXTRACT OF TAIWANESE GREEN PROPOLIS,CN;JP;TW,False
42289326,AU-2015230806-A1,Cytarabine,METHODS OF TREATING PROLIFERATIVE DISEASES,AU;CA;CY;DK;EP;ES;FI;HR;HU;LT;LU;NL;NO;NZ;PL;PT;SI;SM;US;WO,True
52432311,US-20160166637-A1,Cytarabine,METHODS OF TREATING A CANCER THROUGH TARGETED DISRUPTION OF ALPHA CONNEXIN 43-ZONULA OCCLUDENS-1 (ZO-1) INTERACTION,US;WO,False
52684675,US-12383533-B2,Cytarabine,Antimitotic amides for the treatment of cancer and proliferative disorders,AU;BR;CA;CN;EP;ES;HK;IL;IN;JP;KR;MX;RU;SG;US;WO;ZA,True
61017736,EP-3400955-B1,Cytarabine,USE OF CRYPTONIN FOR TREATMENT OF CANCER,EP,False
22485908,AU-765625-B2,Cytarabine,Activation and protection of T-cells (CD4+ and CD8+) using an H2 receptor agonist and other T-cell activating agents,AU;CA;CN;EP;HK;IL;IN;JP;KR;TW;US;WO;ZA,False
87766773,US-20250170238-A1,Cytarabine,ANTI-ALARMIN BINDING MOLECULES AND TREATMENT OF PNEUMONITIS,EP;HK;US;WO,False
42782226,EP-2445506-B1,Cytarabine,"THE USE OF SPINOSYNS AND SPINOSYN COMPOSITIONS AGAINST DISEASES CAUSED BY PROTOZOANS, VIRAL INFECTIONS AND CANCER",CA;EP;US;WO,False
42356217,EP-2389068-A1,Cytarabine,HEDGEHOG PATHWAY INHIBITORS,CA;EP;JP;US;WO,False
48142962,US-20150231219-A1,Cytarabine,DOSAGE AND ADMINISTRATION OF MONOSPECIFIC AND BISPECIFIC ANTI-IGR-1R AND ANTI-ERBB3 ANTIBODIES,AU;BR;CA;CN;EP;HK;IL;IN;JP;KR;MX;US;WO,False
49877035,US-20250223292-A1,Cytarabine,COMPOUNDS USEFUL AS INHIBITORS OF ATR KINASE,AR;AU;BR;CA;CN;CY;DK;EP;ES;FI;HK;HR;HU;IL;IN;JP;KR;LT;ME;MX;NZ;PL;PT;RS;RU;SG;SI;SM;TR;TW;US;WO;ZA,True
77291382,US-20230132982-A1,Cytarabine,"USE OF PYRIDO[1,2-A]PYRIMIDINONE COMPOUND IN TREATING LYMPHOMA",AU;CA;CN;EP;HK;JP;US;WO,False
36425033,US-20090298804-A1,Cytarabine,Novel Compounds and Methods for Their Production,GB;US;WO,False
36425027,US-20090209507-A1,Cytarabine,15-O-Desmethylmacbecin Derivatives and Their Use in the Treatment of Cancer or B-Cell Malignancies,GB;US;WO,False
34970551,US-20080166428-A1,Cytarabine,Sensitization to another anticancer therapy and/or amelioration of a side effect of another anticancer therapy by treatment with a GST-activated anticancer compound,AR;AU;BR;CA;CN;EP;HK;JP;KR;MX;TW;US;WO,False
81674447,CN-114533875-A,Cytarabine,2-氰基非那烯酮类化合物在制备治疗耐药肿瘤的药物中的应用,CN,False
74883667,AU-2020350524-A1,Cytarabine,Immunotherapy compounds and methods,AU;BR;CA;CN;EP;HK;IL;IN;JP;KR;US;WO,False
56610023,AU-2016302928-B2,Cytarabine,"Anti-PSMA antibodies, bispecific antigen-binding molecules that bind PSMA and CD3, and uses thereof",AR;AU;CA;CN;CY;DK;EA;EP;ES;FI;HK;HR;HU;JO;JP;KR;LT;MA;MD;PL;PT;RS;SI;SM;TW;US;UY;WO,True
47911523,EP-2758078-A1,Cytarabine,ANTI-HLA-DR ANTIBODIES SUPPRESS ALLOGENEIC AND XENOGENEIC IMMUNE RESPONSES TO ORGAN TRANSPLANTS,CA;EP;US;WO,False
34069053,US-20050014712-A1,Cytarabine,Oligomeric compounds for the modulation survivin expression,US,False
28041767,US-6719540-B2,Cytarabine,C3-cyano epothilone derivatives,AT;AU;CY;DE;DK;EP;ES;PT;SI;US;WO,True
54698087,US-20170071976-A1,Cytarabine,"PHARMACEUTICAL SOLUTION HAVING ANTI-TUMOR EFFECT-ENHANCING AND TOXICITY-REDUCING EFFECT, AND PHARMACEUTICAL COMPOSITION COMPRISING SAME",US,False
24312175,US-20020019415-A1,Cytarabine,Cancer treatment,AU;US;WO,False
80950778,IL-301842-A,Cytarabine,METHODS AND COMPOSITIONS FOR SYNERGISTIC UPTAKE AND RETENTION OF SMALL MOLECULE LIGANDS,AU;CA;EP;IL;JP;US;WO,False
58634582,EP-4046655-A9,Cytarabine,ANTIBODIES SPECIFICALLY BINDING PD-1 AND THEIR USES,AR;AU;BR;CA;CL;CN;CO;CR;CY;DK;EA;EC;EP;ES;GC;GT;HK;HR;HU;ID;IL;IN;JO;JP;KR;LT;MA;MD;MO;MX;MY;NI;NZ;PE;PH;PL;PT;RS;SG;SI;SM;SV;TW;UA;US;VN;WO;ZA,True
26072883,EP-1229130-B1,Cytarabine,Tests based on nucleic acids of endosymbiont cellular organelles,CA;CN;DK;EP;ES;HK;IL;JP;KR;NZ;US;WO,True
78707458,WO-2021236080-A1,Cytarabine,METHODS OF TREATING CANCERS,CN;EP;HK;JP;WO,False
50488836,US-20220331383-A1,Cytarabine,TREATMENT METHODS USING ADENOVIRUS,AU;BR;CA;CN;CY;DK;EA;EP;ES;HK;HR;HU;IL;IN;JP;KR;LT;MX;NZ;PL;PT;RS;SG;SI;US;WO;ZA,True
46672320,EP-2682384-A1,Cytarabine,AUTO-MAGNETIC METAL SALEN COMPLEX COMPOUND,CN;EP;IN;JP;SG;US;WO,False
29714851,EP-2255836-B1,Cytarabine,Medical devices containing rapamycin analogs,AT;AU;BR;CA;CN;DE;EP;HK;IN;JP;PL;US;WO;ZA,False
45999941,CA-2864060-C,Cytarabine,OLIGONUCLEOTIDES FOR MODULATING GENE EXPRESSION AND USES THEREOF,AR;AU;BR;CA;CN;CY;DK;EP;ES;HK;HU;IN;IT;JP;KR;LT;MA;NO;PL;PT;RS;RU;SG;SI;SM;TN;US;WO,True
35311854,CA-2570321-C,Cytarabine,INHIBITORS OF IAP,AU;BR;CA;CN;CY;DK;EP;ES;HK;IL;IN;JP;KR;MX;NO;NZ;PL;PT;RS;RU;SI;US;WO;ZA,True
36203199,WO-2006043800-A1,Cytarabine,USE OF MEMANTINE FOR THE PREVENTION OF NEUROTOXIC REACTIONS CAUSED BY ANTILEUKEMIC CHEMOTHERAPY,WO,False
57614460,CA-3006758-A1,Cytarabine,"CYCLING THERAPY USING 3-(5-AMINO-2-METHYL-4-OXO-4H-QUINAZOLIN-3-YL)-PIPERIDINE-2,6-DIONE",AU;BR;CA;CL;EA;EP;IL;JP;KR;MX;SG;US;WO,False
38655842,WO-2007127488-A1,Cytarabine,COMPOSITIONS AND METHODS FOR TREATING OR PREVENTING DISEASES OF BODY PASSAGEWAYS,EP;IN;JP;US;WO,False
74100872,EP-3995480-A1,Cytarabine,AKR1C3 INHIBITOR AND MEDICAL USE,CN;EP;JP;KR;US;WO,False
57126955,EP-3283463-B1,Cytarabine,DIMERIC QUINACRINE DERIVATIVES AS AUTOPHAGY INHIBITORS FOR CANCER THERAPY,EP;US;WO,False
80117712,IL-300369-A,Cytarabine,"THERAPIES FOR TREATING AML AND USES OF RARA AGONISTS, HYPOMETHYLATING AGENTS, AND BCL-2 INHIBITORS",AU;BR;CA;CN;EP;HK;IL;JP;KR;MX;US;WO,False
74335701,AU-2021307014-A1,Cytarabine,miR-30a-5p and application thereof in promoting nerve regeneration and repairing peripheral nerve injury,AU;CN;WO,False
90468446,WO-2025196322-A2,Cytarabine,"CYTOTOXIC POLYNUCLEOTIDES, PARTICLES CONTAINING THE CYTOTOXIC POLYNUCLEOTIDES AND USES THEREOF",WO,False
93431707,WO-2024231899-A1,Cytarabine,COMPOUNDS FOR NOS-RELATED CANCERS AND METHODS OF USE,EP;IL;WO,False
47324128,US-10765648-B2,Cytarabine,iNKT cell modulators and methods of using the same,DK;EP;ES;HU;PT;US;WO,True
43247863,US-8883763-B2,Cytarabine,"Use of isoquinolones for preparing drugs, novel isoquinolones and method for synthesising same",CA;EA;EP;FR;JP;US;WO,False
49774942,US-20210212989-A1,Cytarabine,MODULATORS OF GTPASES AND THEIR USE,US,False
63594523,KR-20180099540-A,Cytarabine,A Composition for Increasing Radiosensitivity of Cancer Cells,KR,False
52628513,EP-3042956-A1,Cytarabine,ANTIBODY WHICH SPECIFICALLY REACTS WITH HUMAN INTEGRIN A6B4,EP;JP;US;WO,False
47827192,EP-2823036-B1,Cytarabine,METHOD OF DETERMINING TERATOGENIC RISK,CA;CN;EP;HK;JP;KR;MO;MX;RU;US;WO,False
74193261,CA-3189942-A1,Cytarabine,INTERFERON-BASED METHOD AND PHARMACEUTICAL COMBINATION FOR TREATING CANCER,AU;CA;CN;EP;HK;JP;KR;RU;TW;US;WO;ZA,False
94282497,WO-2025019334-A2,Cytarabine,ANTIBODY-DRUG CONJUGATES AND LINKERS AND METHODS OF USE THEREOF,CA;CN;EP;IL;IN;JP;KR;US;WO,False
32852145,CA-2515623-A1,Cytarabine,OLIGOMERIC COMPOUNDS FOR THE MODULATION OF SURVIVIN EXPRESSION,AU;CA;CN;DE;DK;EP;ES;IN;JP;MX;PT;WO,True
88018103,WO-2024040132-A2,Cytarabine,SYNERGISTIC INTERACTIONS FOR IMPROVED CANCER TREATMENT,EP;US;WO,False
39495177,CA-2696634-A1,Cytarabine,MONOCLONAL ANTIBODIES AGAINST HUMAN ACIDIC AND BASIC FERRITINS AND NUCLEOTIDE AND AMINO ACID SEQUENCES THEREOF,CA;EP;ES;WO,True
46084633,US-20130253202-A1,Cytarabine,METHOD OF TREATING HEMATOLOGICAL CANCERS,CA;JP;US;WO,False
91067300,WO-2025233438-A1,Cytarabine,POXVIRAL RNA-POLYMERASE COMPLEXES,WO,False
61562219,WO-2018049155-A1,Cytarabine,COMPOSITIONS COMPRISING POLYMERIC NANOPARTICLES AND MCL-1 ANTAGONISTS,WO,False
43216286,WO-2011032100-A1,Cytarabine,INHIBITORS OF KSHV VIL6 AND HUMAN IL6,WO,False
38895102,WO-2008005266-A2,Cytarabine,METHOD OF USING SUBSTITUTED PIPERIDINES THAT INCREASE P53 ACTIVITY,CA;CL;CN;EP;HK;JP;MX;TW;US;WO,False
80247298,US-20230416294-A1,Cytarabine,DECITABINE ANALOGS FOR IMMUNOLOGICAL AND ONCOLOGICAL THERAPY,US;WO,False
52689364,US-20160096869-A1,Cytarabine,CHLOROTOXIN CONJUGATES AND METHODS OF USE THEREOF,AU;BR;CA;CN;EP;ES;IL;JP;US;WO,True
38649941,US-20080113042-A1,Cytarabine,PHARMACEUTICAL COMPOSITION AND METHOD FOR CANCER TREATMENT BASED ON COMBINATIONAL USE OF CONVENTIONAL ANTICANCER AGENTS AND GERANIUM OIL OR COMPOUNDS THEREOF,US;WO,False
51228066,WO-2014116962-A1,Cytarabine,SELECTIVE HISTONE DEACETYLASE 8 INHIBITORS,US;WO,False
36203610,US-20060188530-A1,Cytarabine,Bile preparations for gastrointestinal disorders,US,False
35241347,IL-181305-A,Cytarabine,Pharmaceutical composition comprising a combination of at least two active components and their use in the manufacture of medicaments for the treatment of diseases involving cell proliferation,AR;AT;AU;BR;CA;CN;CY;DK;EP;ES;HR;HU;IL;IN;JP;KR;ME;MX;NZ;PL;PT;RS;RU;SI;TW;US;WO,True
46600751,EP-2671086-B1,Cytarabine,SYSTEM AND METHOD FOR DIAGNOSIS AND TREATMENT,EP;JP;US;WO,False
19914347,EP-1578785-B1,Cytarabine,PEPTIDES THAT BIND TO THE HEPARIN BINDING DOMAIN OF VEGF AND VEGFR-2,AT;AU;DE;EP;JP;NO;US;WO,False
95283798,WO-2025076109-A9,Cytarabine,USE OF ELESCLOMOL TO TREAT CLEAR-CELL OVARIAN CANCERS WITH MUTATIONS IN ARID1A,WO,False
44971089,WO-2012058269-A2,Cytarabine,METHODS OF TREATING CANCER AND OTHER DISEASES,WO,False
81853619,US-20240100092-A1,Cytarabine,OFF-THE-SHELF iPSC-DERIVED NK CELL THERAPY FOR HEMATOLOGICAL CANCER TREATMENT,US;WO,False
60663739,SG-10202012434Q-A,Cytarabine,METHODS OF TREATING PANCREATIC CANCER,AU;BR;CA;CN;EP;ES;HK;IL;JP;KR;MX;NZ;RU;SG;WO;ZA,True
47178975,US-20180221345-A1,Cytarabine,COMBINATION THERAPY OF HSP90 INHIBITORS WITH PLATINUM-CONTAINING AGENTS,AU;CA;EP;JP;US;WO,False
45067313,US-20120052007-A1,Cytarabine,PERIPHERAL BLOOD SPARC BINDING ANTIBODIES AND USES THEREOF,AU;CA;CN;EP;JP;KR;MX;US;WO,False
32030939,US-20070155751-A1,Cytarabine,NOVEL IMIDAZOPYRAZINES AS CYCLIN DEPENDENT KINASE INHIBITORS,AR;AU;CA;CN;EP;HK;JP;KR;MX;MY;NZ;TW;US;WO;ZA,False
43649600,CA-3067609-A1,Cytarabine,ANTI-GITR ANTIBODIES,AU;BR;CA;CN;CY;DK;EP;ES;HR;HU;IN;JP;KR;LT;MX;PL;PT;RU;SG;SI;US;WO,True
64016565,US-20250249132-A1,Cytarabine,METHODS AND REAGENTS FOR TUMOR TARGETING WITH GREATER EFFICACY AND LESS TOXICITY,EP;JP;US;WO,False
73029412,US-20220213055-A1,Cytarabine,SUBSTITUTED (PIPERIDIN-1-YL)ARYL ANALOGUES FOR MODULATING AVIL ACTIVITY,EP;US;WO,False
58488527,US-20180282386-A1,Cytarabine,THERAPEUTIC COMPOUNDS AND METHODS,AU;BR;CA;CN;EP;HK;IL;IN;JP;KR;MX;RU;SG;US;WO,False
38519759,EP-2043659-B1,Cytarabine,"ANTI-CANCER THERAPY COMPRISING AN H2-BLOCKER, AT LEAST ONE ANTIINFLAMMATORY AGENT AND A CYTOTOXIC AGENT",AU;CA;CN;EP;ES;IL;IN;JP;US;WO,True
96141144,WO-2025235918-A1,Cytarabine,ANTI-CD123 IMMUNOCONJUGATES FOR THE TREATMENT OF BLASTIC PLASMACYTOID CELL NEOPLASM,US;WO,False
27495263,KR-100903243-B1,Cytarabine,Methods and compositions for modulating cell proliferation and cell death,AU;CA;EP;IL;JP;KR;US;WO,False
59090470,US-20190010158-A1,Cytarabine,ANTITUMOR EFFECT POTENTIATOR COMPRISING PYRROLOPYRIMIDINE COMPOUND,AU;EP;JP;KR;MA;RU;TW;US;WO,False
40094408,EP-2170270-B1,Cytarabine,"COMPOSITIONS FOR DELIVERING MEDICAMENTS INTO THE LUNGS, USES THEREOF",AU;CA;CN;EP;ES;IN;JP;KR;US;WO,True
64659514,US-11766442-B2,Cytarabine,T-cell lymphoma treatments,US;WO,False
94824066,WO-2025172934-A1,Cytarabine,"TRIAZOLO[4,5-B]PYRIDINE COMPOUNDS USEFUL AS INHIBITORS OF WERNER SYNDROME RECQ HELICASE (WRN)",CA;WO,False
47261848,US-8809562-B2,Cytarabine,Use of metallocene compounds for cancer treatment,CA;EP;JP;US;WO,False
74659952,US-20220249480-A1,Cytarabine,APPLICATION OF FLUORO-SUBSTITUTED 2-AMINOTHIAZOLE-5-AROMATIC CARBOXAMIDE,CA;CN;EP;HK;US;WO,False
27385940,CA-2315693-C,Cytarabine,COMBINATION OF BENZOCYCLOHEPTAPYRIDINE COMPOUNDS AND ANTINEOPLASTIC DRUGS FOR TREATING PROLIFERATIVE DISEASES,AR;AT;AU;BR;CA;CL;CN;CO;CZ;DE;DK;EP;ES;HK;HU;IL;JP;KR;MX;MY;NO;NZ;PE;PT;SK;TW;WO,True
43649669,WO-2011029053-A1,Cytarabine,HUMAN EMBRYONIC STEM CELLS FOR HIGH THROUGHOUT DRUG SCREENING,US;WO,False
56117772,EP-3390452-B1,Cytarabine,NEW USE OF AN ANTI-CD303 TRANSMEMBRANE PROTEIN ANTIBODY,EP;FR;JP;US;WO,False
59054250,WO-2018222173-A1,Cytarabine,"USE OF 1-[4-BROMO-5-[1-ETHYL-7-(METHYLAMINO)-2-OXO-1,2-DIHYDRO-1,6-NAPHTHYRIDIN-3-YL]-2-FLUOROPHENYL]-3-PHENYLUREA AND ANALOGS FOR THE TREATMENT OF CANCERS ASSOCIATED WITH GENETIC ABNORMALITIES IN PLATELET DERIVED GROWTH FACTOR RECEPTOR ALPHA",AU;BR;CA;CN;EA;EP;HK;IL;JP;KR;MX;MY;NZ;US;WO,False
37758330,EP-1931657-B1,Cytarabine,NOVEL HIGH AFFINITY QUINOLINE-BASED KINASE LIGANDS,CA;CN;EP;HK;JP;MX;WO,False
61521778,WO-2018127786-A1,Cytarabine,COMPOSITIONS AND METHODS FOR DETERMINING A TREATMENT COURSE OF ACTION,WO,False
51654619,US-9408886-B2,Cytarabine,Inhibitors of metastasis,AU;BR;CA;CN;DK;EP;ES;HK;HU;IL;JP;KR;MX;NZ;PL;PT;RU;SG;US;WO;ZA,True
56363704,US-20200339659-A1,Cytarabine,PDL1 PEPTIDES FOR USE IN CANCER VACCINES,CN;EP;JP;US;WO,False
35267210,US-20070213382-A1,Cytarabine,"2-METHYLTHIAZOLIDINE-2, 4-DICARBOXYLIC ACID-CONTAINING COMBINATION PREPARATIONS",AT;CA;CN;DE;EP;ES;IN;JP;US;WO,True
23729845,US-6428968-B1,Cytarabine,Combined therapy with a chemotherapeutic agent and an oncolytic virus for killing tumor cells in a subject,AU;US;WO,False
50233875,US-20200220830-A1,Cytarabine,2&apos;-Fluoro-6&apos;-Methylene Carbocyclic Nucleosides and Methods of Treating Viral Infections,AR;CN;HK;KR;TW;US;WO,False
59743447,WO-2017148129-A1,Cytarabine,PHARMACEUTICAL COMPOSITION FOR TREATING CACHEXIA AND USE THEREOF,CN;WO,False
26868552,US-6824773-B2,Cytarabine,TWEAK receptor,AU;CA;EP;ES;IL;JP;NZ;US;WO,True
10732372,EP-0615751-B1,Cytarabine,Use of tachykinin antagonists in the treatment of emesis,AT;DE;DK;EP;ES;GB;JP;PT;US,True
42233653,CA-2808320-A1,Cytarabine,SPARC BINDING PEPTIDES AND USES THEREOF,AU;BR;CA;CN;EP;ES;IN;JP;KR;MX;NZ;RU;US;WO;ZA,True
39284467,US-20110020437-A1,Cytarabine,OLIGOPEPTIDIC COMPOUNDS AND USES THEREOF,AU;BR;CA;CN;DK;EP;ES;GB;HR;HU;IL;IN;JP;KR;LT;MX;NO;PL;PT;RU;TR;US;WO;ZA,True
25203604,CA-2341998-A1,Cytarabine,"ANTI-EMETIC, ANTI-MOTION SUSTAINED RELEASE DRUG DELIVERY SYSTEM,",AU;CA;US;WO,False
82358158,WO-2022150379-A1,Cytarabine,NK CELL ENGAGER MOLECULES AND METHODS OF USE,US;WO,False
81078757,US-20220112166-A1,Cytarabine,Selective JAK2 Pseudokinase Ligands and Methods of Use,US,False
43449998,US-20120135952-A1,Cytarabine,"BUTYRIC ACID SALT OF N,N-DIMETHYL IMIDOCARBON IMIDIC DIAMIDE, METHOD OF PREPARING SAME, AND PHARMACEUTICAL COMPOSITIONS AND COMBINATIONS CONTAINING SAME",KR;US;WO,False
42396369,WO-2010088527-A2,Cytarabine,PEPTIDES AND NANOPARTICLES FOR THERAPEUTIC AND DIAGNOSTIC APPLICATIONS,WO,False
60153328,EP-3532635-B1,Cytarabine,BARCODED CIRCULAR LIBRARY CONSTRUCTION FOR IDENTIFICATION OF CHIMERIC PRODUCTS,CN;EP;JP;US;WO,False
66246040,US-20220340666-A1,Cytarabine,ANTI-GALECTIN-9 ANTIBODIES AND USES THEREOF,AU;CA;CN;DK;EP;ES;HK;IL;IN;JP;KR;NZ;PT;SG;US;WO;ZA,True
78524882,US-20230172936-A1,Cytarabine,VCP/p97 INHIBITOR FOR THE TREATMENT OF CANCER,AU;BR;CA;CN;EA;EP;HK;JP;MX;TW;US;WO,False
69228347,CA-3050645-A1,Cytarabine,TREATMENT OF ACUTE MYELOID LEUKEMIA,CA;US,False
44066895,CA-2780998-C,Cytarabine,IMMUNOMODULATORY COMPOUNDS FOR THE RESTORATION OF VITAMIN D SENSITIVITY IN VITAMIN D RESISTANT TUMOR CELLS,CA;EP;JP;MX;US;WO,False
51538467,WO-2014145386-A2,Cytarabine,NOVEL ALLOSTERIC INHIBITORS OF THYMIDYLATE SYNTHASE,US;WO,False
39253859,EP-2078004-A1,Cytarabine,2-AMINOTHIAZOLE-4-CARBOXYLIC AMIDES AS PROTEIN KINASE INHIBITORS,AR;AU;CA;CL;CN;EP;HK;IL;JP;KR;MX;MY;PE;TW;US;WO,False
39247333,EP-2078002-A1,Cytarabine,2-AMINOTHIAZOLE-4-CARBOXYLIC AMIDES AS PROTEIN KINASE INHIBITORS,AR;AU;CA;CN;EP;HK;IL;JP;KR;MX;MY;TW;US;WO,False
42936570,US-20120114739-A1,Cytarabine,"PYRAZOLO[1,5-a]PYRIMIDINE DERIVATIVES AS mTOR INHIBITORS",EP;TW;US;WO,False
27763556,US-8415095-B2,Cytarabine,Use of nucleoside derivatives comprising a citrate group for the production of antibodies having an affinity for triphosphorylated nucleosides,AT;AU;CA;DE;EP;ES;FR;US;WO,True
47722321,US-20210382038-A1,Cytarabine,METHOD FOR IDENTIFYING MODULATORS OF NOTCH SIGNALING,AU;BR;CA;CN;CY;DK;EP;ES;HK;HR;HU;IL;IN;JP;LT;MO;MX;NO;NZ;PL;PT;RS;RU;SG;SI;SM;TR;US;WO;ZA,True
65271153,US-10869879-B2,Cytarabine,Combinations to treat cancer,AU;CA;CN;EP;JP;KR;US;WO,False
52595405,EP-3233102-B1,Cytarabine,USE OF AN ANTIMICROBIAL PEPTIDE TO INDUCE CELL DEATH IN BREAST CANCER,EP;WO,False
53762117,WO-2017013160-A1,Cytarabine,"4-AMINO-6-(2,6-DICHLOROPHENYL)-8-METHYL-2-(PHENYLAMINO)-PYRIDO[2,3-D]PYRIMIDIN-7(8H)-ONE FOR TREATMENT OF SOLID CANCERS",EP;WO,False
41683104,AU-2009327357-C1,Cytarabine,Pyrazine derivatives useful as inhibitors of ATR kinase,AR;AU;BR;CA;CN;CY;DK;EP;ES;HK;HR;HU;IL;IN;JP;KR;LT;MX;NO;NZ;PL;PT;RS;RU;SG;SI;SM;TW;US;WO;ZA,True
42242871,US-20110245229-A1,Cytarabine,DIHYDROPYRAZOLOPYRIMIDINONE DERIVATIVES,AU;CA;EP;JP;US;WO,False
72514170,US-20200299777-A1,Cytarabine,Methods for Resensitizing p53-Null Cells to Cancer Chemotherapy,US,False
68534076,AU-2019268353-B2,Cytarabine,In vitro and xenograft anti-tumor activity of a halogenated-xanthene against refractory pediatric solid tumors,AU;CA;CN;EP;ES;HK;JP;KR;MX;US;WO,True
94774552,US-20250074877-A1,Cytarabine,METHODS AND COMPOSITIONS FOR TREATMENT OF PREECLAMPSIA AND CANCER,US,False
40070807,NZ-582708-A,Cytarabine,HETEROCYCLIC AMIDE COMPOUNDS AS PROTEIN KINASE INHIBITORS,AR;AU;BR;CA;CL;CN;CO;EC;EP;HK;ID;IL;IN;JP;KR;MY;NZ;PE;RU;TW;US;WO;ZA,False
38523003,US-8900565-B2,Cytarabine,Indole derivatives as inhibitors of histone deacetylase,US;WO,False
44788339,US-20150023870-A1,Cytarabine,"Multiple Signaling Pathways Induced by Hexavalent, Monospecific and Bispecific Antibodies for Enhanced Toxicity to B-Cell Lymphomas and Other Diseases",US,False
35125630,AU-2005231685-A1,Cytarabine,Compositions as adjuvants to improve immune responses to vaccines and methods of use,AU;BR;CA;CN;EA;EP;HK;IL;IN;JP;KR;MX;NO;TW;US;WO,False
74040909,WO-2020257429-A1,Cytarabine,ECTONUCLEOTIDASE INHIBITORS AND METHODS OF USE THEREOF,AU;CA;CN;EP;HK;IN;JP;KR;US;WO,False
61873369,FR-3072281-A1,Cytarabine,"NANOVECTEURS ET UTILISATIONS, EN PARTICULIER POUR LE TRAITEMENT DE TUMEURS",AU;CA;CN;EP;FR;JP;KR;TW;US;WO,False
94282453,WO-2025018978-A1,Cytarabine,SCD1 INHIBITORS FOR TREATING HEMATOLYMPHOID NEOPLASMS,CA;WO,False
72941504,WO-2020219423-A1,Cytarabine,COMBINATION THERAPIES INCLUDING INHIBITORS OF DIHYDROOROTATE DEHYDROGENASE,US;WO,False
49083328,WO-2013130935-A1,Cytarabine,AMIDO-BENZYL SULFOXIDE DERIVATIVES,WO,False
34986600,US-7176185-B2,Cytarabine,Short peptide carrier system for cellular delivery of agent,US,False
69185721,AU-2019403396-B2,Cytarabine,Crystalline and salt forms of an organic compound and pharmaceutical compositions thereof,AU;BR;CA;CL;CN;CO;CR;EA;EP;GE;HK;ID;IL;IN;JO;JP;KR;MA;MO;MX;MY;NI;OA;PE;RU;SG;TH;TW;UA;US;VN;WO,False
75490827,US-20210116454-A1,Cytarabine,"METHODS FOR TREATING A HEMATOLOGICAL CANCER AND THE USE OF COMPANION BIOMARKERS FOR 2-(2,6-DIOXOPIPERIDIN-3-YL)-4-((2-FLUORO-4-((3-MORPHOLINOAZETIDIN-1-YL)METHYL)BENZYL)AMINO)ISOINDOLINE-1,3-DIONE",AU;BR;CA;CN;EA;EP;HK;IL;JP;KR;MX;US;WO,False
68540814,US-20210213134-A1,Cytarabine,THIOL-BASED MULTIVALENT DRUG DELIVERY COMPOSITIONS,US;WO,False
63106866,US-20190358252-A1,Cytarabine,STEROID SAPONINS WITH ANTI-CANCER ACTIVITY,AU;CA;CN;EP;JP;TW;US;WO,False
44675608,US-20160075771-A1,Cytarabine,Methods for Treating Neoplasia,US,False
3725765,AU-3879001-A,Cytarabine,Hiv and cancer treatment,AR;AU;BR;CA;CN;CO;CZ;EP;HK;HU;IL;JP;KR;MY;NO;PE;PL;RU;SK;TR;VN;WO;ZA,False
89618635,WO-2024020491-A1,Cytarabine,METHODS OF TREATING CANCER OF THE CENTRAL NERVOUS SYSTEM COMPRISING 5-ETHYNYL-2&apos;-DEOXYURIDINE,US;WO,False
68101236,US-11400091-B2,Cytarabine,AXL kinase inhibitors and use of the same,AU;BR;CA;CN;EA;EP;HK;ID;IL;IN;JP;KR;MX;MY;PH;SG;US;VN;WO,False
51581155,HK-1220412-A1,Cytarabine,IMPROVED METHOD OF MAKING EXTRACELLULAR MATRIX COMPOSITIONS,DK;EP;ES;HK;NO;US;WO,True
81653327,EP-4504778-A1,Cytarabine,COMBINATION OF A GREMLIN-1 ANTAGONIST WITH A CYTIDINE ANALOGUE OR DEOXYCYTIDINE ANALOGUE,AU;BR;CA;CN;EP;GB;HK;IL;IN;JP;KR;MX;US;WO,False
78374054,AU-2021262835-A1,Cytarabine,Immunotherapeutic methods and compositions for targeting cancer fibroblasts,AU;CA;EP;JP;US;WO,False
43920940,US-8822532-B2,Cytarabine,Bis[thiohydrazide amide] compounds for treating leukemia,US;WO,False
44862163,WO-2011137441-A2,Cytarabine,SPARC BINDING APTAMERS AND USES THEREOF,EP;US;WO,False
72472504,JP-2024054164-A,Cytarabine,GLYPICAN-3-SPECIFIC MODIFIED APTAMER AND USE OF THE SAME,CN;EP;JP;KR;US;WO,False
52008647,US-20160122406-A1,Cytarabine,ANALOGS OF PITUITARY ADENYLATE CYCLASE-ACTIVATING POLYPEPTIDE (PACAP) AND METHODS FOR THEIR USE,AU;CA;EP;US;WO,False
22596206,WO-2001034204-A1,Cytarabine,ONCOLYTIC COMBINATIONS FOR THE TREATMENT OF CANCER,AU;WO,False
60088409,US-20190040089-A1,Cytarabine,GOLD COMPLEX-CONTAINING CANCER ACTIVITY COMPOSITION,US,False
34118174,US-7923243-B2,Cytarabine,Stress-responsive induction of a therapeutic agent and methods of use,US,False
85035717,WO-2024127018-A1,Cytarabine,NEW INJECTABLE SUSPENSION OF COATED PARTICLES,GB;WO,False
86240740,WO-2023079556-A1,Cytarabine,COMPOSITIONS AND METHODS FOR CANCER TREATMENT,CA;CN;EP;IN;KR;US;WO,False
49885165,WO-2015104292-A2,Cytarabine,COMPOUNDS FOR USE IN TREATING OR PREVENTING CANCEROUS DISEASES,WO,False
53005169,WO-2015066432-A1,Cytarabine,METHOD OF TREATING POST-MYELOPROLIFERATIVE NEOPLASMS (MPNS) AND POST-MPN ACUTE MYELOID LEUKEMIA,WO,False
60042228,US-11365415-B2,Cytarabine,Use of miR-223-3p as a cancer therapeutic and method for treating cancer using the same,EP;US;WO,False
80355708,WO-2022047375-A1,Cytarabine,NOVEL FUNGAL MODULATORS,CA;US;WO,False
64269798,US-20180333415-A1,Cytarabine,THERAPEUTIC METHODS,US;WO,False
57198851,US-10603334-B2,Cytarabine,"Targeting NAD+ to treat chemotherapy and radiotherapy induced cognitive impairment, neuropathies and inactivity",AU;CA;CN;DK;EP;ES;JP;KR;PL;PT;US;WO,True
51988061,EP-3029152-A1,Cytarabine,ANGIOTENSIN-CONVERTING ENZYME POLYMORPHISMS FOR PREDICTING OR PROGNOSTICATING THE RESPONSE TO ANTIANGIOGENIC CANCER TREATMENT,EP;WO,False
93333434,WO-2024229440-A2,Cytarabine,METHODS OF TREATING CANCER USING MDM2 INHIBITORS AND COMPOSITIONS RELATED THERETO,WO,False
69953584,WO-2020067910-A2,Cytarabine,PHARMACEUTICAL FORMULATION CONTAINING A SELENITETRIGLYCERIDE AND A CYTOSTATIC FOR USE IN TREATMENT OF TUMOUR,EP;PL;WO,False
61015522,WO-2018019284-A1,Cytarabine,COMPOUNDS FOR ENHANCING BAX/BCL-2 EXPRESSION AND ACTIVITY AND THERAPEUTIC USE THEREOF,TW;WO,False
22806004,US-6680068-B2,Cytarabine,Drug delivery formulations and targeting,AU;US;WO,False
81389203,US-20240226234-A1,Cytarabine,WNT5A PEPTIDES FOR THE TREATMENT OF ACUTE MYELOGENOUS LEUKEMIA,AU;BR;CA;CN;EP;JP;KR;RU;US;WO,False
39832010,US-20140227221-A1,Cytarabine,METHODS OF TREATING MULTIPLE MYELOMA AND RESISTANT CANCERS,US;WO,False
34923919,AU-2004299670-B2,Cytarabine,Combination therapy associating a TGF-beta antagonist with a chemotherapeutic agent,AU;CA;EP;ES;HU;IN;JP;US;WO,True
4170835,US-7714003-B2,Cytarabine,"Imidazo[2,1-b ]-1,3,4-thiadiazole sulfonamides",AT;AU;CA;DE;DK;EP;ES;JP;PT;US;WO,True
51351637,US-20140235558-A1,Cytarabine,PHARMACEUTICAL COMPOSITION HAVING ACTIVITY OF ANTICANCER,US,False
37683563,CA-2616534-A1,Cytarabine,ANTITUMOR AGENT COMPRISING 6&apos;-AMIDINO-2&apos;-NAPHTHYL4- GUANIDINOBENZOATE OR SALT THEREOF,CA;EP;JP;US;WO,False
83459474,EP-4299598-A1,Cytarabine,PECTIN MODIFIED WITH GALLOL DERIVATIVE AND USE THEREOF,CN;EP;JP;KR;US;WO,False
69591251,WO-2020041051-A1,Cytarabine,GEMCITABINE PRODRUGS,US;WO,False
49758597,WO-2013187978-A1,Cytarabine,DOUBLE-LIVER-TARGETING PHOSPHORAMIDATE AND PHOSPHONOAMIDATE PRODRUGS,CN;WO,False
47019161,WO-2013049720-A1,Cytarabine,COMPOUNDS USEFUL AS INHIBITORS OF ATR KINASE,US;WO,False
22476002,US-6745962-B2,Cytarabine,Small-scale mill and method thereof,AT;AU;CA;DE;EP;JP;US;WO,False
35559481,US-20060067978-A1,Cytarabine,Process for preparing poly(vinyl alcohol) drug delivery devices,US;WO,False
91195858,US-20250281627-A1,Cytarabine,"CANCER-TARGETING PEPTIDE, PRODRUG NANOPARTICLES COMPRISING SAME, AND PHARMACEUTICAL COMPOSITION COMPRISING SAME FOR CANCER PREVENTION OR TREATMENT",KR;US;WO,False
51951762,US-10894042-B2,Cytarabine,Methods and pharmaceutical compositions for the treatment of cancer,EP;US;WO,False
48141620,US-10314909-B2,Cytarabine,Combination therapy comprising an MMP-14 binding protein,US;WO,False
51658962,EP-3587406-A1,Cytarabine,2-HYDROXY-1-{4-[(4-PHENYLPHENYL)CARBONYL]PIPERAZIN-1-YL}ETHAN-1-ONE DERIVATIVES AND RELATED COMPOUNDS AS FATTY ACID SYNTHASE (FASN) INHIBITORS FOR THE TREATMENT OF CANCER,AU;BR;CA;CL;CN;CR;CU;CY;DK;EC;EP;ES;HK;HR;HU;ID;IL;IN;JP;KR;LT;ME;MX;MY;NI;NO;PE;PH;PL;PT;RS;RU;SA;SG;SI;SM;TN;US;VN;WO;ZA,True
44115266,WO-2011068869-A1,Cytarabine,17-AAG POTENTIATING MicroRNAs,WO,False
44628457,EP-2569289-A1,Cytarabine,PYRAZINES USEFUL AS INHIBITORS OF ATR KINASE,EP;JP;US;WO,False
48918339,US-20160158380-A1,Cytarabine,Anti-Claudin 1 Antibodies for Use in the Treatment of Colorectal Cancer,EP;JP;US;WO,False
87766503,US-20250360218-A1,Cytarabine,MITOCHONDRIA-TARGETING CANCER THERAPEUTIC COMPOSITION,KR;US;WO,False
64664383,US-20190134063-A1,Cytarabine,Compositions and Methods for the Treatment of Skin Lesions,AU;CA;CN;EP;HK;JP;KR;US;WO,False
53753923,US-20170014469-A1,Cytarabine,METHODS OF REACTIVATING A LATENT HUMAN IMMUNODEFICIENCY VIRUS,US,False
87886990,NL-2031075-B1,Cytarabine,CORE-SHELL EMBOLIZATION MICROSPHERE PRELOADED WITH CHEMOTHERAPEUTIC DRUG AND PREPARATION METHOD THEREOF,NL,False
57777432,EP-3878850-A1,Cytarabine,NOVEL BENZYLAMINO SUBSTITUTED QUINAZOLINES AND DERIVATIVES AS SOS1 INHIBITORS,CN;EP;JP;US;WO,False
49758907,US-9399627-B2,Cytarabine,Substituted macrocyclic compounds having proteasome inhibitory activity,EP;US;WO,False
83640837,US-20240198337-A1,Cytarabine,Bone Marrow on a Chip,EP;US;WO,False
48524448,US-20130143902-A1,Cytarabine,COMPOSITIONS AND METHODS OF TREATING A PROLIFERATIVE DISEASE WITH A QUINAZOLINONE DERIVATIVE,US;WO,False
39430334,US-20100143332-A1,Cytarabine,COMBINATION THERAPY FOR PROLIFERATIVE DISORDERS,CA;EP;HK;JP;MX;US;WO,False
49515426,WO-2014033631-A1,Cytarabine,N-(3-PYRIDYL) BIARYLAMIDES AS KINASE INHIBITORS,WO,False
85153937,US-20240342177-A1,Cytarabine,METHODS OF TREATING BRAIN CANCER,AU;BR;CA;CN;EP;HK;JP;KR;US;WO,False
75438050,US-20230000956-A1,Cytarabine,COMBINATION THERAPY WITH GLUCARPIDASE WITH METHOTREXATE/RITUXIMAB TO TREAT CNS LYMPHOMA,AU;CA;CN;EP;GB;IN;JP;US;WO,False
26971620,US-10533227-B2,Cytarabine,"Compositions, kits, and methods for identification, assessment, prevention and therapy of breast and ovarian cancer",AU;EP;US;WO,False
38895239,CA-2656290-A1,Cytarabine,METHODS OF USING IGF1R AND ABL KINASE MODULATORS,AU;CA;EP;US;WO,False
74683566,WO-2021041776-A1,Cytarabine,LIPOSOMAL TROPONOID COMPOUND FORMULATIONS,EP;US;WO,False
84567829,US-20230129651-A1,Cytarabine,HAIRPIN STRUCTURE NUCLEIC ACID MOLECULES CAPABLE OF MODULATING TARGET GENE EXPRESSION AND USES THEREOF,KR;US,False
38475741,US-20070292396-A1,Cytarabine,COMBINATION THERAPY WITH ONCOLYTIC ADENOVIRUS,US;WO,False
22329904,US-20020081601-A1,Cytarabine,Methods and compositions for diagnosis and treatment of cancer based on the transcription factor ets2,AU;CA;EP;JP;US;WO,False
57113229,US-12509465-B2,Cytarabine,Benzoimidazole derivatives as anticancer agents,CA;CN;EP;ES;IN;JP;US;WO,True
48988334,KR-101405104-B1,Cytarabine,Bone cement with sustained drug release behavior,KR,False
60382398,FR-3071726-A1,Cytarabine,AGENTS INHIBANT LA PROTEINE TCTP POUR LE TRAITEMENT DE MALADIES PROLIFERATIVES ET DE MALADIES INFECTIEUSES,CA;EP;FR;JP;US;WO,False
47177338,EP-2709614-A1,Cytarabine,PHARMACEUTICAL COMPOSITIONS AND METHODS FOR TREATING CANCER,AR;CA;EP;JP;TW;UY;WO,False
39269251,WO-2008043072-A2,Cytarabine,CD80 ANTAGONISTS FOR TREATING NEOPLASTIC DISORDERS,WO,False
11382684,HU-P0200714-A2,Cytarabine,"PHARMACEUTICAL COMPOUNDS, PHARMACEUTICAL COMPOSITIONS CONTAINING THEM AND THEIR USE",AT;AU;BR;CA;CN;CY;DE;DK;EP;ES;HU;IL;IN;IT;JP;KR;MX;NO;NZ;PL;PT;RU;SI;TR;US;WO;ZA,True
47192228,WO-2013071090-A1,Cytarabine,COMPOUNDS USEFUL AS INHIBITORS OF ATR KINASE,EP;US;WO,False
22709946,WO-2001072958-A2,Cytarabine,BLADDER CANCER-SPECIFIC PEPTIDES FOR DIAGNOSIS AND THERAPY,AU;WO,False
48699902,US-20130336965-A1,Cytarabine,NOVEL RING-SUBSTITUTED N-PYRIDINYL AMIDES AS KINASE INHIBITORS,AP;AR;AU;BR;CA;CL;CN;CO;CR;CU;DO;EA;EP;GT;HK;ID;IL;IN;JP;KR;MA;MO;MX;MY;NI;PE;PH;SG;TN;TW;US;UY;VN;WO,False
48614183,US-20130323198-A1,Cytarabine,Use of AMG 900 for the Treatment of Cancer,EP;JP;TW;US;WO,False
38649066,US-20070254853-A1,Cytarabine,Compositions and Methods for Promotion of Wound Healing,US,False
73544106,US-20240075065-A1,Cytarabine,"CD28-TARGETING CHIMERIC ANTIGEN RECEPTOR (CAR) T CELLS, METHODS OF GENERATION AND USES THEREOF",US,False
73854963,US-20210154269-A1,Cytarabine,COMBINATION THERAPIES FOR TREATING CANCER,AU;BR;CA;CN;EP;IL;JP;KR;MX;US;WO,False
63684608,US-20190077801-A1,Cytarabine,INHIBITORS OF KRAS G12C AND METHODS OF USING THE SAME,AR;AU;CA;CN;EP;ES;HK;IL;JP;MA;MX;SG;TW;US;UY;WO,True
71946919,MY-210427-A,Cytarabine,A METHOD FOR THE TREATMENT OR PROPHYLAXIS OF CANCER BY TARGETING THE EXTRACELLULAR PORTION OF KERATIN 14 (KRT14) RESIDING ON CANCER CELLS,AU;BR;CA;CN;EA;EP;ES;ID;IL;IN;JP;KR;MY;SG;US;WO,True
77613658,EP-4114467-A1,Cytarabine,IMIDAZOLE-BASED SYNTHETIC LIPIDOIDS FOR IN VIVO MRNA DELIVERY INTO IMMUNE CELLS,CA;CN;EP;JP;US;WO,False
77499813,WO-2022029275-A1,Cytarabine,COMBINATION OF NICOTINAMIDE MONONUCLEOTIDE DERIVATIVES AND OTHER THERAPEUTIC AGENTS FOR USE IN THE TREATMENT OF CORONAVIRUS INFECTIONS AND COVID-19,WO,False
40821769,FR-2941697-A1,Cytarabine,New tagitinine derivatives are proteosome inhibitors useful for the treatment of cancer,FR,False
68296040,EP-4045504-A1,Cytarabine,ANTI-VIRAL AND HEPATIC-TARGETED DRUGS,CN;EP;JP;US;WO,False
93852851,WO-2024259300-A2,Cytarabine,COMPOSITIONS AND METHODS FOR TARGETING EXTRACELLULAR DNA,AU;CA;EP;IL;JP;WO,False
54834537,US-20170101464-A1,Cytarabine,COMBINATION THERAPIES USING AGENTS THAT TARGET TUMOR-ASSOCIATED STROMA OR TUMOR CELLS AND TUMOR VASCULATURE,US;WO,False
74040655,CA-3144546-A1,Cytarabine,"SALTS OF COMPOUND, CRYSTALLINE FORMS THEREOF, PREPARATION METHOD THEREFOR AND APPLICATION THEREOF",AR;AU;BR;CA;CL;CN;CO;EP;HK;ID;IL;IN;JP;KR;MX;MY;PH;US;WO;ZA,False
97265746,WO-2025208227-A1,Cytarabine,PROGNOSTIC METHOD FOR ACUTE MYELOID LEUKEMIA (AML) AND NON-CANONICAL AML REGENERATION,WO,False
96921957,WO-2025184284-A1,Cytarabine,METHODS OF USING ACTIVIN RECEPTOR TYPE II SIGNALING INHIBITORS,WO,False
88519890,WO-2023212704-A2,Cytarabine,MACROPINOCYTOSIS SELECTIVE NON-BINDING PROTEIN-DRUG CONJUGATES,US;WO,False
76330582,US-20230017661-A1,Cytarabine,COMPOSITIONS AND MODULAR NANO- AND MICROPARTICLES FOR THE DELIVERY OF VARIOUS AGENTS AND USE THEREOF,US;WO,False
34921305,US-20080138329-A1,Cytarabine,Inhibitors of Dna Methylation in Tumor Cells,CA;EP;US;WO,False
58763054,US-11975076-B2,Cytarabine,Antibody-drug conjugates comprising branched linkers and methods related thereto,AU;CA;CN;EP;HK;IN;JP;KR;TW;US;WO,False
55077927,CA-2952083-C,Cytarabine,SUBSTITUTED UREA DERIVATIVES AND PHARMACEUTICAL USES THEREOF,AU;CA;CN;DK;EP;ES;HK;HU;IN;JP;KR;MO;US;WO,True
52461992,CA-2920377-A1,Cytarabine,INHIBITION OF CXCR4 SIGNALING IN CANCER IMMUNOTHERAPY,CA;EP;JP;US;WO,False
56788087,EP-3261628-A1,Cytarabine,CHOLESTERYL ESTER TRANSFER PROTEIN (CETP) INHIBITION IN THE TREATMENT OF CANCER,EP;US;WO,False
64477266,AU-2018347406-B2,Cytarabine,Methods of reducing side effects of anti-CD30 antibody drug conjugate therapy,AR;AU;BR;CA;CN;EA;EP;HK;IL;JP;KR;MA;MX;SG;TW;US;WO,False
22794199,EP-1311292-A2,Cytarabine,VITRONECTIN RECEPTOR ANTAGONIST PHARMACEUTICALS,AU;CA;EP;WO,False
23665319,US-6720001-B2,Cytarabine,Emulsion compositions for polyfunctional active ingredients,AU;US;WO,False
49630339,US-20160235686-A1,Cytarabine,PROCESSES FOR PREPARING A SOLID POLYMER MATRIX CONTAINING A CORE MATERIAL BY PRESSURE CYCLING OF SUPERCRITICAL FLUID,CA;EP;GB;IN;US;WO,False
50148612,US-20140058184-A1,Cytarabine,USE OF NEURAL STEM CELLS FOR TREATMENT OF MALIGNANCY,US,False
42136567,US-20130017262-A1,Cytarabine,IMMEDIATE/DELAYED DRUG DELIVERY,DK;EP;ES;GB;HU;JP;NO;PL;PT;SI;TR;US;WO,True
44067002,US-20110129463-A1,Cytarabine,Quinazolin-4(3A)-One Derivatives and Methods of Use Thereof,AU;CA;EP;IL;JP;US;WO,False
46279117,US-20020187502-A1,Cytarabine,Method of detection and treatment of colon cancer,US,False
59153242,MY-197898-A,Cytarabine,A COMPOSITION COMPRISING PIC FOR TREATMENT OF CANCER,AU;BR;CA;CN;CU;DK;EP;ES;HK;ID;IN;KR;MX;MY;PH;PL;RU;SG;TH;US;VN;WO;ZA,True
74060307,AU-2020308814-A1,Cytarabine,"Pharmaceutical composition for treating acute myeloid leukemia, containing FLT3 inhibitor and chemotherapeutic agents",AU;CA;CN;EA;EP;HK;IL;IN;JP;KR;MX;US;WO,False
42678460,US-20100226943-A1,Cytarabine,SURFACE TOPOGRAPHIES FOR NON-TOXIC BIOADHESION CONTROL,US,False
49083255,US-10953073-B2,Cytarabine,XTEN conjugate compositions and methods of making same,AU;BR;CA;CL;CN;EA;EP;HK;IL;IN;JP;KR;MX;PE;PH;SG;US;WO;ZA,False
79020983,EP-4247316-A1,Cytarabine,POLYMER VIALS HAVING STANDARD EXTERNAL DIMENSIONS AND REDUCED INTERNAL VOLUME,CA;CN;EP;JP;US;WO,False
95284207,WO-2025073290-A1,Cytarabine,VPS4 INHIBITORS AND METHODS OF USE THEREOF,WO,False
53543492,WO-2015109220-A1,Cytarabine,PLATELET DECOY AND USE THEREOF,EP;US;WO,False
34215910,US-20050064005-A1,Cytarabine,"Active agent delivery systems including a miscible polymer blend, medical devices, and methods",CA;EP;JP;US;WO,False
57546385,SG-10202103998R-A,Cytarabine,IMPLANTABLE DRUG DELIVERY COMPOSITIONS AND METHODS OF USE THEREOF,AU;BR;CA;CN;EP;HK;IL;IN;JP;KR;MX;RU;SG;US;WO,False
36659874,CA-2598025-A1,Cytarabine,"METHODS AND SYSTEMS FOR DIAGNOSIS, PROGNOSIS AND SELECTION OF TREATMENT OF LEUKEMIA",AU;BR;CA;CN;CR;EP;HK;IL;IN;JP;KR;MX;NO;RU;US;VN;WO,False
4164708,CA-2290722-A1,Cytarabine,CONSENSUS PEPTIDE PRESENTING ENTITIES,CA,False
75716280,AU-2020375794-A1,Cytarabine,Methods for treating leukemia and use of a leukemic stem cell signature to predict clinical sensitivity to therapies,AU;BR;CA;CN;EP;HK;IL;IN;JP;KR;MX;US;WO,False
66664329,WO-2019105408-A1,Cytarabine,NOVEL LIPOSOMES WITH GINSENOSIDE DERIVATIVE AS MEMBRANE MATERIAL AND PREPARATIONS THEREOF,CN;WO,False
23344759,WO-2003055866-A1,Cytarabine,"QUINAZOLINE AND QUINOLINE DERIVATIVE COMPOUNDS AS INHIBITORS OF PROLYLPEPTIDASE, INDUCERS OF APOPTOSIS AND CANCER TREATMENT AGENTS",AU;WO,False
54241397,WO-2015151080-A2,Cytarabine,SPECIFIC CONJUGATION OF A CELL-BINDING MOLECULE,CA;CN;EP;JP;WO,False
63712416,US-20210369855-A1,Cytarabine,CONJUGATION OF A CYTOTOXIC DRUG WITH BIS-LINKAGE,AU;BR;CA;CL;CN;EA;EP;ID;IL;IN;JP;KR;MX;MY;NZ;PH;SG;US;VN;WO;ZA,False
77666548,US-20230303305-A1,Cytarabine,"METHOD AND PACKAGE FOR REDUCING THE DEGRADATION OF A DRUG AND/OR EXCIPIENT, E.G. POLYSORBATE STABILIZER, IN A PHARMACEUTICAL PRODUCT",EP;HK;US;WO,False
66597645,US-20210386861-A1,Cytarabine,BRUSH PRODRUGS AND USES THEREOF,CA;EP;US;WO,False
77168359,WO-2022255888-A1,Cytarabine,TARGETED PROTEIN DEGRADATION USING BIFUNCTIONAL COMPOUNDS THAT BIND UBIQUITIN LIGASE AND TARGET MCL-1 PROTEIN,AU;BR;CA;CN;EP;HK;IL;JP;KR;MX;US;WO,False
74561772,EP-4039685-A1,Cytarabine,AZABICYCLIC SHP2 INHIBITORS,EP;US;WO,False
55910011,WO-2016073179-A2,Cytarabine,NOVEL CHRONOTHERAPY BASED ON CIRCADIAN RHYTHMS,US;WO,False
93845546,US-20240416337-A1,Cytarabine,"Quantitation of chemical, biological and biochemical analytes on a flow assay using a smartphone",US,False
45804138,MX-2010005067-A,Cytarabine,NOVEL COMBINED SYSTEM OF CONTROLLED RELEASE.,MX,False
77929444,AU-2021247289-A1,Cytarabine,Novel 2-pyrimidone analogs as potent antiviral agents against alphaviruses,AU;CA;CN;EP;IN;JP;KR;US;WO,False
74061434,US-20220249594-A1,Cytarabine,A FORMULATION OF A CONJUGATE OF A TUBULYSIN ANALOG TO A CELL-BINDING MOLECULE,AU;BR;CA;CL;CN;EA;EP;HK;ID;IL;IN;JP;KR;MX;MY;NZ;PH;SG;TH;TW;US;VN;WO,False
37035343,EP-1928872-B1,Cytarabine,NOVEL SULPHONYLPYRROLES AS INHIBITORS OF HDAC,AR;AT;AU;BR;CA;CN;CY;DK;EA;EP;ES;HK;HR;IL;IN;JP;KR;NO;NZ;PL;PT;RS;SI;TW;US;WO;ZA,True
94820260,WO-2025049644-A1,Cytarabine,NOX4 INHIBITORS AND METHODS OF USING SAME,EP;WO,False
57730930,AU-2016291578-B2,Cytarabine,MDM2-based modulators of proteolysis and associated methods of use,AU;BR;CA;CN;EP;HK;IN;JP;KR;MX;US;WO,False
92754402,WO-2024189428-A1,Cytarabine,ANTIBODY-DRUG CONJUGATE COMPRISING ANTIBODIES AGAINST HUMAN L1CAM AND USES THEREOF,AU;BR;CA;CN;EP;HK;ID;IL;IN;JP;KR;MX;RU;TW;VN;WO,False
82358071,WO-2022150314-A1,Cytarabine,MODULATORS OF PROGRAMMED DEATH-LIGAND-1,EP;US;WO,False
34807144,CA-2554716-A1,Cytarabine,"NITROSATED AND/OR NITROSYLATED COMPOUNDS, COMPOSITIONS AND METHODS OF USE",AU;CA;EP;US;WO,False
91033408,AU-2023375870-A1,Cytarabine,INTERMITTENT DOSING REGIMEN FOR AZENOSERTIB IN TREATING CANCER,AU;CA;CN;EP;HK;JP;KR;MX;RU;TW;US;WO,False
91375685,WO-2024213091-A9,Cytarabine,"COMBINATION OF ANTIBODY-DRUG CONJUGATE AND ANTI-PD-1 ANTIBODY, AND USE THEREOF",AU;CA;CN;EP;HK;ID;IL;IN;JP;KR;MX;US;WO,False
49300974,WO-2013151975-A1,Cytarabine,COMPOSITIONS AND METHODS FOR THE INHIBITION OF METHYLTRANSFERASES,US;WO,False
40996551,US-8088771-B2,Cytarabine,Cycloalkylidene and heterocycloalkylidene inhibitor compounds,AU;BR;CA;CN;EP;HK;IN;JP;KR;MX;NZ;US;WO,False
40341599,WO-2009020641-A1,Cytarabine,"HYBRID SCFA-HYDROXYL-DERIVATIZED MONOSACCHARIDES, METHODS OF SYNTHESIS, AND METHODS OF TREATING DISORDERS",US;WO,False
87766876,CA-3244259-A1,Cytarabine,COMPOSITIONS AND METHODS TO MODULATE THE IMMUNE SYSTEM,CA;US;WO,False
86095996,WO-2024218697-A1,Cytarabine,METHODS AND SYSTEMS FOR IMPROVING ANTI-CANCER THERAPIES,EP;JP;US;WO,False
94536387,WO-2025151443-A1,Cytarabine,ENDOXIFEN FOR TREATMENT OF RARE CANCERS,AU;CA;CN;WO,False
69887956,WO-2020061550-A1,Cytarabine,COMPOSITIONS AND METHODS FOR GLAUCOMA,AU;CA;CN;EP;IN;JP;US;WO,False
38608899,US-20090060873-A1,Cytarabine,Novel synthetic triterpenoids and methods of use in the treatment and prevention of multiple scleroris,US;WO,False
92420435,EP-4667458-A1,Cytarabine,"PHARMACEUTICAL COMPOSITION FOR TREATMENT OF CANCER, COMPRISING SOS1 INHIBITOR AND ANTICANCER DRUG",CN;EP;JP;KR;TW;WO,False
77292954,WO-2021163572-A1,Cytarabine,"NOVEL TDZD ANALOGS AS AGENTS THAT DELAY, PREVENT, OR REVERSE AGE-ASSOCIATED DISEASES; AND AS ANTI-CANCER AND ANTILEUKEMIC AGENTS",EP;US;WO,False
52478098,US-20200308277-A1,Cytarabine,ANTIBODY MOLECULES TO TIM-3 AND USES THEREOF,AR;AU;BR;CA;CL;CN;CR;CU;CY;DK;EA;EC;EP;ES;HK;HR;HU;ID;IL;IN;IR;JO;JP;KR;LT;MA;ME;MO;MX;MY;NZ;PE;PH;PL;PT;RS;SG;SI;TH;TN;TW;US;UY;VN;WO,True
68467325,US-20200095317-A1,Cytarabine,COMPOSITIONS AND METHODS RELATED TO ANTI-CD19 ANTIBODY DRUG CONJUGATES,AU;BR;CA;CN;EP;HK;IL;JP;KR;MX;RU;SG;TW;US;WO,False
63253348,US-20190374650-A1,Cytarabine,COMPOSITIONS AND METHODS FOR DELIVERY OF POLYMER/BIOMACROMOLECULE CONJUGATES,US;WO,False
93152015,AU-2024258943-A1,Cytarabine,METHIONINE ADENOSYLTRANSFERASE 2A (MAT2A) INHIBITOR COMBINATIONS AND USES THEREOF,AU;CA;CN;EP;HK;JP;KR;WO,False
57123753,AU-2016322506-A9,Cytarabine,Vaccine compositions comprising C-C motif chemokine 22 (CCL22) or fragments thereof,AU;CA;CN;EP;HK;IL;JP;NZ;US;WO,False
88731171,EP-4522281-A2,Cytarabine,BIOTIN ORTHOGONAL STREPTAVIDIN SYSTEM,EP;JP;US;WO,False
82259657,AU-2021413862-A1,Cytarabine,TEMPLATE DIRECTED IMMUNOMODULATION FOR CANCER THERAPY,AU;CA;EP;HK;JP;KR;US;WO,False
75338623,WO-2021067761-A1,Cytarabine,COMPOSITIONS AND METHODS COMPRISING ANTI-NRP2 ANTIBODIES,AU;CA;CN;EP;JP;US;WO,False
94637518,WO-2025155742-A1,Cytarabine,METHODS OF USE FOR QUINAZOLINE COMPOUNDS,WO,False
43011738,WO-2010124009-A2,Cytarabine,FULLY HUMAN ANTI-VEGF ANTIBODIES AND METHODS OF USING,WO,False
91971175,WO-2024159088-A1,Cytarabine,COMPOUNDS AND METHODS FOR YAP/TEAD MODULATION AND INDICATIONS THEREFOR,EP;US;WO,False
91971139,WO-2024158836-A2,Cytarabine,CD62L (L-SELECTIN) APTAMER AND ITS APPLICATION FOR T CELL ISOLATION,US;WO,False
68109204,EP-4038054-A1,Cytarabine,PYRIMIDINEDIONE DERIVATIVES,EP;US;WO,False
88793147,WO-2024081916-A1,Cytarabine,METHODS OF TREATING CANCERS USING ISOQUINOLINE OR 6-AZA-QUINOLINE DERIVATIVES,AU;BR;CA;CL;CN;CO;CR;DO;EP;GE;HK;ID;IL;IN;JO;JP;KR;MX;MY;PE;RU;VN;WO,False
80951243,US-20230414617-A1,Cytarabine,PHARMACEUTICAL COMPOSITION COMPRISING ACID-BASE NEUTRALIZATION COMBINATION AND APPLICATION THEREOF,EP;HK;JP;MY;US;WO,False
68610230,US-11939349-B2,Cytarabine,Galactoside inhibitor of galectins,CA;CN;EP;JP;US;WO,False
87349170,WO-2023141560-A2,Cytarabine,ALKALINE PHOSPHATASE FOR USE IN ONCOLOGY,WO,False
57943677,US-20180155332-A1,Cytarabine,SMALL MOLECULE BASED ANTIBODY-RECRUITING COMPOUNDS FOR CANCER TREATMENT,US,False
52665165,US-20160272707-A1,Cytarabine,"VSTM5 ANTIBODIES, AND USES THEREOF FOR TREATMENT OF CANCER, INFECTIOUS DISEASES AND IMMUNE RELATED DISEASES",AU;CA;EP;IL;US;WO,False
34976042,CA-2533878-A1,Cytarabine,FLUORINATED CARBOHYDRATE CONJUGATES,CA;EP;JP;US;WO,False
69143200,AU-2019301812-A1,Cytarabine,Compositions and methods for metal containing formulations capable of modulating immune response,AU;CA;CN;EP;HK;JP;KR;US;WO,False
58447081,AU-2016335991-A1,Cytarabine,Combination therapy with glutaminase inhibitors and immuno-oncology agents,AU;CA;CN;EP;HK;IL;JP;KR;SG;US;WO,False
66332354,US-20210177841-A1,Cytarabine,CONJOINT THERAPY WITH GLUTAMINASE INHIBITORS,EP;US;WO,False
91971179,EP-4654970-A1,Cytarabine,COMPOUNDS AND METHODS FOR YAP/TEAD MODULATION AND INDICATIONS THEREFOR,EP;US;WO,False
63107851,EP-3595729-A1,Cytarabine,TRIGGER-ACTIVATABLE SUGAR CONJUGATES FOR CANCER-SELECTIVE LABELING AND TARGETING,CN;EP;JP;KR;US;WO,False
94824098,WO-2025166180-A1,Cytarabine,ULK INHIBITORS AND METHODS OF USE THEREOF,AR;AU;CA;TW;WO,False
41255034,WO-2010030727-A1,Cytarabine,"3-SUBSTITUTED-1H-INDOLE, 3-SUBSTITUTED-1H-PYRROLO[2,3-B]PYRIDINE AND 3-SUBSTITUTED-1H-PYRROLO[3,2-B]PYRIDINE COMPOUNDS, THEIR USE AS MTOR KINASE AND PI3 KINASE INHIBITORS, AND THEIR SYNTHESES",US;WO,False
52589819,TW-I741478-B,Cytarabine,CYCLOPROPYLAMINES AS LSD1 INHIBITORS,AR;AU;BR;CA;CL;CN;CR;CY;DK;EA;EC;EP;ES;HK;HR;HU;ID;IL;IN;JP;KR;LT;ME;MO;MX;MY;NZ;PE;PH;PL;PT;RS;SG;SI;SM;TW;UA;US;VN;WO;ZA,True
73451401,EP-3964236-A1,Cytarabine,LIGAND-DRUG CONJUGATE INCLUDING LINKER HAVING TRIS STRUCTURE,CN;EP;JP;KR;US;WO,False
75223513,WO-2021178789-A1,Cytarabine,METHODS OF USING REBASTINIB IN THE TREATMENT OF DIFFERENT CANCEROUS DISORDERS,TW;US;WO,False
46171210,US-20170266263-A1,Cytarabine,METHODS FOR INCREASING INTRACELLULAR ACTIVITY OF HSP70,US,False
72427518,EP-3936501-A1,Cytarabine,SITE-SPECIFIC ANTIBODY CONJUGATION AND ANTIBODY-DRUG CONJUGATE AS SPECIFIC EXAMPLE THEREOF,AU;CA;CN;EP;IN;JP;KR;US;WO,False
85726774,AU-2023235439-A1,Cytarabine,CDK7 INHIBITORS FOR ANTIVIRAL TREATMENT,AU;CA;EP;HK;IL;US;WO,False
76788344,US-20230049029-A1,Cytarabine,COMBINATION CANCER THERAPY USING CHK INHIBITOR,AU;CN;EP;HK;US;WO,False
38724052,US-20090004293-A1,Cytarabine,Phosphorous Containing Compounds Including Triphenylmethylphosphonate Esters for the Treatment of Melanoma and Other Cancers,AU;BR;CA;CN;DE;EP;IL;IN;JP;KR;MX;NO;RU;US;WO,False
83689127,EP-4408473-A1,Cytarabine,AUTOMATED SYNTHESIS OF POLYMERIC DUAL DRUGS,CN;EP;JP;KR;US;WO,False
65724066,WO-2019055988-A1,Cytarabine,BRANCHED PEPTIDES FOR ENZYMATIC ASSEMBLY AND MITOCHONDRIA DRUG DELIVERY,US;WO,False
57442178,WO-2016196890-A1,Cytarabine,INHIBITORS OF HEXOKINASE AND METHODS OF USE THEREOF,WO,False
37453306,US-8541461-B2,Cytarabine,Pharmaceutical combinations comprising pyrazole derivatives as protein kinase modulators,EP;JP;US;WO,False
71840742,IL-322637-A,Cytarabine,A conjugate of an amanita toxin with branched linkers,AU;BR;CA;CN;EA;EP;HK;IL;IN;JP;KR;MX;MY;NZ;PH;SG;US;VN;WO;ZA,False
91033340,WO-2024102484-A1,Cytarabine,METHODS FOR IMPROVED RISK STRATIFICATION OF ADULT AND PEDIATRIC ACUTE MYELOID LEUKEMIA PATIENTS USING INFLAMMATION GENE SIGNATURES,WO,False
88102091,WO-2023183932-A2,Cytarabine,MONOBODIES BINDING TO INTERCELLULAR ADHESION MOLECULE 2 (ICAM-2),US;WO,False
57472102,EP-4141002-A1,Cytarabine,HETEROCYCLIC COMPOUNDS AS IMMUNOMODULATORS,AU;CA;CN;CY;DK;EA;EP;ES;HK;HR;HU;ID;IL;IN;JP;KR;LT;MA;MD;MX;MY;NZ;PH;PL;PT;RS;SG;SI;SM;TW;US;WO;ZA,True
37683994,AU-2006272497-A1,Cytarabine,Small compounds that correct protein misfolding and uses thereof,AU;BR;CA;CN;EP;HK;IL;IN;JP;KR;NZ;US;WO,False
39683458,WO-2008153701-A1,Cytarabine,COMPOUNDS FOR INHIBITING KSP KINESIN ACTIVITY,WO,False
33313482,EP-1618181-B1,Cytarabine,POLYVALENT PROTEIN COMPLEX,AU;CA;EP;JP;US;WO,False
68344956,US-20220016215-A1,Cytarabine,GIP RECEPTOR AGONIST PEPTIDE COMPOUNDS AND USES THEREOF,EP;JP;US;WO,False
93852676,WO-2024259358-A2,Cytarabine,MODULATION OF FUSOBACTERIUM NUCLEATUM SUBSPECIES ANIMALIS CLADE 2 MICROBES,WO,False
70331893,WO-2020086440-A1,Cytarabine,IMMUNOMODULATORY COMPOUNDS,WO,False
39230831,WO-2008039525-A2,Cytarabine,CADHERIN ANTAGONISTS IN COMBINATION WITH ANTICANCER AGENTS FOR USE IN CANCER TREATMENT,US;WO,False
88287441,WO-2024062319-A1,Cytarabine,POLYMERS WITH DUAL THERAPEUTIC AGENTS,CN;EP;JP;KR;WO,False
79553732,US-20230266330-A1,Cytarabine,EXOSOMAL TUMOR BIOMARKERS AND COLLECTIONS THEREOF,EP;US;WO,False
57546259,US-20180186885-A1,Cytarabine,FZD7 SPECIFIC ANTIBODIES AND VACCINES TO TREAT CANCER AND CONTROL STEM CELL FUNCTION,US;WO,False
98214106,WO-2025264805-A2,Cytarabine,"SYNBIOTICS FOR MODULATING GUT MICROFLORA POPULATIONS, TREATMENT OF DYSBIOSIS AND DISEASE PREVENTION, AND METHODS FOR MAKING AND USING SAME",WO,False
37616876,WO-2007011759-A2,Cytarabine,INHIBITORS OF MITOTIC KINESIN,WO,False
87578630,US-20250161271-A1,Cytarabine,"PHARMACEUTICAL COMPOSITION FOR TREATING CANCER, COMPRISING ANTICANCER AGENT AND NOVEL COMPOUND HAVING INHIBITORY ACTIVITY WITH RESPECT TO PROSTAGLANDIN E2 RECEPTORS",AU;CN;EP;HK;JP;KR;TW;US;WO,False
57585664,US-20160375044-A1,Cytarabine,Compositions and Methods for Inhibiting Arginase Activity,AU;CA;CN;EA;EP;HK;IL;JP;KR;MA;MX;MY;PH;SG;UA;US;VN;WO;ZA,False
23318478,US-20040006087-A1,Cytarabine,Method of treating cancer using FPT inhibitors and antineoplastic agents,AU;CA;CN;EP;HK;JP;MX;US;WO,False
69593093,EP-3842437-A1,Cytarabine,HIGH ACTIVITY STING PROTEIN AGONIST,AU;CA;CN;EP;HK;JP;KR;TW;US;WO,False
49161781,CN-109053595-B,Cytarabine,表皮生长因子受体激酶抑制剂的盐,AR;AU;BR;CA;CN;CY;DK;EP;ES;HK;HR;ID;IL;IN;JP;KR;LT;MX;MY;PH;PL;PT;RS;RU;SG;SI;SM;TR;TW;US;WO,True
39247944,US-20090324543-A1,Cytarabine,"PYRIDO(3,2-d)PYRIMIDINES USEFUL FOR TREATING VIRAL INFECTIONS",US;WO,False
53442646,WO-2016202935-A1,Cytarabine,GLUCOSE TRANSPORT INHIBITORS,WO,False
22297915,US-6531477-B1,Cytarabine,"6-substituted pyrazolo [3,4-d] pyrimidin-4-ones useful as cyclin dependent kinase inhibitors",AT;AU;CA;DE;EP;ES;JP;PT;US;WO,True
27734438,US-20030216396-A1,Cytarabine,"Pyridine, quinoline, and isoquinoline N-oxides as kinase inhibitors",AU;US;WO,False
52595463,AU-2019204244-B2,Cytarabine,CYCLOPROPYLAMINES AS LSD1 INHIBITORS,AR;AU;BR;CA;CL;CN;CR;CY;DK;EA;EC;EP;ES;HK;HR;HU;ID;IL;IN;JP;KR;LT;ME;MO;MX;MY;NZ;PE;PH;PL;PT;RS;SG;SI;SM;TW;UA;US;VN;WO;ZA,True
88745834,WO-2025099152-A1,Cytarabine,ANTIBODIES AND MOLECULAR CONJUGATES THEREOF TARGETING UPAR,AU;CA;CN;EP;IL;IN;KR;MX;WO,False
61561557,WO-2018049014-A1,Cytarabine,"DASH INHIBITORS, AND USES RELATED THERETO",CA;CN;EP;JP;KR;US;WO,False
87766927,US-20250188170-A1,Cytarabine,COMPOSITIONS AND METHODS COMPRISING ANTI-NRP2b ANTIBODIES,US;WO,False
60783905,US-20210106538-A1,Cytarabine,COMPOSITIONS AND METHODS FOR DELIVERY OF BIOMACROMOLECULE AGENTS,CA;EP;US;WO,False
49551303,EP-2846784-A1,Cytarabine,COMPOUNDS USEFUL FOR PROMOTING PROTEIN DEGRADATION AND METHODS USING SAME,EP;US;WO,False
89324379,AU-2023298047-A1,Cytarabine,COMPOUNDS AS INHIBITORS OF AXL,AR;AU;BR;CA;CL;CN;EA;EP;HK;ID;IL;IN;JP;KR;MX;MY;TW;US;VN;WO,False
22962986,AU-2002228849-A1,Cytarabine,Semicarbazides and their uses as cyclin dependent kinase inhibitors,AU;CA;EP;JP;US;WO,False
95898167,WO-2025117540-A1,Cytarabine,COMPOSITIONS AND METHODS FOR MULTIMODAL IMMUNE ACTIVATION AND DELIVERY,WO,False
93520201,WO-2024238454-A2,Cytarabine,COMPOSITIONS AND METHODS FOR THE DIAGNOSIS AND TREATMENT OF MICROVASCULATURE DYSFUNCTION AND RELATED DISEASES,CN;EP;JP;WO,False
86731027,WO-2023107353-A2,Cytarabine,P53 PEPTIDOMIMETIC MACROCYCLES,CN;EP;JP;US;WO,False
43862469,CN-102020653-A,Cytarabine,氨基全氢化喹唑啉类化合物及其衍生物制备提高抗癌药药效的新应用,CN,False
75539923,CA-3176095-A1,Cytarabine,BIOMARKERS FOR SACITUZUMAB GOVITECAN THERAPY,AU;CA;CN;EP;HK;JP;KR;US;WO,False
69059954,WO-2020010262-A1,Cytarabine,HIGH THROUGHPUT DRUG SCREENING OF CANCER STEM CELLS,US;WO,False
41066724,US-20150087630-A1,Cytarabine,METHODS OF USE OF DIAZACARBAZOLES FOR TREATING CANCER,AR;AU;BR;CA;CL;CN;DK;EP;ES;GC;HK;IL;IN;JP;KR;MX;PE;PH;RU;TW;US;WO;ZA,True
89833782,EP-4638503-A1,Cytarabine,COMBINATION THERAPY FOR LUNG CANCER,AU;BR;CA;CN;EP;IL;JP;KR;MX;US;WO,False
78022679,WO-2021207668-A1,Cytarabine,PORTABLE MEDICAL OBSERVATION AND ISOLATION UNIT,WO,False
36648080,US-20060166901-A1,Cytarabine,Compositions comprising O-acetylsalicyl derivatives of aminocarbohydrates and amino acids,AU;CA;CN;EP;JP;US;WO,False
56091080,WO-2016087936-A1,Cytarabine,SUBSTITUTED PYRIDINONES AS BROMODOMAIN INHIBITORS,CA;EP;HK;US;WO,False
34619336,WO-2005049091-A2,Cytarabine,ANTIBODY-TARGETED NANOPARTICULATE ACTIVE AGENT DELIVERY,CA;EP;JP;US;WO,False
32966445,US-20040235829-A1,Cytarabine,Novel cyanopyridine derivatives useful in the treatment of cancer and other disorders,AR;AT;AU;BR;CA;CN;CY;DE;DK;EP;ES;HK;IL;IN;JP;KR;MX;PL;PT;SI;TW;US;UY;WO,True
55861196,TW-201701880-A,Cytarabine,Methods for improving the pharmacokinetics and therapeutic index of sustained release drug therapies,TW;WO,False
49224765,TW-201326170-A,Cytarabine,Substituted triazolopyridines,TW,False
74860394,WO-2021158938-A1,Cytarabine,IL-10 AND USES THEREOF,CN;EP;JP;KR;US;WO,False
48782088,AU-2013207900-B2,Cytarabine,Compounds and methods for the enhanced degradation of targeted proteins and other polypeptides by an E3 ubiquitin ligase,AU;BR;CA;CN;EP;HK;IN;JP;KR;MX;RU;US;WO,False
64397086,WO-2018218197-A2,Cytarabine,"TETRAHYDROPYRIDO[4,3-D]PYRIMIDINE INHIBITORS OF ATR KINASE",EP;US;WO,False
54067762,US-20150258082-A1,Cytarabine,COMBINATION THERAPY WITH GLUTAMINASE INHIBITORS,EP;US;WO,False
66429535,EP-4566675-A2,Cytarabine,HETEROCYCLIC COMPOUNDS AS IMMUNOMODULATORS,AR;AU;BR;CA;CL;CN;CO;CR;CY;DK;EA;EC;EP;ES;FI;HK;HR;HU;ID;IL;IN;JP;KR;LT;MA;MD;MO;MX;MY;PE;PH;PL;PT;RS;SG;SI;SM;TH;TW;UA;US;VN;WO;ZA,True
63714040,EP-3678690-A1,Cytarabine,METHODS FOR IMPROVING ADOPTIVE CELL THERAPY,CN;EP;JP;US;WO,False
56091083,EP-3227280-A1,Cytarabine,SUBSTITUTED PYRIDINES AS BROMODOMAIN INHIBITORS,CA;EP;HK;US;WO,False
39745571,CA-2690192-A1,Cytarabine,IMIDAZOPYRIDINYL THIAZOLYL HISTONE DEACETYLASE INHIBITORS,CA;EP;HK;JP;US;WO,False
92590435,AU-2024230804-A1,Cytarabine,"COMPOSITIONS FOR MODULATING GUT MICROFLORA POPULATIONS, TREATMENT OF DYSBIOSIS AND DISEASE PREVENTION, AND METHODS FOR MAKING AND USING SAME",AU;CA;CN;EP;IL;JP;KR;US;WO,False
54196559,AU-2015236165-A1,Cytarabine,Peptide inhibitors of Bcr-Abl oligomerization,AU;CA;EP;US;WO,False
59851028,CA-3015847-C,Cytarabine,SUBSTITUTED INHIBITORS OF MENIN-MLL AND METHODS OF USE,AR;AU;BR;CA;CN;CY;DK;EA;EP;ES;FI;HK;HR;HU;IL;IN;JP;KR;LT;MA;MD;MO;MX;MY;NZ;PH;PL;PT;RS;SG;SI;SM;TW;US;WO;ZA,True
93257050,WO-2024225838-A1,Cytarabine,METHOD FOR PREPARING ANTIBODY-DRUG CONJUGATE WITH UNIFORM DAR AND INCLUDING MALEIMIDE-CONTAINING LINKER,WO,False
82259714,WO-2022147108-A1,Cytarabine,ANTI-HVEM ANTIBODIES,CA;CN;EP;JP;KR;US;WO,False
67211889,WO-2019246262-A2,Cytarabine,METHODS OF TREATING OR INHIBITING ONSET OF HUNTINGTON&apos;S DISEASE,CA;CN;EP;JP;KR;US;WO,False
62241833,WO-2018102463-A1,Cytarabine,FREE RADICAL-AND REACTIVE OXYGEN SPECIES-REACTING COMPOUNDS,EP;US;WO,False
47601516,WO-2013016434-A1,Cytarabine,COMPOSITIONS AND METHODS OF TREATING HEAD AND NECK CANCER,EP;MX;US;WO,False
47048993,US-9663523-B2,Cytarabine,BET protein-inhibiting 5-aryltriazoleazepines,CA;CN;EP;ES;HK;JP;US;WO,True
77923122,KR-20210116861-A,Cytarabine,Aptamer-based particles and method for manufacturing the same,KR,False
22794168,NZ-522925-A,Cytarabine,Vitronectin receptor antagonist pharmaceuticals for use in combination therapy,AT;AU;BR;CA;CN;DE;EP;IL;IN;JP;MX;NZ;WO,False
78086158,WO-2022061251-A1,Cytarabine,COMPOUNDS AND METHODS FOR KRAS MODULATION AND INDICATIONS THEREFOR,US;WO,False
51428786,WO-2014134243-A1,Cytarabine,PHARMACEUTICAL COMPOUNDS AND USE OF SAME IN CANCER AND TAUOPATHIES,US;WO,False
42982732,WO-2010120262-A1,Cytarabine,METHODS AND COMPOSITIONS FOR THE TREATMENT OF MEDICAL CONDITIONS INVOLVING CELLULAR PROGRAMMING,CA;US;WO,False
59313481,US-20180169067-A1,Cytarabine,COMBINATION DRUG THERAPIES FOR CANCER AND METHODS OF MAKING AND USING THEM,US,False
38896626,US-20080021066-A1,Cytarabine,IAP INHIBITORS,AR;CL;EP;JP;US;WO,False
63447983,CA-3055562-A1,Cytarabine,COMBINATION THERAPY WITH GLUTAMINASE INHIBITORS,AU;CA;CN;EP;HK;JP;KR;US;WO,False
66380163,WO-2019200238-A1,Cytarabine,COMBINATIONS INCLUDING A CPG-C TYPE OLIGONUCLEOTIDE AND A HISTONE DEACETYLASE INHIBITOR FOR TREATING CANCER,TW;WO,False
55967241,WO-2016177833-A1,Cytarabine,DOSAGE REGIMEN FOR HIV VACCINE,CA;JP;US;WO,False
33131757,WO-2004087207-A2,Cytarabine,METHOD FOR INDUCING APOPTOSIS AND ANEUPLOIDY REGRESSION IN CANCER CELLS,WO,False
45066077,US-20130189368-A1,Cytarabine,NANOPARTICULATE COMPOSITION CONTAINING ANTIBIOTICS FOR INTRAMAMMARY ADMINISTRATION IN ANIMALS,AR;AU;BR;CN;EP;US;WO,False
78271082,US-20230241241-A1,Cytarabine,CONJUGATES OF A CELL-BINDING MOLECULE WITH CAMPTOTHECIN ANALOGS,AU;BR;CA;CL;CN;EP;HK;IL;IN;JP;KR;MX;PH;TW;US;VN;WO;ZA,False
38228870,EP-1981538-B1,Cytarabine,METALLOPROTEINASE BINDING PROTEINS,AU;CA;EP;ES;HK;IN;JP;US;WO,True
86902786,EP-4455134-A1,Cytarabine,1H-PYRAZOLE-3-AMINE DERIVATIVE HAVING BICYCLIC BACKBONE,AU;BR;CA;CN;EA;EP;HK;ID;JP;KR;MX;MY;TW;US;VN;WO,False
81770769,US-20250277045-A1,Cytarabine,DEVELOPMENT AND APPLICATION OF T-CELL ENGAGER THERAPEUTIC AGENT,AU;CA;CN;EP;IN;JP;KR;US;WO,False
51989523,WO-2014193999-A2,Cytarabine,BIOMARKER METHODS AND COMPOSITIONS,WO,False
44063190,EP-2696861-B1,Cytarabine,"COMBINATION OF EPA, DPA AND/OR DHA WITH A CHEMOTHERAPEUTIC AGENT",BR;CN;DK;EP;ES;PL;RU;WO,True
40361757,EP-2168582-A1,Cytarabine,"Combinations of substituted 2,3-dihydroimidazo[1,2-c]quinazolines",EP,False
92420781,WO-2024173718-A2,Cytarabine,HETEROBIFUNCTIONAL BINDERS OF KLHDC2,WO,False
37075036,US-20090131414-A1,Cytarabine,"PYRIDO(3,2-D)PYRIMIDINES AND PHARMACEUTICAL COMPOSITIONS USEFUL FOR TREATING HEPATITIS C",AU;CA;EP;GB;HK;JP;US;WO,False
83462141,KR-20220131621-A,Cytarabine,Aptamer-based particles and method for manufacturing the same,KR,False
64463059,CN-115927622-A,Cytarabine,用于进行白血病诊疗的系统,CN,False
37682624,WO-2007059905-A2,Cytarabine,THIENOPYRIMIDINES TREATING INFLAMMATORY DISEASES,WO,False
74192452,EP-3999079-A1,Cytarabine,FUSION POLYPEPTIDE FOR IMMUNOTHERAPY,AU;BR;CA;CN;EP;HK;ID;IL;IN;JP;KR;MX;RU;US;WO,False
59325170,EP-3427781-B1,Cytarabine,DRUG AND DEVICE SYSTEM FOR PRESSURIZED AEROSOL THERAPIES INTO A MAMMALIAN HOLLOW SPACE,EP,False
64049033,EP-3853859-A1,Cytarabine,A METHOD FOR DETERMINING THE EFFICACY OF TREATMENT WITH A COMBINATION OF DRUGS IN A SUBJECT DIAGNOSED WITH A DISEASE AND A METHOD FOR CLASSIFYING THE UTILITY OF DRUG COMBINATIONS IN TREATMENT OF SAID SUBJECT,CN;EP;HK;US;WO,False
93590460,WO-2024243341-A2,Cytarabine,COMPOUNDS THAT RE-ACTIVATE MUTANT P53,AU;CN;WO,False
41036737,WO-2010011620-A1,Cytarabine,"4-PHENOXY-6-ARYL-1H-PYRAZOLO[3,4-D]PYRIMIDINE AND N-ARYL-6-ARYL-1H-PYRAZOLO[3,4-D]PYRIMIDIN-4-AMINE COMPOUNDS, THEIR USE AS MTOR KINASE AND PI3 KINASE INHIBITORS, AND THEIR SYNTHESES",US;WO,False
74685217,US-20220298252-A1,Cytarabine,METHODS OF TREATING CANCER USING TNFRSF25 ANTIBODIES,AU;CA;CN;EP;JP;US;WO,False
37865289,US-20060194878-A1,Cytarabine,Methods of cardioprotection using dichloroacetate in combination with an inotrope,US;WO,False
84981607,WO-2024123195-A1,Cytarabine,TARGETED PROTEIN DEGRADATION USING PRODRUGS OF BIFUNCTIONAL COMPOUNDS THAT BIND UBIQUITIN LIGASE AND TARGET MCL-1 PROTEIN,AU;BR;CA;CN;EP;HK;IL;JP;KR;MX;US;WO,False
40578142,WO-2009111547-A1,Cytarabine,"7H-PYRROLO[2,3-H]QUINAZOLINE COMPOUNDS, THEIR USE AS MTOR KINASE AND PI3 KINASE INHIBITORS, AND THEIR SYNTHESIS",US;WO,False
83459705,US-20240131178-A1,Cytarabine,"ANTIBODY-DRUG CONJUGATE INCLUDING ANTIBODY AGAINST HUMAN CLDN18.2, AND USE THEREOF",AU;BR;CA;CN;EP;HK;IL;IN;JP;KR;MX;US;WO,False
82850726,WO-2023002431-A1,Cytarabine,AUTOMATED SYNTHESIS OF POLYMERIC DRUGS,CN;EP;JP;KR;US;WO,False
76111448,WO-2021110136-A1,Cytarabine,PHARMACEUTICAL COMBINATION AND USE THEREOF,CN;EP;TW;US;WO,False
42321099,WO-2010120996-A1,Cytarabine,"5,6,7,8-TETRAHYDROPYRIDO[3,4-D]PYRIMIDINE COMPOUNDS, THEIR USE AS MTOR KINASE AND PI3 KINASE INHIBITORS, AND THEIR SYNTHESES",WO,False
94820313,WO-2025049640-A1,Cytarabine,MACROLIDE-NOX4 CONJUGATES AND USES THEREOF,EP;WO,False
29251464,US-20030203917-A1,Cytarabine,Compounds and methods for the treatment of neoplastic disease,US,False
88330425,EP-4508038-A1,Cytarabine,COMPOSITIONS AND METHODS FOR INHIBITING CARP-1 BINDING TO NEMO,EP;US;WO,False
84520100,EP-4434036-A1,Cytarabine,METHODS AND SYSTEMS FOR ACCURATE GENOTYPING OF REPEAT POLYMORPHISMS,EP;US;WO,False
76375361,EP-4143316-A2,Cytarabine,COMPOSITIONS CONTAINING NUCLEIC ACID NANOPARTICLES WITH MODULAR FUNCTIONALITY,CN;EP;HK;JP;US;WO,False
68697152,EP-3801562-A1,Cytarabine,RNA-AIDED IMMUNOTHERAPEUTICS,CA;EP;US;WO,False
21741910,CA-2420164-A1,Cytarabine,ACYLSEMICARBAZIDES AND THEIR USE AS CYCLIN DEPENDENT KINASE (CDK) INHIBITORS,AU;CA;EP;JP;US;WO,False
73835544,WO-2021078412-A1,Cytarabine,FRACTAL FORMULATIONS,EP;WO,False
74106139,US-12509444-B2,Cytarabine,Compounds and methods for CD73 modulation and indications therefor,US;WO,False
44545741,MY-185139-A,Cytarabine,SUBSTITUTED IMIDAZOPYRIDAZINES,AP;AR;AU;BR;CA;CN;CO;CR;CU;CY;DK;DO;EA;EC;EP;ES;HK;HR;HU;ID;IL;IN;JP;KR;MA;ME;MX;MY;NZ;PE;PH;PL;RS;SA;SG;SI;TN;TW;UA;US;UY;VN;WO;ZA,True
74884354,AU-2020348365-A9,Cytarabine,Methods to improve patient response to immune checkpoint inhibitors and functional tests to predict response,AU;CA;EP;US;WO,False
26821130,HK-1043796-A1,Cytarabine,Novel phosphorus-containing prodrugs,AT;AU;CA;CN;CY;CZ;DE;DK;EP;ES;HK;HU;IL;IN;JP;MX;NZ;PT;SK;US;WO,True
93658775,WO-2024249769-A2,Cytarabine,COMBINATION THERAPY FOR TREATING HEMATOLOGICAL CANCERS,WO,False
90608919,WO-2024077223-A1,Cytarabine,PROTEIN PHOSPHATASE 2A ACTIVATORS,US;WO,False
81307292,US-20240180963-A1,Cytarabine,DIAGNOSIS AND TREATMENT OF MYELOID DISORDERS AND ACUTE LEUKEMIAS USING NOVEL TUMOR SPECIFIC ANTIGENS,AU;BR;CA;CN;EP;HK;IL;IN;JP;KR;MX;US;WO,False
62488735,EP-3551625-A1,Cytarabine,HETEROCYCLIC INHIBITORS OF MCT4,AU;BR;CA;CN;DK;EP;ES;HK;ID;IL;IN;JP;KR;MX;NZ;PH;RU;SA;US;WO;ZA,True
87472579,WO-2023147063-A2,Cytarabine,COMPOUNDS AND METHODS FOR YAP/TEAD MODULATION AND INDICATIONS THEREFOR,AU;CA;EP;JP;US;WO,False
83544890,US-20240207300-A1,Cytarabine,COMBINATION THERAPIES INCLUDING MYT1 INHIBITORS,CA;CN;EP;HK;JP;US;WO,False
45888240,US-20140302010-A1,Cytarabine,SUBSTITUTED BENZIMIDAZOLES,CA;CN;EP;ES;JP;US;WO,True
42027882,EP-2343295-A1,Cytarabine,Triazolopyridine derivates,CA;CN;EP;ES;HK;JP;US;WO,True
52894525,CN-104447701-A,Cytarabine,吡唑类衍生物及其用途,CN,False
48446703,CA-2887352-A1,Cytarabine,SACCHARIDE PROTECTIVE COATING FOR PHARMACEUTICAL PACKAGE,CA;EP;US;WO,False
58427990,EP-3355926-A1,Cytarabine,METHOD FOR TREATING CANCER USING A COMBINATION OF DNA DAMAGING AGENTS AND ATR INHIBITORS,AU;CA;EP;ES;HK;IL;JP;KR;MX;RU;US;WO,True
38459678,EP-1988910-B1,Cytarabine,ACRYLOYLOXYETHYLPHOSPHORYLCHOLINE CONTAINING POLYMER CONJUGATES AND THEIR PREPARATION,DK;EP;ES;HK;JP;LT;PT;SI;US;WO,True
49783870,MX-2015000101-A,Cytarabine,COMPOUNDS AND THERAPEUTIC USES THEREOF.,AU;BR;CL;CN;EP;ID;IL;IN;JP;KR;MA;MX;MY;PH;RU;SG;US;VN;WO,False
91195219,EP-4623937-A1,Cytarabine,ANTI-TUMOR COMPOUND AND USE THEREOF,AU;CA;CN;EP;HK;JP;KR;WO,False
70740790,EP-3963087-A1,Cytarabine,IDENTIFICATION AND ANALYSIS OF MICROBIAL SAMPLES BY RAPID INCUBATION AND NUCLEIC ACID ENRICHMENT,AU;BR;CA;CN;EP;HK;IL;IN;JP;KR;MX;MY;RU;SG;US;WO;ZA,False
56106790,EP-3230277-A1,Cytarabine,SUBSTITUTED HETEROCYCLES AS BROMODOMAIN INHIBITORS,CA;CN;EP;HK;JP;MO;US;WO,False
27380788,WO-2001040292-A1,Cytarabine,ANTIGEN-BINDING FRAGMENTS SPECIFIC FOR TUMOR ASSOCIATED ANTIGENS,AU;WO,False
70974083,SG-11202106053S-A,Cytarabine,COMPOSITIONS AND METHODS FOR IMMUNOTHERAPY,AU;CN;EP;HK;IL;JP;KR;SG;TW;US;WO,False
96386024,WO-2025147775-A1,Cytarabine,COMBINATION THERAPY FOR NEOADJUVANT TREATMENT OF CANCER,AU;CA;IL;KR;WO,False
54288794,US-20170305893-A1,Cytarabine,HETEROCYCLIC COMPOUNDS AS DCTPP1 MODULATORS,AU;CA;EP;IN;US;WO,False
66041791,EP-3768715-A1,Cytarabine,ANTIBODIES AGAINST MICA AND/OR MICB AND USES THEREOF,AU;BR;CA;CL;CN;CO;EA;EP;HK;IL;IN;JP;KR;MX;MY;PE;SG;TW;US;WO,False
11375126,EP-0948332-B1,Cytarabine,ANTIHERPETIC MEDICATED STICK CONTAINING ACYCLOVIR FOR TOPICAL APPLICATION,AT;AU;BR;CA;CN;DE;EP;HK;IT;JP;KR;NO;NZ;WO,False
52302407,WO-2015095767-A1,Cytarabine,HETEROCYCLIC MODULATORS OF LIPID SYNTHESIS AND COMBINATIONS THEREOF,AU;CA;CN;EP;ES;JP;KR;US;WO,True
37033831,HK-1164866-A1,Cytarabine,"PYRROLO [2,3-B]PYRIDINE DERIVATIVES AS PROTEIN KINASE INHIBITORS",AR;AT;AU;BE;BR;CA;CN;CR;CY;DE;DK;EC;EP;ES;FR;GC;HK;HU;ID;IL;IN;JP;KR;LU;MA;MX;MY;NO;NZ;PE;PL;PT;RS;RU;SI;TW;UA;US;VN;WO;ZA,True
57633813,CN-106279128-A,Cytarabine,环氧乙烷衍生物及其制备方法和在医药上的应用,CN,False
53938468,AU-2015305770-A1,Cytarabine,Anti-LAG3 antibodies and antigen-binding fragments,AP;AR;AU;BR;CA;CL;CN;CO;CR;CY;DK;DO;EA;EP;ES;GE;GT;HK;HR;HU;ID;IL;IN;IR;JO;JP;KR;LT;MA;MD;MO;MX;MY;NI;NZ;PE;PH;PL;PT;RS;SG;SI;TN;TW;UA;US;VN;WO;ZA,True
37604813,WO-2007006019-A1,Cytarabine,"MATERIALS AND METHODS FOR SCREENING, DIAGNOSIS AND PROGNOSIS OF CONDITIONS ASSOCIATED WITH STAT PROTEIN EXPRESSION",US;WO,False
39864503,EP-2081964-A2,Cytarabine,ALGINATE AND ALGINATE LYASE COMPOSITIONS AND METHODS OF USE,EP;US;WO,False
69643328,US-20250116671-A1,Cytarabine,Kinase Activity In Tumors,US;WO,False
60042047,US-20170326232-A1,Cytarabine,INTRATUMORAL ADMINISTRATION OF PARTICLES CONTAINING A TOLL-LIKE RECEPTOR 9 AGONIST AND A TUMOR ANTIGEN FOR TREATING CANCER,AU;CA;CN;EP;JP;KR;MX;SG;US;WO,False
43778175,EP-2547680-A1,Cytarabine,IMIDAZOPYRAZINES,CA;CN;EP;ES;HK;JP;US;WO,True
91971092,EP-4654969-A1,Cytarabine,COMPOUNDS AND METHODS FOR YAP/TEAD MODULATION AND INDICATIONS THEREFOR,EP;US;WO,False
64998660,US-20190016713-A1,Cytarabine,HETEROCYCLIC INHIBITORS OF ATR KINASE,AU;CA;CN;DK;EP;ES;FI;HK;HR;HU;IL;IN;JP;KR;LT;MO;MX;NZ;PH;PL;PT;RS;SI;SM;US;WO;ZA,True
53274087,US-20160303258-A1,Cytarabine,COMPOUNDS AND COMPOSITIONS FOR IMAGING GCC-EXPRESSING CELLS,EP;HK;JP;US;WO,False
52727488,AU-2015202183-C1,Cytarabine,Apoptosis-inducing agents for the treatment of cancer and immune and autoimmune diseases,AR;AU;BR;CA;CL;CN;CO;CR;CY;DK;DO;EC;EP;ES;FI;GC;GT;HK;HR;HU;ID;IL;IN;JP;KR;LT;ME;MO;MX;MY;NL;NO;NZ;PE;PH;PL;PT;RS;RU;SG;SI;SM;TW;UA;US;UY;VN;WO;ZA,True
32994541,WO-2004081196-A2,Cytarabine,FORMULATIONS FOR CELL- SCHEDULE DEPENDENT ANTICANCER AGENTS,AU;CA;EP;JP;US;WO,False
26229935,US-20010021783-A1,Cytarabine,"New taxoids, their preparation and pharmaceutical compositions containing them",US,False
49474715,EP-2906598-A1,Cytarabine,ANTI-C16ORF54 ANTIBODIES AND METHODS OF USE THEREOF,AU;CA;EP;IL;JP;SG;US;WO,False
68163315,WO-2019200369-A1,Cytarabine,COMPOUNDS AND METHODS OF USING COMPOUNDS FOR THE PREVENTION OR TREATMENT OF PERIPHERAL NERVE DAMAGE,WO,False
51178967,US-20160128944-A1,Cytarabine,COATED PARTICLES AND COMPOSITIONS COMPRISING SAME,AU;BR;CA;CN;EA;EP;HK;IN;JP;KR;MX;NZ;US;WO,False
44227159,US-20110176996-A1,Cytarabine,COMPOSITIONS AND METHODS FOR CANCER MANAGEMENT USING ANTIBODIES BINDING TO NUCLEOTIDE SALVAGE PATHWAY ENZYMES AND COMPLEXES THEREOF,US;WO,False
50342090,US-20150050241-A1,Cytarabine,METHOD OF TREATING VIRAL INFECTIONS,US,False
82134372,EP-4273169-A1,Cytarabine,DEVELOPMENT AND USE OF FUNCTION-ENHANCED ANTIBODY BLOCKING AGENT,CN;EP;US;WO,False
37967343,EP-1940916-B1,Cytarabine,MACROMOLECULAR COMPOUNDS HAVING CONTROLLED STOICHIOMETRY,AU;CA;DK;EP;ES;HU;PL;PT;US;WO,True
83154514,IL-305631-A,Cytarabine,"METHODS AND SYSTEMS FOR DIAGNOSIS, CLASSIFICATION, AND TREATMENT OF SMALL CELL LUNG CANCER AND OTHER HIGH-GRADE NEUROENDOCRINE CARCINOMAS",EP;IL;US;WO,False
97402738,WO-2025217727-A1,Cytarabine,"CONJUGATE COMPOUNDS, METHODS OF MAKING SAME, AND METHODS AND USES THEREOF",WO,False
41153218,US-20100003250-A1,Cytarabine,"(2-ARYL-7H-PYRROLO[2,3-D]PYRIMIDIN-4-YL)MORPHOLINE COMPOUNDS, THEIR USE AS MTOR KINASE AND PI3 KINASE INHIBITORS, AND THEIR SYNTHESES",US;WO,False
89941189,IL-321948-A,Cytarabine,ANTI-IL-18BP ANTIBODIES,AR;AU;BR;CA;CN;EP;IL;IN;JP;KR;MX;TW;US;WO,False
91971057,WO-2024159081-A1,Cytarabine,COMPOUNDS AND METHODS FOR YAP/TEAD MODULATION AND INDICATIONS THEREFOR,EP;US;WO,False
94818554,TW-202517295-A,Cytarabine,"Cancer therapy including 3,5-disubstituted benzene alkynyl compound and immune checkpoint inhibitor",AU;CA;CN;EP;JP;KR;RU;TW;WO,False
85507438,WO-2023037254-A4,Cytarabine,METHODS AND COMPOUNDS FOR TREATING CORONAVIRIDAE VIRUS INFECTIONS,WO,False
88420692,WO-2023205807-A2,Cytarabine,PROTEOLYSIS TARGETING CHIMERAS FOR HUMAN PREGNANE X RECEPTOR AND FOR DEGRADATION OF GSPT1,US;WO,False
86145754,WO-2023076392-A1,Cytarabine,DEVELOPMENT OF NOVEL CLOFARABINE ANALOGS FOR CANCER THERAPY,AU;CA;EP;JP;US;WO,False
39773111,WO-2008116165-A9,Cytarabine,METHODS AND SYSTEMS OF DELIVERING MEDICATION VIA INHALATION,CA;CN;EP;IN;JP;US;WO,False
42269326,US-8835429-B2,Cytarabine,"Pyrimidine compounds, their use as mTOR kinase and Pl3 kinase inhibitors, and their syntheses",CA;EP;ES;JP;US;WO,True
89383366,EP-4549460-A1,Cytarabine,IMMOBILIZED ENDOGLYCOSIDASE FUSION PROTEIN AND USE THEREOF,AU;CN;EP;JP;KR;US;WO,False
54324630,WO-2015161247-A1,Cytarabine,HUMANIZED ANTI-C16ORF54 ANTIBODIES AND METHODS OF USE THEREOF,WO,False
95827147,WO-2025111589-A1,Cytarabine,COMPOSITIONS AND METHODS FOR ENHANCING DRUG RESISTANCE IN CELLS,CN;US;WO,False
34937614,WO-2006136402-A1,Cytarabine,THIENOPYRIMIDINES FOR PHARMACEUTICAL COMPOSITIONS,AU;CA;EP;JP;US;WO,False
40833485,CA-2721838-C,Cytarabine,ANTIOXIDANT INFLAMMATION MODULATORS: OLEANOLIC ACID DERIVATIVES WITH AMINO AND OTHER MODIFICATIONS AT C-17,AU;BR;CA;CN;CO;CY;DK;EA;EP;ES;HK;HR;HU;IL;IN;JP;KR;LT;MO;MX;NZ;PL;PT;RS;SI;TW;US;WO;ZA,True
7797502,EP-0912176-B1,Cytarabine,"USE OF PYRIDYL ALKANE, PYRIDYL ALKENE AND/OR PYRIDYL ALKINE ACID AMIDES IN THE TREATMENT OF TUMORS OR FOR IMMUNOSUPPRESSION",AT;AU;DE;DK;EP;ES;JP;PT;US;WO;ZA,True
70163719,MY-195368-A,Cytarabine,"A Conjugation Linker Containing 2,3-Diaminosuccinyl Group",AU;BR;CA;CL;CN;EA;EP;HK;IL;JP;KR;MX;MY;NZ;PH;SG;TH;US;VN;WO;ZA,False
65991891,EP-3762393-A1,Cytarabine,ALPHA-HYDROXY PHENYLACETIC ACID PHARMACOPHORE OR BIOISOSTERE MCL-1 PROTEIN ANTAGONISTS,EP;MA;US;WO,False
38691782,CA-2695082-C,Cytarabine,PEPTIDE BORONIC ACID AND BORONIC ESTER COMPOUNDS AS PROTEASOME INHIBITORS,AR;AU;BR;CA;CL;CN;CY;DK;EA;EC;EP;ES;FR;GE;HK;HR;HU;ID;IL;IN;JP;KR;LT;LU;MY;NL;NZ;PH;PL;PT;RS;SG;SI;TN;TW;UA;US;VN;WO;ZA,True
92895725,WO-2025054386-A1,Cytarabine,CDK2 INHIBITORS AND USES THEREOF,AR;TW;WO,False
87285659,EP-4644418-A1,Cytarabine,"NANOBODY TARGETING BCMA, CHIMERIC ANTIGEN RECEPTOR AND USE THEREOF",AU;CA;CN;EP;HK;JP;KR;WO,False
39766744,US-20080234262-A1,Cytarabine,PYRAZOLOPYRIMIDINE ANALOGS AND THEIR USE AS MTOR KINASE AND PI3 KINASE INHIBITORS,AR;AU;BR;CA;CL;CN;EP;IN;JP;MX;PE;TW;US;WO,False
38091021,EP-2150532-A1,Cytarabine,PIPERAZINE COMPOUNDS FOR THE INHIBITION OF HAEMATOPOIETIC PROSTAGLANDIN D SYNTHASE,EP;GB;US;WO,False
66429665,WO-2019210153-A1,Cytarabine,CAR T CELL THERAPIES WITH ENHANCED EFFICACY,EP;US;WO,False
80117618,US-20230310444-A1,Cytarabine,COMPOSITIONS AND METHODS FOR TREATING DISEASES AND DISORDERS,AU;BR;CA;CN;CU;EA;EP;HK;ID;IL;IN;JP;KR;MX;MY;US;WO,False
64744758,CA-3081675-A1,Cytarabine,CONJOINT THERAPIES FOR IMMUNOMODULATION,AU;CA;CN;EA;EP;HK;IN;JP;KR;US;WO,False
78270722,US-20230158259-A1,Cytarabine,"PRODUCTS OF MANUFACTURE AND METHODS FOR TREATING, AMELIORATING OR PREVENTING MICROBIAL INFECTIONS",AU;CA;CN;EP;HK;US;WO,False
86767381,WO-2023122212-A2,Cytarabine,SUBSTITUTED PHENYL ETHYNYL PYRIDINE CARBOXAMIDES AS POTENT INHIBITORS OF SARS VIRUS,US;WO,False
46124297,AU-2012244859-A1,Cytarabine,Triazolopyridines,AP;AR;AU;CA;CL;CN;CO;CR;CU;CY;DK;DO;EA;EC;EP;ES;GT;HK;HR;HU;ID;IL;IN;JO;JP;KR;MA;ME;MX;MY;NZ;PE;PH;PL;PT;RS;SA;SG;SI;TN;TW;UA;US;UY;VN;WO;ZA,True
93852781,WO-2024259297-A2,Cytarabine,COMPOSITIONS AND METHODS FOR TARGETING EXTRACELLULAR DNA,WO,False
60991551,WO-2018112365-A2,Cytarabine,METHODS OF TREATING COLORECTAL CANCER AND MELANOMA USING PARABACTEROIDES GOLDSTEINII,WO,False
52280718,WO-2015006501-A2,Cytarabine,MICROVESSEL ENDOTHELIAL CELL SURFACE MARKERS AND USES THEREOF,EP;US;WO,False
86158721,AU-2022375785-A1,Cytarabine,COMPOSITIONS AND METHODS COMPRISING ANTI-NRP2a ANTIBODIES,AU;CA;CN;EP;HK;JP;US;WO,False
32093746,WO-2004032828-A2,Cytarabine,ANTI-CD20 ANTIBODY-DRUG CONJUGATES FOR THE TREATMENT OF CANCER AND IMMUNE DISORDERS,AU;CA;EP;US;WO,False
96387333,WO-2025151135-A1,Cytarabine,METHODS OF TREATING CANCER AND/OR CHEMOTHERAPY RELATED CONDITIONS USING NON-NATURALLY OCCURRING MELANOCORTIN ANALOGS,AU;CA;KR;WO,False
56849986,US-20160256458-A1,Cytarabine,BENZOPIPERAZINE COMPOSITIONS AS BET BROMODOMAIN INHIBITORS,US,False
76633466,SG-10202105348W-A,Cytarabine,"SPECIFIC CONJUGATION LINKERS, SPECIFIC IMMUNOCONJUGATES THEREOF, METHODS OF MAKING AND USES SUCH CONJUGATES THEREOF",SG,False
88420545,WO-2023205344-A1,Cytarabine,SMALL MOLECULE MODULATORS OF HUMAN PREGNANE X RECEPTOR,US;WO,False
45812107,AU-2012200204-A1,Cytarabine,Hemiasterlin derivatives and uses thereof,AU;CA;CN;EP;IL;IN;JP;KR;US;WO,False
81209474,WO-2023078021-A1,Cytarabine,BCMA MONOCLONAL ANTIBODY AND THE ANTIBODY-DRUG CONJUGATE,AU;CA;CN;EP;ID;JP;KR;TW;US;VN;WO;ZA,False
51527938,IL-298332-A,Cytarabine,Cd123-specific chimeric antigen receptor redirected t cells and methods of their use,AU;BR;CA;CN;DK;EP;ES;HK;IL;JP;KR;MX;NZ;RU;US;WO,True
41165542,US-8124764-B2,Cytarabine,Fused heterocyclyc inhibitor compounds,AU;CA;EP;HK;JP;NZ;US;WO,False
92304683,US-20240282425-A1,Cytarabine,AUTHENTICATION METHODS AND SYSTEMS FOR DISPENSED PRESCRIPTIONS,CA;EP;JP;US;WO,False
86226509,WO-2023194501-A1,Cytarabine,TREATMENT OF MYELOID DISORDERS AND ACUTE LEUKEMIAS TARGETING NOVEL TUMOR SPECIFIC ANTIGENS,AU;BR;CA;CN;EP;HK;IL;IN;JP;KR;MX;US;WO,False
56801871,WO-2017031427-A1,Cytarabine,COMPOUNDS AND METHODS FOR INHIBITING mTOR,WO,False
36097240,US-7767687-B2,Cytarabine,"Pyrido pyrimidinones, dihydro pyrimido pyrimidinones and pteridinones useful as RAF kinase inhibitors",AU;CA;EP;JP;US;WO,False
37943465,US-20070093462-A1,Cytarabine,"Multi-functional ionic liquid compositions for overcoming polymorphism and imparting improved properties for active pharmaceutical, biological, nutritional, and energetic ingredients",AU;BR;CA;CN;EP;IL;IN;JP;KR;MX;US;WO,False
96773988,WO-2025174879-A1,Cytarabine,METHODS OF REDUCING OR ELIMINATING MEASURABLE RESIDUAL DISEASE,WO,False
39765330,WO-2008113177-A1,Cytarabine,COMPOSITIONS COMPRISING POLYUNSATURATED FATTY ACID MONOGLYCERIDES OR DERIVATIVES THEREOF AND USES THEREOF,AU;CA;EP;ES;IN;WO,True
71077529,WO-2020123806-A1,Cytarabine,MODULATION OF PD-1,WO,False
90926846,US-20240148890-A1,Cytarabine,ANTI-FOLATE RECEPTOR CONJUGATE THERAPY FOR CANCER TREATMENT,US,False
49627704,TW-201336849-A,Cytarabine,Substituted imidazopyridazines,TW,False
95516597,WO-2025090844-A1,Cytarabine,METHODS OF TREATING CANCER ASSOCIATED WITH REDUCED INTERLEUKIN 1 BETA EXPRESSION,AU;CA;CN;EP;HK;IL;KR;MX;MY;WO,False
40869199,WO-2009146216-A2,Cytarabine,ANTIOXIDANT INFLAMMATION MODULATORS: NOVEL DERIVATIVES OF OLEANOLIC ACID,TW;US;WO,False
93658638,WO-2024249837-A1,Cytarabine,METHODS OF TREATING CANCER IN BCL2 INHIBITOR NAIVE SUBJECTS,AU;CA;CN;EP;IL;JP;KR;MX;MY;WO,False
41570586,AU-2009274037-A1,Cytarabine,Monocyclic cyanoenones and methods of use thereof,AU;CA;EP;ES;JP;US;WO,True
76284220,WO-2021231847-A1,Cytarabine,OLEOGEL AND OLEOPASTE COMPOSITIONS AND USES THEREOF,US;WO,False
45497496,WO-2012012772-A2,Cytarabine,DRUG ELUTING HYDROGELS FOR CATHETER DELIVERY,US;WO,False
40548516,WO-2009070524-A1,Cytarabine,"PYRROLO[3,2-D]PYRIMIDINE COMPOUNDS AND THEIR USE AS PI3 KINASE AND MTOR KINASE INHIBITORS",CL;GC;PE;TW;US;WO,False
84981625,AU-2023389065-A1,Cytarabine,TARGETED PROTEIN DEGRADATION USING BIFUNCTIONAL COMPOUNDS THAT BIND UBIQUITIN LIGASE AND TARGET MCL-1 PROTEIN,AU;BR;CA;CN;EP;HK;IL;JP;KR;MX;US;WO,False
47177531,WO-2012158197-A2,Cytarabine,COMPOUNDS USEFUL AS AKT/PKB MODULATORS AND USES THEREOF,WO,False
37820653,US-20100056439-A1,Cytarabine,LIGANDS THAT HAVE BINDING SPECIFICITY FOR EGFR AND/OR VEGF AND METHODS OF USE THEREFOR,AU;BR;CA;CN;CR;EA;EP;HK;IN;JP;KR;MA;MX;MY;NO;TW;US;WO,False
56285039,AU-2015374055-A1,Cytarabine,Natural killer cells and uses thereof,AU;BR;CA;CN;EA;EP;HK;ID;IL;IN;JP;KR;NZ;US;WO,False
63686087,WO-2019046401-A1,Cytarabine,TREATING CANCER USING A BLAUTIA STRAIN,AR;TW;US;WO,False
60991549,WO-2018112363-A1,Cytarabine,METHODS OF TREATING CANCER USING PARABACTEROIDES,US;WO,False
59398706,WO-2017132459-A1,Cytarabine,DNA ALKYLATION AND CROSS-LINKING AGENTS AS COMPOUNDS AND PAYLOADS FOR TARGETED THERAPIES,US;WO,False
36969014,WO-2006113942-A2,Cytarabine,METHOD OF INHIBITING CATHEPSIN ACTIVITY,US;WO,False
45888230,US-20140255392-A1,Cytarabine,SUBSTITUTED IMIDAZOPYRIDINES AND INTERMEDIATES THEREOF,CA;CN;EP;ES;HK;JP;US;WO,True
55349947,SG-10202103777U-A,Cytarabine,GLYCAN THERAPEUTICS AND RELATED METHODS THEREOF,AU;BR;CA;CL;CN;DK;EA;EP;ES;HK;ID;IL;IN;JP;KR;LT;MX;MY;PH;PL;PT;SG;SI;US;WO;ZA,True
64316978,WO-2019075452-A1,Cytarabine,IDENTIFICATION OF BACTERIA FOR CANCER THERAPY,WO,False
25675967,EP-0687172-B1,Cytarabine,"SOLID LIPID PARTICLES, PARTICLES OF BIOACTIVE AGENTS AND METHODS FOR THE MANUFACTURE AND USE THEREOF",AT;AU;CA;DE;DK;EP;ES;FI;JP;NO;NZ;PT;WO,True
62145906,JP-2020502065-A,Cytarabine,８，９−ジヒドロイミダゾール［１，２−ａ］ピリミド［５，４−ｅ］ピリミジン−５（６Ｈ）−ケトン類化合物,AU;CA;CN;EP;ES;JP;KR;US;WO,True
88244156,WO-2023194800-A1,Cytarabine,ANTIBODY-DRUG CONJUGATE COMPRISING ANTIBODY AGAINST HUMAN TROP2 AND USE THEREOF,AU;BR;CA;CN;EP;HK;IL;IN;JP;KR;MX;RU;TW;US;WO,False
81383236,IL-301640-A,Cytarabine,OCULAR IMPLANT CONTAINING AN ACTIVE AGENT,AU;CA;CN;EP;HK;IL;JP;KR;MX;MY;US;WO,False
94824025,WO-2025166161-A1,Cytarabine,ULK INHIBITORS AND METHODS OF USE THEREOF,AR;AU;CA;TW;WO,False
93939036,WO-2025005618-A1,Cytarabine,"PHARMACEUTICAL COMPOSITION COMPRISING NICLOSAMIDE OR PHARMACEUTICALLY ACCEPTABLE SALT THEREOF, OR CO-ADMINISTRATION FORMULATION USING SAME",CN;JP;KR;WO,False
38875314,WO-2007149103-A2,Cytarabine,VASCULAR TISSUE ENHANCEMENT AND SELECTIVE DESTRUCTION OF CANCEROUS CELLULAR TISSUE,US;WO,False
65904607,WO-2019178057-A1,Cytarabine,METHODS OF TREATING CANCER USING BURKHOLDERIA,WO,False
57758330,BR-112017028269-A2,Cytarabine,"composto, composição farmacêutica, uso de uma quantidade efetiva de um composto, estado ou condição de doença, e, método para identificar um composto.",AU;BR;CA;EP;HK;IN;KR;MX;RU;US;WO,False
66102189,US-20210113628-A1,Cytarabine,INTRACELLULAR DELIVERY OF BIOMOLECULES TO MODIFY IMMUNE RESPONSE,AR;AU;BR;CA;CN;CO;CR;EP;HK;IL;IN;JP;KR;MA;MX;PE;PH;RU;SG;TW;US;VN;WO,False
95254020,WO-2025076059-A1,Cytarabine,ROCAGLATE DERIVATIVES AND USES THEREOF,US;WO,False
67515085,WO-2020006216-A1,Cytarabine,COMPOSITIONS AND METHODS OF TREATING CANCER USING NEISSERIA BACTERIA,WO,False
83218684,MA-55888-B1,Cytarabine,HÉTÉROARYLAMINOPYRIMIDINE AMIDES INHIBITEURS D&apos;AUTOPHAGIE ET LEURS PROCÉDÉS D&apos;UTILISATION,AU;BR;CA;CL;CN;CO;DK;EA;EP;ES;FI;HK;HR;HU;ID;IL;IN;JP;KR;LT;MA;MX;MY;PE;PH;PL;PT;RS;SG;SI;SM;TH;TW;US;WO,True
59258383,AU-2021250978-B2,Cytarabine,HETEROCYCLIC COMPOUNDS AS IMMUNOMODULATORS,AR;AU;BR;CA;CL;CN;CO;CR;DK;EA;EC;EP;ES;HK;HR;HU;ID;IL;IN;JP;KR;LT;MA;MD;MO;MX;MY;NZ;PE;PH;PL;PT;RS;SG;SI;SM;TH;TW;UA;US;VN;WO;ZA,True
97218038,WO-2025208000-A1,Cytarabine,METHODS OF TREATING CANCER IN PATIENTS WITH ALTERED PROTEIN EXPRESSION,WO,False
30119136,WO-2004004658-A2,Cytarabine,METHODS AND COMPOSITIONS RELATING TO ISOLEUCINE BOROPROLINE COMPOUNDS,AU;CA;CN;EP;HK;IL;JP;US;WO,False
37218430,WO-2007011721-A1,Cytarabine,INHIBITORS OF MITOTIC KINESIN,WO,False
40934110,SG-190564-A1,Cytarabine,COMPOUNDS INCLUDING AN ANTI-INFLAMMATORY PHARMACORE AND METHODS OF USE,AU;BR;CA;CN;CO;EA;EP;HK;IL;IN;JP;KR;MX;NZ;SG;TW;US;WO,False
95284317,WO-2025074271-A1,Cytarabine,MYT1 INHIBITORS FOR THE TREATMENT OF CANCERS HARBORING REPLICATION STRESS MUTATIONS,AU;CA;CN;EP;IL;MY;WO,False
40852224,CA-2721666-C,Cytarabine,ANTIOXIDANT INFLAMMATION MODULATORS: C-17 HOMOLOGATED OLEANOLIC ACID DERIVATIVES,AU;BR;CA;CN;CO;CY;DK;EA;EP;ES;HK;HR;HU;IL;IN;JP;KR;LT;ME;MO;MX;NZ;PL;PT;RS;SI;TW;US;WO;ZA,True
84027775,US-20250269005-A1,Cytarabine,"METHODS FOR TREATING, AMELIORATING OR PREVENTING INFECTIONS USING DRUG AND VACCINATION COMBINATION TREATMENT",AU;CA;CN;EP;HK;IL;MX;US;WO,False
74778976,CN-112409480-A,Cytarabine,结合血清白蛋白的蛋白及其用途,CN,False
60409467,EP-3538111-A1,Cytarabine,ARGINASE INHIBITOR COMBINATION THERAPIES,AU;CA;CN;EA;EP;HK;IL;JP;KR;MA;MX;MY;PH;TW;US;VN;WO,False
61157334,WO-2018136617-A2,Cytarabine,METHODS OF TREATING CANCER,EP;US;WO,False
55628912,WO-2017162510-A1,Cytarabine,SUBSTITUTED QUINAZOLINONE COMPOUNDS FOR THE TREATMENT OF PROLIFERATIVE DISEASES,WO,False
92754163,WO-2024187239-A1,Cytarabine,"PRODUCTS OF MANUFACTURE AND THERAPEUTIC COMPOSITIONS FOR TREATING, AMELIORATING OR PREVENTING VIRAL INFECTIONS AND METHODS FOR MAKING AND USING THEM",AR;AU;BR;CA;CN;EP;JP;TW;US;WO,False
61569400,EP-3570857-A1,Cytarabine,METHODS OF TREATING CANCER,EP;US;WO,False
35064925,EP-2295427-A1,Cytarabine,Substituted pyrazolyl urea derivatives useful in the treatment of cancer,AT;CA;CN;EP;JP;MX;US;WO,False
93658456,AU-2024281302-A1,Cytarabine,METHODS OF TREATING CANCER IN SUBJECTS WITH PRIOR IMMUNE CHECKPOINT INHIBITOR EXPOSURE,AU;CA;CN;EP;IL;JP;KR;MX;MY;WO,False
35789256,EP-1799684-B1,Cytarabine,LACTAM COMPOUNDS USEFUL AS PROTEIN KINASE INHIBITORS,AU;CA;CN;EP;HK;IN;JP;US;WO,False
63036353,WO-2019010255-A1,Cytarabine,COMPOSITIONS AND METHODS OF TREATING CANCER USING BIFIDOBACTERIUM ANIMALIS SSP. LACTIS,AR;AU;BR;CA;CN;EP;HK;IN;JP;KR;MA;TW;US;WO,False
70978642,AU-2020278592-A1,Cytarabine,Cyano cyclobutyl compounds for Cbl-b inhibition and uses thereof,AU;CA;CN;EP;JP;MX;US;WO,False
88779391,WO-2024069235-A2,Cytarabine,COMPOSITIONS CONTAINING OLIGONUCLEOTIDES WITH THERANOSTIC APPLICATIONS,EP;US;WO,False
84140712,TW-202313122-A,Cytarabine,ROR1 AND B7-H3 BINDING ANTIBODY-DRUG CONJUGATE AND USE THEREOF,KR;TW;WO,False
40001360,IL-227427-A,Cytarabine,Control channel format indicator frequency mapping,AU;BR;CA;CN;EP;HK;ID;IL;IN;JP;KR;MX;MY;NZ;RU;TW;UA;US;VN;WO,False
42313567,JP-6168773-B2,Cytarabine,置換イミダゾキノキサリン,CA;CN;EP;ES;HK;JP;US;WO,True
74733383,EP-4025257-A1,Cytarabine,"ANTIBODY-DRUG CONJUGATE COMPRISING ANTIBODY AGAINST HUMAN ROR1, AND USE FOR THE SAME",AU;BR;CA;CN;EA;EP;HK;IL;IN;JP;KR;MX;TW;US;WO,False
34939180,EP-1868994-B1,Cytarabine,SULFONYLPYRROLES AS HISTONE DEACETYLASE INHIBITORS,AT;AU;CA;EP;JP;US;WO,False
63445945,WO-2018165520-A1,Cytarabine,METALLOENZYME INHIBITOR COMPOUNDS,TW;US;WO,False
89720274,TW-202344271-A,Cytarabine,ANTIBODY-DRUG CONJUGATE COMPRISING ANTIBODY BINDING TO ANTIBODY AGAINST HUMAN CLDN18.2 AND ITS USE,TW,False
38053795,EP-1954244-A1,Cytarabine,LYOPHILIZATION PROCESS AND PRODUCTS OBTAINED THEREBY,AU;CA;CN;EP;IN;JP;KR;NZ;US;WO,False
50388999,WO-2014052792-A1,Cytarabine,HALOGENATED OR PARYLENE POLYMER COATING,WO,False
63254782,WO-2019023555-A1,Cytarabine,POLYMER COMPOSITIONS,WO,False
46673155,WO-2012112690-A2,Cytarabine,TARGETING OF THERAPEUTIC DRUGS AND DIAGNOSTIC AGENTS EMPLOYING COLLAGEN BINDING DOMAINS,WO,False
72087192,EP-4003965-A1,Cytarabine,"UREA, AMIDE, AND SUBSTITUTED HETEROARYL COMPOUNDS FOR CBL-B INHIBITION",AU;CA;CN;EP;JP;MX;US;WO,False
78525011,WO-2021231806-A1,Cytarabine,"ANTIGEN PRESENTING T CELLS, SENSITIZED, MANUFACTURED T CELLS AND METHODS OF TREATMENT USING THE SAME",EP;HK;US;WO,False
65444304,WO-2019125184-A1,Cytarabine,USE OF BIOMARKER IN CANCER THERAPY,WO,False
65911282,WO-2019178055-A1,Cytarabine,EXTRACELLULAR VESICLES FROM BURKHOLDERIA,WO,False
57629364,CA-3047491-A1,Cytarabine,PRODRUGS OF CYTOTOXIC ACTIVE AGENTS HAVING ENZYMATICALLY CLEAVABLE GROUPS,AR;CA;CN;EP;HK;JP;KR;TW;US;WO,False
78087464,AU-2021107217-A4,Cytarabine,POINT OF CARE DRUG DELIVERY APPARATUS AND METHOD,AU;BR;CA;CN;DE;DK;EP;ES;FR;HK;IL;JP;KR;MX;TW;US;WO,True
4184113,EP-1073470-A1,Cytarabine,PHARMACEUTICAL COMPOSITIONS CONTAINING COMPOUNDS WITH ACTIVITY FOR THE ENHANCEMENT OF ABSORPTION OF ACTIVE INGREDIENTS,AT;CA;CH;CN;DE;EP;ES;HK;JP;KR;PT;US;WO,True
22152620,EP-1077686-A1,Cytarabine,EXTERNALLY TRIGGERED MICROCAPSULES,AT;DE;EP;ES;WO,True
25371144,US-6197051-B1,Cytarabine,Polycarbonate-polyurethane dispersions for thromobo-resistant coatings,AU;CA;DE;EP;JP;US;WO,False
22159284,EP-1079871-A1,Cytarabine,POROUS IMPLANT CONTAINING THERAPEUTICALLY USEFUL COMPOSITIONS,AU;CA;EP;US;WO,False
10824343,US-6214860-B1,Cytarabine,Synergistic antitumor composition containing a naphthalensulphonic acid derivative,EP;GB;JP;US;WO,False
26669550,IL-117873-A,Cytarabine,PHARMACEUTICAL COMPOSITIONS FOR INHIBITING THE GROWTH OF VIRUSES AND CANCERS,AR;AU;BR;CA;CN;CZ;EP;HK;IL;JP;KR;MX;NO;NZ;PL;RU;SK;TR;TW;VN;WO,False
23777347,US-6248363-B1,Cytarabine,Solid carriers for improved delivery of active ingredients in pharmaceutical compositions,AU;CA;EP;JP;US;WO,False
21705613,US-6271212-B1,Cytarabine,Prodrug azide compositions and compounds,AT;AU;BR;CA;DE;EP;JP;US;WO,False
22653676,AU-3653301-A,Cytarabine,Treatment or prevention of prostate cancer with a cox-2 selective inhibiting drug,AU;CA;EP;US;WO,False
10738849,US-6274118-B1,Cytarabine,Localization and therapy of non-prostatic endocrine cancer with agents directed against prostate specific antigen,AU;GB;US;WO,False
26777266,US-6277418-B1,Cytarabine,Corn extract contraceptive,AU;US;WO,False
22671887,AU-3822701-A,Cytarabine,Treatment or prevention of prostate cancer with a cox-2 selective inhibiting drug,AU;CA;EP;JP;US;WO,False
24515359,US-6290929-B1,Cytarabine,Cancer treatment,AU;CA;EP;IN;JP;US;WO,False
27065414,WO-2001072319-A1,Cytarabine,TEA CATECHIN FORMULATIONS AND PROCESSES FOR MAKING SAME,AU;US;WO,False
24156859,AU-2001249736-A1,Cytarabine,Treatment of non-solid mammalian tumors with vascular endothelial growth factor receptor antagonists,AU;CA;CZ;EP;IL;JP;KR;RU;SK;WO,False
27073041,WO-2001083457-A2,Cytarabine,BENZIMIDAZOLE-2-CARBAMATES AND THEIR USE IN CANCER TREATMENT,AU;WO,False
22810629,US-6333333-B1,Cytarabine,Methods for treating proliferative diseases,US,False
26320292,WO-2001097749-A2,Cytarabine,"THE USE OF SYNTHETIC, NON-HORMONAL 21-AMINOSTEROIDS AND THEREOF",AU;WO,False
22794180,CA-2413957-A1,Cytarabine,VITRONECTIN RECEPTOR ANTAGONIST PHARMACEUTICALS FOR USE IN COMBINATION THERAPY,AU;CA;EP;WO,False
11382686,EP-1169294-A2,Cytarabine,PHARMACEUTICAL COMPOUNDS,AT;AU;BR;CA;CN;DE;EP;ES;HU;IL;IT;JP;KR;MX;NO;NZ;PL;RU;US;WO;ZA,True
22808667,WO-2002004613-A2,Cytarabine,"ISOLATED POLYNUCLEOTIDES ENCODING HUMAN 5&apos;-NUCLEOTIDE CN-IA AND CN-IB, ISOLATED PROTEINS ENCODED BY THE SAME, AND METHODS UTILIZING THE SAME",AU;WO,False
22806902,WO-2002004030-A2,Cytarabine,STABLE RADIOPHARMACEUTICAL COMPOSITIONS,AU;CA;EP;US;WO,False
22279963,US-20020012703-A1,Cytarabine,Treatment of oncologic tumors with an injectable formulation of a golgi apparatus disturbing agent,AU;CA;EP;JP;US;WO,False
9896025,AU-2001270865-A1,Cytarabine,Pharmaceutically active compound,AU;CA;CN;EP;GB;JP;KR;MX;US;WO,False
3764427,AU-9723801-A,Cytarabine,Fatty acid treatment,AU;BR;CA;CN;EP;GB;JP;RU;US;WO;ZA,False
26669622,NZ-503921-A,Cytarabine,Use of fluconazole mixed with chemotherapeutic agents for inhibiting the growth of cancers or tumors,AR;AU;BR;CA;CN;CZ;EP;HK;HU;IL;JP;KR;MX;NO;NZ;PL;RU;SK;TR;VN;WO,False
22860141,CA-2420673-A1,Cytarabine,TRICYCLIC ANTITUMOR COMPOUNDS BEING FARNESYL PROTEIN TRANSFERASE INHIBITORS,AR;AT;AU;BR;CA;CN;CO;DE;EC;EP;ES;HK;HU;IL;IN;JP;KR;MX;MY;NO;NZ;PE;PL;RU;SK;TW;US;WO;ZA,True
27496256,US-6358490-B2,Cytarabine,Three-step pretargeting methods and compounds,CA;EP;JP;US;WO,False
22893665,WO-2002028387-A1,Cytarabine,INHIBITORS OF ANGIOGENESIS AND TUMOR GROWTH FOR LOCAL AND SYSTEMIC ADMINISTRATION,AU;US;WO,False
24748609,WO-2002030430-A1,Cytarabine,USE OF VITAMIN D2 COMPOUNDS FOR ALOPECIA,AU;WO,False
23598045,US-6376470-B1,Cytarabine,Polymer conjugates of ara-C and ara-C derivatives,AU;CA;EP;JP;US;WO,False
26315678,EP-1198253-A2,Cytarabine,BIOLOGICALLY ACTIVE MATERIALS,AU;CA;EP;HK;IL;JP;MX;NO;NZ;PL;US;WO,False
26852663,US-20020058800-A1,Cytarabine,Compositions and methods for the diagnosis and treatment of immune disorders,AU;EP;US;WO,False
22470740,EP-1207874-A1,Cytarabine,METHODS OF TREATING PROLIFERATIVE DISORDERS,AU;CA;EP;US;WO,False
24783390,WO-2002041844-A2,Cytarabine,CHEMOTHERAPEUTIC COMPOSITION USING NANOCRYSTALLINE CALCIUM PHOSPHATE PASTE,AU;US;WO,False
46252871,US-6407137-B2,Cytarabine,Dopamine analog amide,US,False
27374285,US-6407103-B2,Cytarabine,"Indeno [1,2-c] pyrazol-4-ones and their uses",US,False
11382682,HU-P0200747-A2,Cytarabine,PHARMACEUTICAL COMPOUNDS AND PHARMACEUTICAL COMPOSITIONS CONTAINING THEM,AU;BR;CA;CN;EP;HU;IL;IN;IT;JP;KR;MX;NO;PL;RU;TR;WO,False
46277691,US-20020086812-A1,Cytarabine,Methods and compositions for diagnosis and treatment of cancer,US,False
22950958,US-20020107274-A1,Cytarabine,"3- (2,4-dimethylthiazol-5-yl) indeno [1,2-c]pyrazol-4-one derivatives and their uses",AU;US;WO,False
22595757,EP-1231939-A2,Cytarabine,ONCOLYTIC COMBINATIONS FOR THE TREATMENT OF CANCER,AU;CA;EP;JP;WO,False
26955059,AU-2002248502-A1,Cytarabine,"COMPOSITIONS AND METHODS FOR PROTECTING TISSUES AND CELLS FROM DAMAGE, AND FOR REPAIRING DAMAGED TISSUES",AU;CA;EP;JP;US;WO,False
8237043,EP-1079840-B1,Cytarabine,SYNERGISTIC COMPOSITION OF INULIN AND AN ANTI-CANCER DRUG FOR USE IN THE TREATMENT OF CANCER,AT;DE;DK;EP;ES;PT;WO,True
26854930,US-20020147197-A1,Cytarabine,Methods and compositions for enhancing pharmaceutical treatments,US,False
26962357,WO-2002083187-A1,Cytarabine,SYSTEMS AND METHODS FOR INDUCING MIXED CHIMERISM,AU;US;WO,False
26882831,US-20020156033-A1,Cytarabine,Immunostimulatory nucleic acids and cancer medicament combination therapy for the treatment of cancer,US,False
11042746,US-20020169140-A1,Cytarabine,Combination therapy for reduction of toxicity of chemotherapeutic agents,US;WO,False
22188057,US-6482802-B1,Cytarabine,Use of neomycin for treating angiogenesis-related diseases,AU;CA;EP;US;WO,False
29248381,US-20020188196-A1,Cytarabine,Cavity-filling biopsy site markers,AT;AU;CA;EP;ES;US;WO,True
46279973,US-20030013670-A1,Cytarabine,Antisense oligonucleotide inhibition of ras,US,False
23070362,US-20030027799-A1,Cytarabine,Methods of treating cancer using a combination of drugs,AU;EP;US;WO,False
27033689,EP-0828481-B1,Cytarabine,ORAL DOSAGE COMPOSITION COMPRISING ZONULA OCCLUDENS TOXIN AND A BIOLOGICALLY ACTIVE INGREDIENT AND USE THEREOF,AT;AU;CA;DE;EP;ES;JP;US;WO,True
22709017,MX-PA02009463-A,Cytarabine,SYNERGISTIC METHODS AND COMPOSITIONS FOR TREATING CANCER.,AR;AT;AU;BR;CA;CN;CZ;DE;EP;ES;HK;HU;IL;IN;JP;KR;MX;MY;NO;PE;RU;TW;US;UY;WO;ZA,True
23268725,WO-2003040141-A1,Cytarabine,"OXAZOLYL-PHENYL-2,4-DIAMINO-PYRIMIDINE COMPOUNDS AND METHODS FOR TREATING HYPERPROLIFERATIVE DISORDERS",AU;WO,False
22794144,EP-1311302-A2,Cytarabine,PHARMACEUTICALS FOR THE IMAGING OF ANGIOGENIC DISORDERS,AU;CA;EP;JP;WO,False
23294274,CA-2467559-A1,Cytarabine,TOPICAL DELIVERY OF CODRUGS,AU;CA;EP;JP;US;WO,False
24612829,US-6576636-B2,Cytarabine,Method of treating a liver disorder with fatty acid-antiviral agent conjugates,US,False
7814923,US-20030119719-A1,Cytarabine,"Use of endothelin conjugates in therapy, new endothelin conjugates, agents that contain the latter, and process for their production",AU;DE;EP;JP;US;WO,False
26012025,US-6589941-B1,Cytarabine,"Utilization of 5′ substituted nucleosides for resistance formation in cytoclastic treatment, and drug containing these nucleosides, polymers, methods of use and compositions",US,False
23344458,WO-2003055890-A1,Cytarabine,"THIENOPYRIMIDINE DERIVATIVE COMPOUNDS AS INHIBITORS OF PROLYLPEPTIDASE, INDUCERS OF APOPTOSIS AND CANCER TREATMENT AGENTS",AU;WO,False
23344452,WO-2003055489-A1,Cytarabine,"2,4-DIAMINO-PYRIMIDINE DERIVATIVE COMPOUNDS AS INHIBITORS OF PROLYLPEPTIDASE, INDUCERS OF APOPTOSIS AND CANCER TREATMENT AGENTS",AU;WO,False
22825907,US-6602915-B2,Cytarabine,Therapeutic azo-compounds for drug delivery,AU;US;WO,False
27619211,EP-1336602-A1,Cytarabine,"Nitrate prodrugs able to release nitric oxide in a controlled and selective way and their use for prevention and treatment of inflammatory, ischemic and proliferative diseases",EP,False
27734442,WO-2003068223-A1,Cytarabine,ARYL UREAS WITH RAF KINASE AND ANGIOGENESIS INHIBITING ACTIVITY,AU;US;WO,False
27766051,AU-2003213142-A1,Cytarabine,"PHARMACEUTICAL FORMULATIONS OF ANTINEOPLASTIC AGENTS, IN PARTICULAR TEMOZOLOMIDE, PROCESSES OF MAKING AND USING THE SAME",AR;AT;AU;BR;CA;CN;CY;DE;DK;EP;ES;HK;IN;JP;KR;MX;NO;NZ;PL;PT;SG;SI;US;WO;ZA,True
28045178,US-20030171303-A1,Cytarabine,Methods for synthesis of prodrugs from 1-acyl-alkyl derivatives and compositions thereof,AU;EP;US;WO,False
21855891,US-20030170776-A1,Cytarabine,A SYSTEM FOR DISCOVERING AND PRODUCING NEW TNF RECEPTOR RELEASING ENZYMES,AT;AU;BR;CA;DE;EP;HK;ID;IL;JP;KR;MX;NO;NZ;US;WO,False
22088358,US-20030170234-A1,Cytarabine,Treatment with anti-ErbB2 antibodies,AR;AU;BR;CA;CN;DK;EP;ES;HK;IL;JP;KR;NO;NZ;TR;US;WO;ZA,True
27789069,WO-2003073919-A2,Cytarabine,TREATMENT OF METASTATIC INSTITUTE FOR CANCER,AU;WO,False
21809866,EP-0909184-B1,Cytarabine,TARGETED DRUG DELIVERY USING SULFONAMIDE DERIVATIVES,AT;AU;DE;DK;EP;ES;JP;PT;US;WO,True
25332088,EP-0982988-B1,Cytarabine,"SUBSTANTIALLY PURE ZONULIN, A PHYSIOLOGICAL MODULATOR OF MAMMALIAN TIGHT JUNCTIONS",AT;AU;CA;DE;DK;EP;JP;WO,False
45074088,US-20030181482-A1,Cytarabine,Novel compounds and methods of use thereof,TW;US,False
29220432,CA-2162854-C,Cytarabine,METHOD FOR TREATING NEUROLOGICAL DISORDERS,CA;JP;WO,False
25425237,CA-2098242-C,Cytarabine,SURFACE MODIFIED ANTICANCER NANOPARTICLES,AT;AU;CA;CN;CZ;DE;DK;EP;ES;FI;HU;IL;JP;KR;MX;MY;NO;NZ;RU;SG;SK;TW;UA;US,True
29255163,US-20030202973-A1,Cytarabine,Treatment of refractory human tumors with epidermal growth factor receptor and HER1 mitogenic ligand (EGFRML) antagonists,US,False
24597275,US-20030211592-A1,Cytarabine,Methods of terminal sterilization of biological products,AT;AU;BR;CA;CN;DE;DK;EP;ES;JP;MX;NZ;PT;US;WO;ZA,True
29999594,AU-2003263764-A1,Cytarabine,ANTIBODIES AND USES THEREOF,AU;BR;CA;CN;EP;IL;IN;JP;KR;MX;PL;RU;WO,False
31495832,AU-2003257055-A1,Cytarabine,CONJUGATES OF PORPHYRIN COMPOUNDS WITH CHEMOTHERAPEUTIC AGENTS,AU;CA;EP;HK;JP;MX;US;WO,False
26904307,US-20040043030-A1,Cytarabine,Polymeric delivery systems,US,False
31887890,US-6702850-B1,Cytarabine,Multi-coated drug-eluting stent for antithrombosis and antirestenosis,AU;CN;EP;JP;KR;US;WO,False
31978437,WO-2004020468-A2,Cytarabine,INTERFERON BETA-LIKE MOLECULES FOR TREATMENT OF CANCER,AU;WO,False
25150815,US-20040052864-A1,Cytarabine,Restoring cancer-suppressing functions to neoplastic cells through DNA hypomethylation,AU;EP;HK;JP;US;WO,False
32329846,WO-2004046317-A2,Cytarabine,PRODUCTS AND PROCESSES FOR MODULATING PEPTIDE-PEPTIDE BINDING DOMAIN INTERACTIONS,AU;CA;EP;HK;JP;US;WO,False
23192417,EP-1424960-A2,Cytarabine,REMOVABLE STENT AND METHOD OF USING THE SAME,AU;CA;DE;EP;US;WO,False
32507774,AU-2003293408-A1,Cytarabine,PROTECTION OF STEM CELLS FROM CYTOTOXIC AGENTS BY MODULATION OF Beta-CATENIN SIGNALING PATHWAYS,AU;CA;EP;JP;US;WO,False
32684575,US-20040131628-A1,Cytarabine,Nucleic acids for the treatment of disorders associated with microorganisms,US,False
23166279,US-6764696-B2,Cytarabine,Effervescent drug delivery system for oral administration,AU;CA;EP;JP;US;WO,False
52340539,TW-200412987-A,Cytarabine,Use of aglycon protopanaxatriol in cancer therapy,TW,False
52340538,TW-200412985-A,Cytarabine,Use of aglycon protopanaxadiol in cancer therapy,TW,False
25517078,US-6773721-B1,Cytarabine,Osmotic caplet,US,False
32842639,AU-2004209597-A1,Cytarabine,Oligomeric compounds for the modulation of thioredoxin expression,AU;CA;EP;JP;WO,False
22897049,ZA-200302523-B,Cytarabine,Methods of inducing cancer cell death and tumor regression.,AU;BR;CA;CN;EP;HK;HU;JP;MX;NO;NZ;US;WO;ZA,False
22854074,US-20040171562-A1,Cytarabine,Prodrugs activated by plasmin and their use in cancer chemotherapy,AU;US;WO,False
32965417,US-20040180812-A1,Cytarabine,Methods of treating and preventing proliferative disease,US,False
32990928,WO-2004080819-A2,Cytarabine,TRIOSEPHOSPHATE ISOMERASE DIRECTED DIAGNOSTICS AND THERAPEUTICS FOR MULTIDRUG RESISTANT NEOPLASTIC DISEASE,US;WO,False
32798883,EP-1462119-A1,Cytarabine,Modulators of the megalin-mediated uptake of radiotherapeutics and/or radiodiagnostics into kidney cells and their use in therapy and diagnostics,AU;EP;US;WO,False
23319233,EP-1461122-A2,Cytarabine,TREATMENT OF GENITOURINARY TRACT DISORDERS,AU;EP;JP;US;WO,False
32594299,WO-2004082595-A2,Cytarabine,THERAPEUTIC USE OF TUMOR NECROSIS FACTOR-ALPHA MUTEIN,AU;CN;US;WO,False
33135139,WO-2004087203-A2,Cytarabine,IMMUNOSTIMULATORY NUCLEIC ACID OIL-IN-WATER FORMULATIONS FOR TOPICAL APPLICATION,AU;CA;EP;HK;MY;TW;US;WO,False
33134782,US-20040202665-A1,Cytarabine,Compositions and methods for therapeutic treatment,US,False
33161941,US-20040208877-A1,Cytarabine,Antibodies and uses thereof,US,False
25174032,US-6811779-B2,Cytarabine,Methods for reducing tumor growth with VEGF receptor antibody combined with radiation and chemotherapy,AU;BG;BR;CA;CN;CZ;EE;EP;HU;IL;IN;JP;KR;MX;NO;PL;RU;US;WO;ZA,False
33310177,WO-2004098455-A2,Cytarabine,BIFURCATED MEDICAL APPLIANCE DELIVERY APPARATUS AND METHOD,AT;AU;CA;EP;JP;US;WO,False
32908516,US-20040230183-A1,Cytarabine,Drug delivery device and syringe for filling the same,EP;HK;JP;US;WO,False
33456657,US-20040241717-A1,Cytarabine,Oligomeric compounds for the modulation of thioredoxin expression,US,False
27411539,US-6828346-B2,Cytarabine,Methods for administration of paclitaxel,US,False
33418206,US-20040248915-A1,Cytarabine,Method for administration of troxacitabine,MX;US;WO,False
89995266,US-6838469-B2,Cytarabine,Pharmaceutical composition that exhibits reduced side-effects comprising O-(3-piperidino-2-hydroxy-1-propyl)nicotinic acid amidoxime and a pyrimidine derivative with known antitumor activity,AT;AU;BR;CA;CN;CZ;DE;DK;EP;ES;HK;HU;IL;JP;KR;MX;NO;NZ;PL;PT;RU;SI;SK;TR;UA;US;WO,True
23367939,US-20050004018-A1,Cytarabine,Use of antitumoral compound in cancer therapy,AU;BR;CA;CN;EP;HU;IL;IN;JP;KR;MX;NO;PL;RU;US;WO,False
23340821,US-20050009845-A1,Cytarabine,Thienopyrimidine compounds as protein tyrosine kinase inhibitors,AU;EP;JP;US;WO,False
32595161,US-20050009119-A1,Cytarabine,Nucleophosmin directed diagnostics and therapeutics for multidrug resistant neoplastic disease,AU;CA;US;WO,False
34101073,US-20050025807-A1,Cytarabine,Cured porous calcium phosphate material and uses thereof,JP;US,False
34116316,US-20050031544-A1,Cytarabine,Receptor mediated nanoscale copolymer assemblies for diagnostic imaging and therapeutic management of hyperlipidemia and infectious diseases,US,False
34551830,US-20050101576-A1,Cytarabine,Methods of using vitamin D compounds in the treatment of myelodysplastic syndromes,US,False
34576821,US-20050107439-A1,Cytarabine,Composition and method for treating emesis,US,False
34522890,CA-2543923-A1,Cytarabine,THERAPY VIA TARGETED DELIVERY OF NANOSCALE PARTICLES,CA;EP;JP;US;WO,False
27766200,US-20050113384-A1,Cytarabine,Combinations of (a) an atp-competitive inhibitor of c-acl kinase activity with (b) two or more other antineoplastic agents,AU;BR;CA;CN;EP;JP;US;WO,False
34442962,EP-1537858-A1,Cytarabine,Drug delivery vehicles and uses thereof,AU;CA;EP;IN;JP;WO,False
34609361,WO-2005054279-A1,Cytarabine,"DELIVERY PEPTIDES, THEIR CONSTRUCTS WITH ACTIVE AGENTS AND USE",DE;EP;JP;US;WO,False
34651300,WO-2005053679-A1,Cytarabine,NOVEL USE OF SILYMARIN AND THE COMPOSITION COMPRISING THE SAME,KR;WO,False
34652435,CA-2549242-A1,Cytarabine,HYDROXAMIC ACID ESTERS AND PHARMACEUTICAL USE THEREOF,AR;AT;AU;BR;CA;CN;EP;HK;IL;IN;JP;KR;MX;MY;NO;NZ;RU;TW;UA;US;VN;WO;ZA,False
34699898,CA-2546054-A1,Cytarabine,INTERFERON ALPHA ANTIBODIES AND THEIR USES,AU;CA;CN;CY;DK;EP;ES;HK;HU;IL;IN;JP;KR;LT;NZ;PL;PT;SI;US;WO,True
34742807,US-20050152906-A1,Cytarabine,Specific human antibodies,US,False
34626496,EP-1557429-A1,Cytarabine,Site-directed coupling of proteins,AU;CA;EP;IN;WO,False
34811027,US-20050170421-A1,Cytarabine,Rhamnose binding protein,US,False
9930717,US-20050176715-A1,Cytarabine,Piperidine derivatives,AR;AT;AU;BR;CA;CN;CO;DE;DK;EP;ES;GB;HK;IL;IN;IS;JP;KR;MX;MY;NO;NZ;PL;RU;SI;TW;US;WO;ZA,True
34840549,US-20050182105-A1,Cytarabine,Method of using 3-cyano-4-arylpyridine derivatives as modulators of androgen receptor function,US,False
34840996,US-20050181997-A1,Cytarabine,Progenitor cell preservation factors and methods for and products of their use,US,False
34841110,CA-2555033-A1,Cytarabine,"AMPHIPHILIC STAR-LIKE OR SCORPION-LIKE MACROMOLECULES, VARIOUS COMPOSITIONS AND USES THEREOF",CA;EP;US;WO,False
34975309,US-20050208122-A1,Cytarabine,Biodegradable biocompatible implant and method of manufacturing same,US;WO,False
46205186,US-20050208102-A1,Cytarabine,Hydrogels used to deliver medicaments to the eye for the treatment of posterior segment diseases,US,False
19914346,EP-1578784-A2,Cytarabine,PEPTIDES THAT BIND TO THE VEGFR-2,AU;EP;JP;NO;US;WO,False
35124828,US-20050222190-A1,Cytarabine,"1,4-bis-N-oxide azaanthracenediones and the use thereof",US;WO,False
34919320,US-20050227266-A1,Cytarabine,Biomarker:compound correlations in cancer diagnosis and therapy,US;WO,False
35063498,AU-2005228950-A1,Cytarabine,Azabicyclo-octane inhibitors of IAP,AU;CA;EP;JP;US;WO,False
34862109,AU-2005201120-A1,Cytarabine,Apparatus and method for marking tissue,AU;BR;CA;CN;EP;JP;US,False
32344196,GB-2413324-A,Cytarabine,Pharmaceutically active pteridine derivatives,GB,False
23277807,US-20050238660-A1,Cytarabine,Cpg formulations and related methods,AU;CA;CN;EP;HK;JP;KR;US;WO,False
26932965,US-20050256034-A1,Cytarabine,Dioxolane analogs for improved inter-cellular delivery,AU;CA;CN;EP;HU;JP;KR;MX;NO;NZ;PL;US;WO,False
32384530,KR-100530369-B1,Cytarabine,The injection system of nanoparticles bound antitumor agents,KR,False
34807186,US-20050261170-A1,Cytarabine,Folate conjugates and complexes,AU;CA;EP;JP;US;WO,False
34970379,US-20050272738-A1,Cytarabine,Combined treatment with oxaliplatin and an epidermal growth factor receptor kinase inhibitor,AR;AU;BR;CA;CN;EP;HK;IL;IN;JP;KR;MX;MY;NO;NZ;RU;TW;US;WO;ZA,False
34968128,US-20050272737-A1,Cytarabine,Combined treatment with irinotecan and an epidermal growth factor receptor kinase inhibitor,AR;AU;BR;CA;CN;EP;GC;HK;IL;IN;JP;KR;MX;MY;NO;NZ;RU;TW;US;WO;ZA,False
43216815,US-20050272716-A1,Cytarabine,Use of parthenolide derivatives as antileukemic and cytotoxic agents,US,False
34970803,US-20050272688-A1,Cytarabine,Combined treatment with gemcitabine and an epidermal growth factor receptor kinase inhibitor,AU;BR;CA;CN;EP;IL;IN;JP;KR;MX;NO;NZ;RU;US;WO;ZA,False
35428844,US-20050272637-A1,Cytarabine,Compositions and methods for modulating signaling mediated by IGF-1 receptor and erbB receptors,CA;EP;US;WO,False
34969379,US-20050271747-A1,Cytarabine,Combined treatment with cisplatin and an epidermal growth factor receptor kinase inhibitor,AU;BR;CA;CN;EP;IL;IN;JP;KR;MX;NO;NZ;RU;US;WO;ZA,False
35463475,AU-2005250484-A1,Cytarabine,EGFR mutations,AU;CA;EP;ES;HK;JP;US;WO,True
35481409,US-20050282773-A1,Cytarabine,Modified polysaccharides in combination with anti-cancer drugs for enhanced treatment of cancer,EP;JP;US;WO,False
32326338,US-20050281903-A1,Cytarabine,Extract of Stephaniae sinica Diels and methods of using the same,US,False
32312934,US-20050281902-A1,Cytarabine,Compositions containing an active fraction isolated from Lycium barbarum and methods of using the same,US,False
32312933,US-20050281894-A1,Cytarabine,Extract of Trapa natans and methods of using the same,US,False
32990111,EP-1613244-A1,Cytarabine,MEDICAL APPLIANCE OPTICAL DELIVERY AND DEPLOYMENT APPARATUS AND METHOD,AT;AU;CA;DE;EP;JP;US;WO,False
35782430,WO-2006002488-A1,Cytarabine,COMBINATION THERAPY FOR TREATMENT OF NEOPLASIA,AU;WO,False
34958692,AU-2005266106-A1,Cytarabine,Combination anticancer therapy and pharmaceutical compositions therefore,AU;CA;EP;JP;KR;MX;RU;US;WO;ZA,False
36096860,AU-2006200576-A1,Cytarabine,Anti-angiogenic peptides,AU,False
33567529,EP-1631267-A2,Cytarabine,METHOD FOR TREATING DISEASES USING HSP90-INHIBITING AGENTS IN COMBINATION WITH ANTIMETABOLITES,AT;DE;EP;ES;JP;US;WO,True
35206880,US-20060054166-A1,Cytarabine,Inhalation nebulizer,AT;AU;CA;DE;EP;ES;JP;NZ;US;WO,True
23234950,US-20060069103-A1,Cytarabine,17 Beta-hydroxysteroid dehydrogenase type 3 inhibitors for the treatment of androgen dependent diseases,AR;AT;AU;BR;CA;CN;CY;DE;DK;EC;EP;ES;HK;HU;IL;IN;JP;KR;MX;MY;NO;NZ;PE;PL;PT;RU;SI;TW;US;WO;ZA,True
36119530,WO-2006036956-A2,Cytarabine,THERAPEUTIC REGIMEN FOR TREATING CANCER USING QUASSINOIDS AND OTHER CHEMOTHERAPEUTIC AGENTS,WO,False
29736090,US-7026330-B2,Cytarabine,Methods for treatment of acute lymphocytic leukemia,AU;US;WO,False
35636644,WO-2006039330-A1,Cytarabine,PROCESS FOR PREPARING AN OCULAR INSERT CONTAINING POLY (VINYL ALCOHOL),US;WO,False
36146129,US-20060079472-A1,Cytarabine,Methods for treating angiogenesis,US,False
36119502,US-20060078494-A1,Cytarabine,Use of inhibitors of 24-hydroxylase in the treatment of cancer,US;WO,False
36143059,AU-2005292033-A1,Cytarabine,Treatment method,AU;CA;EP;JP;MX;US;WO,False
36922148,US-20060084691-A1,Cytarabine,Combined treatment with bortezomib and an epidermal growth factor receptor kinase inhibitor,AU;BR;CA;CN;EP;IL;IN;JP;KR;MX;US;WO,False
36181573,US-20060084675-A1,Cytarabine,Combined treatment with artesunate and an epidermal growth factor receptor kinase inhibitor,US,False
22479496,EP-1187918-B1,Cytarabine,TEK ANTAGONISTS,AT;AU;CA;CY;DE;DK;EP;ES;IL;JP;NZ;PT;US;WO,True
34549500,AU-2006201495-A1,Cytarabine,C-class oligonucleotide analogs with enhanced immunostimulatory potency,AP;AU;BR;CA;CN;CR;EA;EC;EP;GE;HK;IL;IN;JP;KR;MA;MX;NO;NZ;OA;SG;TN;UA;US;VN;WO;ZA,False
26940539,AU-2006201271-A1,Cytarabine,Intraocular implants for preventing transplant rejection in the eye,AT;AU;BR;CA;DE;DK;EP;ES;HK;JP;US;WO,True
34927367,AU-2005303949-A1,Cytarabine,Conjugates with enhanced cell uptake activity,AR;AU;BR;CA;CN;EA;EP;HK;IL;JP;US;WO,False
29399718,HK-1081438-A1,Cytarabine,Induction of antigen specific immune tolerance,AR;AU;BR;CA;CN;EP;ES;HK;IL;IN;JP;MX;MY;TW;US;UY;WO;ZA,True
33552068,MX-PA05014078-A,Cytarabine,RASGAP DERIVED PEPTIDE FOR SELECTIVELY KILLING CANCER CELLS.,AT;AU;BR;CA;CN;DE;DK;EA;EP;ES;HK;IL;IN;JP;KR;MX;US;WO,True
36034758,CA-2587741-A1,Cytarabine,METHOD FOR LOADING MULTIPLE AGENTS INTO DELIVERY VEHICLES,CA;EP;US;WO,False
34215912,EP-1660145-A2,Cytarabine,"ACTIVE AGENT DELIVERY SYSTEMS, INCLUDING A SINGLE LAYER OF A MISCIBLE POLYMER BLEND, MEDICAL DEVICES AND METHODS",CA;EP;JP;US;WO,False
36647943,US-20060127311-A1,Cytarabine,Radiation dosimetry and blocking antibodies and methods and uses therefor in the treatment of cancer,TW;US,False
36036895,US-20060135468-A1,Cytarabine,Treatment of refractory cancers using NA+/K+ ATPase inhibitors,EP;US;WO,False
36596040,US-20060134064-A1,Cytarabine,Combined treatment with interferon-alpha and an epidermal growth factor receptor kinase inhibitor,US,False
27128808,US-7071158-B2,Cytarabine,Antioxidant enhancement of therapy for hyperproliferative conditions,US,False
22678680,US-7074408-B2,Cytarabine,Use of integrin antagonists to inhibit angiogenesis,AT;AU;CA;DE;EP;IL;JP;NZ;US;WO,False
36684374,US-20060160174-A1,Cytarabine,Modified l49-sfv exhibiting increased stability and methods of use thereof,US;WO,False
33555329,US-20060165744-A1,Cytarabine,Combination liposomal formulations,EP;US;WO,False
34590281,EP-1684690-A2,Cytarabine,METHODS OF USING AND COMPOSITIONS COMPRISING A JNK INHIBITOR FOR THE TREATMENT AND MANAGEMENT OF ASBESTOS-RELATED DISEASES AND DISORDERS,AU;BR;CA;CN;EP;HK;IL;JP;KR;MX;US;WO;ZA,False
36777983,WO-2006084174-A2,Cytarabine,IMPROVED BIOAVAILABILITY AND IMPROVED DELIVERY OF ALKALINE PHARMACEUTICAL DRUGS,US;WO,False
38218445,US-20060178691-A1,Cytarabine,Methods and devices to curb appetite and/or reduce food intake,CA;EP;JP;US;WO,False
35840595,US-20060178387-A1,Cytarabine,Combined treatment with capecitabine and an epidermal growth factor receptor kinase inhibitor,US;WO,False
22713760,AU-2001287291-B2,Cytarabine,Combined use of anti-cytokine antibodies or antagonists and anti-CD20 for the treatment of B cell lymphoma,AU;BR;CA;CN;EP;HK;JP;KR;MX;NO;US;WO;ZA,False
46149865,US-7090828-B2,Cytarabine,Vitronectin receptor antagonist pharmaceuticals,US,False
34442961,EP-1689778-A1,Cytarabine,RGD TARGETING MOIETY ITS PORDUCTION AND USE,AU;CA;EP;IN;JP;WO,False
26978320,AU-782994-C,Cytarabine,Treatment of refractory human tumors with epidermal growth factor receptor antagonists,AU;BG;BR;CA;CN;CZ;EE;EP;HK;HU;IL;IN;JP;KR;MX;NO;PL;RU;SK;US;WO,False
34657585,EP-1697751-A2,Cytarabine,ASSAY AND TREATMENT,EP;US;WO,False
36944570,CA-2600921-A1,Cytarabine,METHOD FOR ASSESSING PYRIMIDINE METABOLISM,CA;US;WO,False
27546594,EP-1702618-A2,Cytarabine,Compositions and uses of ET743 in combination therapy for cancer treatment,AR;AT;AU;BG;BR;CA;CN;CY;CZ;DE;DK;EP;ES;FR;HK;HU;IL;JP;KR;LU;MX;MY;NL;NO;NZ;PL;PT;RU;SI;SK;TR;UA;US;WO,True
36933891,DE-102005012681-A1,Cytarabine,"New 1,5-dihydro-pyrrol-2-one compounds are HDM2 inhibitors, useful for treating e.g. stroke, heart infarct, ischemia, multiple sclerosis, Alzheimer&apos;s disease, degenerative disease, viral infection and cancer",DE,False
46254303,US-RE39321-E1,Cytarabine,"Supplemented and unsupplemented tissue sealants, methods of their production and use",US,False
36955127,EP-1710256-A1,Cytarabine,Human monoclonal antibodies to prostate specific membrane antigen,AT;AU;CA;CN;DE;DK;EP;ES;HK;IL;JP;KR;MX;NZ;WO,True
34630772,WO-2006109091-A2,Cytarabine,SENSITISATION OF CANCER CELLS TO DNA REPLICATION INHIBITORS,GB;WO,False
36660847,US-20060247320-A1,Cytarabine,Compounds for inhibiting KSP kinesin activity,AR;AU;CA;CN;EP;HK;IL;JP;KR;MX;MY;PE;TW;US;WO,False
35702394,EP-1717247-A1,Cytarabine,Cyclic peptides binding to the somatostatin receptor,EP;US;WO,False
37215072,AU-2006239883-A1,Cytarabine,"Treatment, prevention and amelioration of pulmonary disorders associated with chemotherapy or radiotherapy with active vitamin D compounds or mimics thereof",AU;BR;CA;CN;EP;HK;IL;IN;JP;KR;MX;NO;US;WO,False
37076051,US-20060251582-A1,Cytarabine,Compositions and methods using microspheres and non-ionic contrast agents,AU;BR;CA;CN;EP;ES;HK;IN;JP;KR;MX;US;VN;WO,True
23179585,EP-0781123-B1,Cytarabine,PREPARATION OF MULTIVESICULAR LIPOSOMES FOR CONTROLLED RELEASE OF ACTIVE AGENTS,AU;BR;CA;CN;DE;EP;FI;JP;KR;MX;NO;NZ;US;WO,False
5216829,US-7138147-B2,Cytarabine,Arsenic sulfide compounds and derivatives thereof for the treatment of malignancies,AT;AU;BR;CA;CN;DE;EP;ES;HK;ID;IL;JP;KR;MX;NO;NZ;PL;TR;US;WO,True
37452367,WO-2006127977-A1,Cytarabine,FATTY ACID CARBOHYDRATE HYBRID MOLECULES AS THERAPEUTIC AGENTS AND METHODS THEREOF,US;WO,False
32777009,US-20060276527-A1,Cytarabine,Combination therapies for the treatment of cancer,EP;JP;US;WO,False
37533412,AU-2006236007-A1,Cytarabine,Cochleate Delivery Vehicles,AT;AU;CA;DE;DK;EP;ES;JP;PT;US;WO,True
36581831,US-20060281778-A1,Cytarabine,Compounds for inhibiting KSP Kinesin activity,AR;CA;CN;EP;HK;JP;MX;MY;TW;US;WO,False
37524839,US-20060281720-A1,Cytarabine,5-Androstenediol As An Inhibitor of Gliomas,US,False
27668678,US-20060281708-A1,Cytarabine,Fluorinated glucosamine analogs useful for modulating post-translational glyscosylations on cells,AU;CA;EP;JP;US;WO,False
37595812,CA-2613280-A1,Cytarabine,DRUG/POLYMER COMPOSITE MATERIALS AND METHODS OF MAKING THE SAME,CA;EP;US;WO,False
31188597,US-20070009593-A1,Cytarabine,Methods of treating cancer,AU;US;WO,False
34897265,AU-2006268854-A1,Cytarabine,Variant IASPP polypeptide and screening assay,AU;CA;CN;EP;GB;HK;US;WO,False
34927983,EP-1746099-A1,Cytarabine,Mnk1 or Mnk2 inhibitors,EP;US;WO,False
37433779,WO-2007011760-A2,Cytarabine,INHIBITORS OF MITOTIC KINESIN,WO,False
37193805,WO-2007011693-A2,Cytarabine,COMPOSITIONS OF PLACENTALLY-DERIVED STEM CELLS FOR THE TREATMENT OF CANCER,US;WO,False
37114603,CA-2615373-A1,Cytarabine,QUINAZOLINE DERIVATIVES USEFUL IN CANCER TREATMENT,CA;CN;EP;HK;JP;MX;US;WO,False
37101166,CA-2657886-A1,Cytarabine,STEM CELL MARKERS,AU;CA;CN;EP;JP;US;WO,False
37682924,AU-2006274509-A1,Cytarabine,Therapeutic protocols using hyaluronan,AU;CA;CN;EP;IN;JP;US;WO,False
37709068,WO-2007015926-A2,Cytarabine,"MULTIPARAMETER FLOW CYTOMETRIC CYTOMETRIC CYTOTOXICITY SYSTEMS, METHODS, COMPOSITIONS AND KITS FOR EVALUATING THE SUSCEPTIBILITY OF CANCER",WO,False
37709207,CA-2617150-A1,Cytarabine,USE OF CHK2 KINASE INHIBITORS FOR CANCER TREATMENT,AU;CA;EP;US;WO,False
37758338,WO-2007022255-A2,Cytarabine,PHARMACEUTICAL FORMULATIONS FOR SUSTAINED RELEASE,US;WO,False
33098022,US-20070043000-A1,Cytarabine,Immunosuppresive effects of pteridine derivatives,AU;CA;EP;JP;US;WO,False
37527111,CA-2619790-A1,Cytarabine,NOVEL HIGH AFFINITY THIOPHENE-BASED AND FURAN-BASED KINASE LIGANDS,CA;CN;EP;HK;JP;MX;US;WO,False
11383554,US-7186753-B1,Cytarabine,Pharmaceutical compounds,AT;AU;BR;CA;CN;DE;DK;EP;ES;HU;IL;IN;IT;JP;KR;MX;NO;NZ;PL;PT;RU;SI;US;WO;ZA,True
34704290,US-7192612-B2,Cytarabine,Compositions and methods based on synergies between capsicum extracts and tea catechins for prevention and treatment of cancer,US;WO,False
34381100,US-20070066549-A1,Cytarabine,Modulation of elf4e expression,AR;AU;BR;CA;CN;EA;EC;EP;HK;IL;IN;JP;KR;MA;MX;MY;NO;NZ;PE;SG;TW;US;WO,False
37903915,AU-2007201079-A1,Cytarabine,Methods of treating cancer using an FPT inhibitor and antineoplastic agents,AU;BR;CA;CN;EP;HK;HU;JP;MX;NO;NZ;US;WO;ZA,False
34397907,AU-2007201060-A1,Cytarabine,Cancer treatment,AU;BR;CA;CN;CY;CZ;DK;EP;ES;HK;HU;IL;JP;KR;LT;LU;MX;NO;NZ;PL;PT;RU;SI;SK;TW;US;WO,True
27387805,CN-1939541-A,Cytarabine,免疫刺激性核酸,AP;AT;AU;BG;BR;CA;CN;CZ;DE;DK;EE;EP;ES;HK;HR;HU;IL;IN;JP;KR;MX;NO;NZ;OA;PL;RS;RU;SK;TR;UA;US;WO;YU;ZA,True
38189035,US-20070077583-A1,Cytarabine,Alpha enolase-directed diagnostics and therapeutics for cancer and chemotherapeutic drug resistance,US;WO,False
37900359,AU-2006294819-A1,Cytarabine,Prevention and treatment of gastrointestinal and bladder disorders using active vitamin D compounds,AU;BR;CA;EP;IL;IN;JP;KR;NO;US;WO,False
22669319,EP-1772452-A2,Cytarabine,Matrix metalloproteinase inhibitors and uses thereof,AU;CA;EP;US;WO,False
37911265,US-20070082020-A1,Cytarabine,Blood clot filter having coating,US,False
38017951,CN-1948313-A,Cytarabine,"替莫唑胺－8－羧酸水溶性衍生物的制备方法,抗癌活性,和在制备抗癌药物制剂中的应用",CN,False
37813519,CA-2624826-A1,Cytarabine,PYRAZOLOPYRIMIDINES AS PROTEIN KINASE INHIBITORS,AR;CA;CN;EP;HK;JP;TW;US;WO,False
37680544,CA-2624519-A1,Cytarabine,"PYRAZOLO [1,5-A] PYRIMIDINES AS PROTEIN KINASE INHIBITORS",AT;CA;CN;EP;HK;JP;US;WO,False
37671922,CA-2624500-A1,Cytarabine,PYRAZOLOPYRIMIDINES AS PROTEIN KINASE INHIBITORS,AR;CA;CN;EP;HK;JP;TW;US;WO,False
23110723,HK-1038512-B,Cytarabine,METHODS OF INDUCING CANCER CELL DEATH AND TUMOR REGRESSION,AR;AT;AU;BR;CA;CN;CY;DE;DK;EP;ES;HK;HU;JP;MX;MY;NO;NZ;PE;PT;SI;TW;US;WO;ZA,True
26946974,HU-P0700079-A2,Cytarabine,"ISOLATED MOLECULES COMPRISING EPITOPES CONTAINING SULFATED MOIETIES, ANTIBODIES TO SUCH EPITOPES, AND USES THEREOF",AU;BR;CA;CN;CZ;EP;HK;HU;IL;IN;JP;KR;MX;PL;RU;WO,False
37997238,US-20070099856-A1,Cytarabine,Combined treatment with docetaxel and an epidermal growth factor receptor kinase inhibitor using an intermittent dosing regimen,US,False
37882361,US-20070105887-A1,Cytarabine,Antineoplastic combinations of temsirolimus and sunitinib malate,AR;PE;TW;US;WO,False
37715999,US-20070105864-A1,Cytarabine,Methods for inhibiting protein kinases,CA;EP;HK;JP;TW;US;WO,False
37983582,WO-2007059116-A2,Cytarabine,GELDANAMYCIN DERIVATIVES AND PHARMACEUTICAL COMPOSITIONS THEREOF,WO,False
38008330,WO-2007058942-A2,Cytarabine,IMIDAZOPYRAZINES AS PROTEIN KINASE INHIBITORS,AR;AU;BR;CA;CN;EC;EP;HK;IL;IN;JP;KR;MY;NO;PE;RU;TW;US;WO;ZA,False
38157772,IE-20050699-A1,Cytarabine,Anti-steroid infection treatment,IE,False
38118975,US-20070128121-A1,Cytarabine,Polymer hydrogels for controlled release and absorption of biocides,US,False
38042705,WO-2007076085-A2,Cytarabine,"FUSED PYRIMIDONES AND THIOPYRIMIDONES, AND USES THEREOF",TW;US;WO,False
38218696,AU-2006330883-A1,Cytarabine,"3-aryl-substituted quinazolones, and uses thereof",AU;BR;CA;CN;EP;IN;JP;TW;US;WO,False
38982042,US-20070161644-A1,Cytarabine,Erastin analogs and uses thereof,US;WO,False
34520566,ZA-200603458-B,Cytarabine,"Methods, compositions, and kits for organ protection during systemic anticancer therapy",AU;CA;EP;HK;JP;US;WO;ZA,False
22751297,US-20070179112-A1,Cytarabine,POLYMERIC NUCLEOSIDE PRODRUGS,AU;US;WO,False
38327924,WO-2007089618-A2,Cytarabine,HEPATITIS C SERINE PROTEASE INHIBITORS AND USES THEREFOR,EP;JP;US;WO,False
46324986,US-20070190102-A1,Cytarabine,Method of preparing hydroxyapatite based drug delivery implant for infection and cancer treatment,US,False
38372166,WO-2007095389-A2,Cytarabine,TREATMENT OF HYPERPROLIFERATIVE DISEASES WITH CAMPTOTHECINE N-OXIDE AND ANALOGS,WO,False
38372019,US-20070196272-A1,Cytarabine,ORAL DELIVERY OF THERAPEUTIC AGENTS USING TIGHT JUNCTION AGONISTS,AR;CL;EP;TW;US;WO,False
38437915,WO-2007098090-A2,Cytarabine,TREATMENT OF HYPERPROLIFERATIVE DISEASES WITH N-OXIDES OF ESTROGEN RECEPTOR MODULATORS,WO,False
38437914,WO-2007098089-A2,Cytarabine,TREATMENT OF HYPERPROLIFERATIVE DISEASES WITH METHOTREXATE N-OXIDE AND ANALOGS,WO,False
36649431,US-20070202051-A1,Cytarabine,Aerosols for sinunasal drug delivery,EP;US,False
38459618,AU-2007221135-A1,Cytarabine,Methods for regulating neurotransmitter systems by inducing counteradaptations,AU;CA;CN;EP;IN;JP;WO,False
38605248,US-20070243548-A1,Cytarabine,Calumenin-directed diagnostics and therapeutics for cancer and chemotherapeutic drug resistance,US,False
38620248,US-20070249647-A1,Cytarabine,Substituted CIS- and trans-stilbenes as therapeutic agents,US,False
39876305,US-20070248537-A1,Cytarabine,Compositions and Methods for Cellular Imaging and Therapy,AU;BR;CA;CN;DK;EP;ES;HK;IL;IN;JP;KR;NO;US;WO,True
26776832,IL-139934-A,Cytarabine,PYRROLE SUBSTITUTED 2-INDOLINONE DERIVATIVES AND PHARMACEUTICAL COMPOSITIONS CONTAINING THE SAME,AR;AU;BR;CA;CN;CO;DK;EA;EP;ES;HK;HU;IL;IN;JP;KR;MX;NO;NZ;PL;PT;SK;TR;TW;US;WO,True
38625813,WO-2007124498-A2,Cytarabine,METHOD FOR TREATING MALIGNANCIES OF HEMATOPOIETIC LINEAGE,WO,False
38625746,WO-2007124383-A2,Cytarabine,"1,1&apos;-BINAPHTHYL-BASED INHIBITORS OF NAD+-DEPENDENT DEACETYLASE ACTIVITY AND SIR2-FAMILY MEMBERS",WO,False
38345774,US-20070253896-A1,Cytarabine,"7,9-Dihydro-Purin-8-One and Related Analogs as HSP90-Inhibitors",EP;US;WO,False
35055915,US-20070258969-A1,Cytarabine,Compositions and methods for targeting metastatic tumors using multivalent ligand-linked carbohydrate polymers,EP;JP;US;WO,False
38668048,WO-2007130050-A1,Cytarabine,HYBRID CELLS FOR TREATING EARLY AND LATE STAGE-NED MELANOMA,WO,False
27401692,US-20070280881-A1,Cytarabine,TAG-72 SPECIFIC CH2 DOMAIN DELETED ANTIBODIES,AU;US;WO,False
38610633,CA-2653811-A1,Cytarabine,FILMS AND PARTICLES,CA;EP;US;WO,False
38802116,WO-2007143183-A2,Cytarabine,METHODS FOR DEVELOPING AND ASSESSING THERAPEUTIC AGENTS,US;WO,False
39212378,KR-20080000007-A,Cytarabine,"TEMPERATURE-SENSITIVE IMMUNOLIPOSOMES, PREPARATION METHOD AND USES THEREOF",KR,False
37215568,EP-1874118-A2,Cytarabine,MATERIALS AND METHODS FOR ENHANCED DEGRADATION OF MUTANT PROTEINS ASSOCIATED WITH HUMAN DISEASE,AU;BR;CA;CN;EP;HK;IL;IN;JP;KR;NZ;US;WO,False
38704663,AU-2007221979-A1,Cytarabine,Unit dosage forms of temozolomide,AR;AU;BR;CA;CL;CN;EP;HK;IN;JP;KR;MX;NO;TW;WO;ZA,False
38109586,US-20080014200-A1,Cytarabine,"Combined treatment with 6,6-bicyclic ring substituted heterobicyclic protein kinase inhibitor and anti-cancer agents",US,False
37561108,EP-1881000-A1,Cytarabine,Conjugates of 2-fluoro-2-deoxy-glucose and their uses as anti cancer agents,EP;WO,False
37869257,KR-100799657-B1,Cytarabine,PH-sensitive immnoliposome,KR,False
38951450,WO-2008013987-A2,Cytarabine,N-ALKYL SUBSTITUTED PIPERAZINYLMETHYLQUINAZOLINONES AND AZEPANYLMETHYLQUINAZOLINONES,WO,False
25451864,CA-2303432-C,Cytarabine,MODULATION OF DRUG LOADING IN MULTIVESICULAR LIPOSOMES,AT;AU;CA;DE;DK;EP;ES;IL;JP;NO;NZ;PT;US;WO,True
37496429,EP-1889847-A1,Cytarabine,Pyrrolopyrimidines for pharmaceutical compositions,AT;AU;BR;CA;CN;CO;EA;EP;HK;IL;IN;JP;KR;MX;MY;NO;US;VN;WO;ZA,False
39102151,US-20080045568-A1,Cytarabine,Novel high affinity quinoline-based kinase ligands,US,False
36582061,MX-2007010561-A,Cytarabine,N-SULPHONYLPYRROLES AND THEIR USE AS HISTONE DEACETYLASE INHIBITORS.,AT;AU;BR;CA;CN;CY;DE;DK;EA;EP;ES;HK;HR;IL;IN;JP;KR;MX;NO;NZ;PL;PT;RS;SI;TW;US;VN;WO,True
39197489,US-20080051463-A1,Cytarabine,ANTHRACENE COMPOUNDS AND THEIR USE FOR TREATING BENIGN AND MALIGNANT TUMOR DISORDERS,AR;EP;TW;US;WO,False
39136992,US-20080057086-A1,Cytarabine,COLON-TARGETED ORAL FORMULATIONS OF CYTIDINE ANALOGS,US;WO,False
32469463,US-20080070859-A1,Cytarabine,Compounds resistant to metabolic deactivation and methods of use,AU;CA;EP;JP;US;WO,False
39184372,CA-2664327-A1,Cytarabine,METHOD FOR DETECTING AND TREATING SKIN DISORDERS,CA;EP;HK;US;WO,False
38698376,AU-2007299080-A1,Cytarabine,Method for treating cancer harboring EGFR mutations,AT;AU;BR;CA;CN;CY;DK;EP;ES;IL;JP;KR;MX;NZ;PL;PT;RU;SI;US;WO,True
35539415,HK-1107360-A1,Cytarabine,KIT OF PARTS DESIGNED FOR IMPLEMENTING AN ANTITUMORAL OR ANTIVIRAL TREATMENT IN A MAMMAL,AT;AU;CA;CN;CY;DE;DK;EP;ES;HK;IL;IN;JP;KR;MX;PL;PT;US;WO,True
39330488,US-20080102127-A1,Cytarabine,HYBRID LIPID-POLYMER NANOPARTICULATE DELIVERY COMPOSITION,US,False
39344894,WO-2008054767-A2,Cytarabine,N4 MODIFICATIONS OF PYRIMIDINE ANALOGS AND USES THEREOF,US;WO,False
39276164,WO-2008057512-A2,Cytarabine,IMIDAZOPYRAZINES AS PROTEIN KINASE INHIBITORS,AR;CA;CL;CN;EP;HK;JP;MX;PE;TW;US;WO,False
39365038,WO-2008057363-A2,Cytarabine,USE OF VITAMIN D DERIVATIVES TO ENHANCE DELIVERY OF THERAPEUTICS AND OXYGEN TO TUMORS,CL;TW;WO,False
39430177,WO-2008062466-A2,Cytarabine,"CINNAMIC ACID, VANILLIC ACID AND BENZOFURAN DERIVATIVES FOR USE IN THE TREATMENT OF INFLAMMATION AND CANCER",CA;EP;IL;IN;US;WO,False
38925530,TW-200823232-A,Cytarabine,Metastin derivatives and use thereof,AR;AU;BR;BY;CA;CL;CN;CR;CY;DK;EC;EP;ES;GE;HK;HR;HU;IL;IN;JO;JP;KR;MA;ME;MX;MY;NO;NZ;PE;PL;PT;RS;RU;SI;TN;TW;US;VN;WO,True
39331032,US-20080138379-A1,Cytarabine,"Methods, treatments, and compositions for modulating Hedgehog pathways",US,False
37806706,EP-1933136-A1,Cytarabine,High throughput screen (HTS) to identify chemotherapeutic compounds by interfering with cell cycle checkpoint functions,EP,False
33397215,US-20080145372-A1,Cytarabine,Bioreductively-Activated Prodrugs,CA;CN;EP;GB;JP;US;WO,False
50721928,UA-83204-C2,Cytarabine,COMBINATION THERAPY FOR THE TREATMENT OF ACUTE LEUKEMIA AND MYELODYSPLASTIC SYNDROME,UA,False
39400630,WO-2008076278-A2,Cytarabine,METHODS OF CANCER TREATMENT WITH IGF1R INHIBITORS,AU;BR;CA;CL;CN;EP;HK;JP;MX;NO;NZ;TW;US;WO,False
39204830,CA-2673410-A1,Cytarabine,"PYRROLO [3, 2-A] PYRIDINE DERIVATIVES FOR INHIBITING KSP KINESIN ACTIVITY",CA;CN;EP;HK;JP;MX;US;WO,False
37896049,EP-1940414-A2,Cytarabine,ANTI MINERALOCORTICOID THERAPY OF INFECTION,CA;CN;EP;IE;US;WO,False
37727873,US-20080167334-A1,Cytarabine,"Compounds for binding to ERalpha/beta and GPR30, methods of treating disease states and conditions mediated through these receptors and identification thereof",US;WO,False
38123893,EP-1947114-A1,Cytarabine,"Mutated netrin 4, fragments thereof and uses thereof as drugs",CA;EP;JP;US;WO,False
37873143,WO-2008087488-A2,Cytarabine,EXPANDABLE MEDICAL DEVICE FOR THE TREATMENT AND PREVENTION OF CARDIOVASCULAR DISEASES,EP;WO,False
24637247,EP-0912738-B1,Cytarabine,"ANTIGEN BINDING FRAGMENTS THAT SPECIFICALLY DETECT CANCER CELLS, NUCLEOTIDES ENCODING THE FRAGMENTS, AND USE THEREOF FOR THE PROPHYLAXIS AND DETECTION OF CANCERS",AT;AU;BR;CA;CN;DE;DK;EP;ES;HK;IL;JP;KR;NO;NZ;US;WO,True
39645164,WO-2008092006-A2,Cytarabine,ANTIMICROBIAL COMPOSITIONS,US;WO,False
37872679,WO-2008090355-A2,Cytarabine,INHIBITORS OF STEM CELLS MARKERS,GB;WO,False
38742401,MY-135982-A,Cytarabine,TREATMENT OF INTERMEDIATE-AND HIGH-GRADE NON-HODGKINS LYMPHOMA WITH ANTI-CD20 ANTIBODY,AU;CA;CN;DE;EP;ES;HK;JP;MX;MY;NO;TW;US;WO,True
36927934,US-20080188480-A1,Cytarabine,"Use of Sildenafil, Vardenafil and Other 5-Phosphodiesterase Inhibitors to Enhance Permeability of the Abnormal Blood-Brain Barrier",EP;US;WO,False
32852146,US-20080188432-A1,Cytarabine,Oligomeric compounds for the modulation ras expression,AU;CA;EP;JP;US;WO,False
37295269,US-20080199506-A1,Cytarabine,Coating of the Entire Surface of Endoprostheses,AU;BR;CA;CN;DE;EP;ES;HK;IL;IN;JP;KR;MX;PL;RU;US;WO;ZA,True
39710768,WO-2008103920-A2,Cytarabine,TARGETED PROTEIN CAGES,US;WO,False
39710676,WO-2008103470-A2,Cytarabine,ONCOGENIC-RAS-SIGNAL DEPENDENT LETHAL COMPOUNDS,WO,False
33476820,US-20080206265-A1,Cytarabine,SYNERGISTIC TREATMENT OF CANCER USING IMMUNOMERS IN CONJUNCTION WITH CHEMOTHERAPEUTIC AGENTS,AU;CA;EP;JP;KR;MX;US;WO,False
36577755,US-20080206222-A1,Cytarabine,Preventive/Therapeutic Composition For Free Radical Disease,CN;EP;JP;KR;US;WO,False
32313842,NZ-540144-A,Cytarabine,Method for quantifying a ratio between at least two nucleic acid sequences,AU;CA;CN;EP;JP;KR;NZ;US;WO,False
32713265,EP-1588162-B1,Cytarabine,HSC70 DIRECTED DIAGNOSTICS AND THERAPEUTICS FOR MULTIDRUG RESISTANT NEOPLASTIC DISEASE,AT;AU;CA;DE;EP;JP;US;WO,False
39535224,WO-2008116129-A2,Cytarabine,IMIDAZOLOPYRIMIDINE ANALOGS AND THEIR USE AS PI3 KINASE AND MTOR INHIBITORS,AR;AU;BR;CA;CL;CN;EP;IN;JP;MX;PE;TW;US;WO,False
39794783,US-20080241256-A1,Cytarabine,TARGETED ACTIVE AGENT DELIVERY SYSTEM BASED ON CALCIUM PHOSPHATE NANOPARTICLES,US,False
27559287,US-20080255073-A1,Cytarabine,COMPOUNDS FOR SUSTAINED RELEASE OF ORALLY DELIVERED DRUGS,AU;EP;US;WO,False
39831435,AU-2008236993-A1,Cytarabine,Method of treating brain cancer,AU;CA;CN;EP;JP;KR;NZ;US;WO,False
38475662,AU-2007223560-A2,Cytarabine,Composition and method for topical treatment of tar-responsive dermatological disorders,AU;CA;CN;EP;HK;JP;MX;US;WO,False
22822714,IL-154044-A,Cytarabine,MULTI-COMPONENT PHARMACEUTICAL COMPOSITIONS CONTAINING A COMPLEX OF A POSITIVELY CHARGED BACKBONE AND A NEGATIVELY CHARGED BACKBONE,AU;CA;CY;DK;EP;ES;IL;JP;NZ;PT;US;WO;ZA,True
39820986,WO-2008134761-A2,Cytarabine,MODIFICATION OF BIOLOGICAL TARGETING GROUPS FOR THE TREATMENT OF CANCER,EP;JP;US;WO,False
39926268,WO-2008133928-A2,Cytarabine,MUCIN GLYCOPROTEINS AND THEIR USE FOR TREATMENT OF EPITHELIAL LESIONS AND MUCIN DEPENDENT DISORDERS,AR;US;WO,False
39004779,US-20080274671-A1,Cytarabine,METHOD OF DOPING SURFACES,AT;AU;BR;CA;CN;EP;ES;IL;IN;JP;KR;US;WO;ZA,True
40132901,US-20080312130-A1,Cytarabine,"DRUG DELIVERY VEHICLE FOR CANCER THERAPY, PROCESS FOR PRODUCING THE SAME, AND PHARMACEUTICAL PREPARATION USING THE SAME",JP;US,False
39709524,WO-2008157407-A2,Cytarabine,"THIADIAZOLE, OXADIAZOLE AND TRIAZOLE DERIVATIVES FOR TREATING LEUKEMIA",WO,False
40002934,CA-2690557-A1,Cytarabine,IMIDAZOPYRAZINES AS PROTEIN KINASE INHIBITORS,AR;CA;CL;CN;EP;HK;JP;MX;PE;TW;WO,False
21998395,EP-2009119-A1,Cytarabine,Compositions for treating cancer using viruses,AT;AU;CA;DE;DK;EP;ES;HK;JP;PT;WO,True
39743105,WO-2009005673-A1,Cytarabine,ANTI-IGF1R,US;WO,False
27613262,US-20090010986-A1,Cytarabine,Polymeric gel delivery system for pharmaceuticals,AU;CA;EP;JP;MX;US;WO,False
40221610,US-20090010927-A1,Cytarabine,Mapkap kinase-2 as a specific target for blocking proliferation of P53-defective cells,US,False
40020486,WO-2009008992-A2,Cytarabine,COMBINATION ANTI-CANCER THERAPY COMPRISING AN INHIBITOR OF BOTH MTORC1 AND MT0RC2,EP;JP;US;WO,False
34102961,US-7482430-B2,Cytarabine,Compositions and methods relating to multimeric and oligomeric soluble fragments of the TWEAK receptor,AT;AU;CA;DE;EP;ES;JP;MT;MX;US;WO,True
36928130,US-20090028795-A1,Cytarabine,NOD1 as an Anti-Tumor Agent,AU;BR;CA;CN;EP;HK;IL;IN;JP;KR;MX;RU;US;WO,False
40305114,WO-2009017661-A2,Cytarabine,METHODS OF TREATING BLOOD CELL DEPLETION,AU;CA;EP;US;WO,False
40341745,AU-2008285364-A1,Cytarabine,Chlorotoxins as drug carriers,AU;CA;EP;JP;US;WO,False
38283870,US-20090054837-A1,Cytarabine,Coating Method for a Folded Balloon,DE;EP;ES;JP;PL;US;WO,True
38783580,EP-2032989-A2,Cytarabine,IGFBP2 BIOMARKER,AT;CA;EP;ES;HK;JP;US;WO,True
22953886,EP-1349840-B1,Cytarabine,ANILINOPYRIMIDINE DERIVATIVES AS JNK PATHWAY INHIBITORS AND COMPOSITIONS AND METHODS RELATED THERETO,AT;AU;CA;DE;EP;HK;JP;US;WO,False
36649145,US-20090068144-A1,Cytarabine,TETRAHYDRO-ISOQUINOLIN-1-ONES FOR THE TREATMENT OF CANCER,US;WO,False
40379702,WO-2009042064-A2,Cytarabine,OLIGOMER-NUCLEOSIDE PHOSPHATE CONJUGATES,US;WO,False
37998308,EP-2044053-A2,Cytarabine,UREA COMPOUNDS USEFUL IN THE TREATMENT OF CANCER,CA;CN;EP;HK;JP;MX;US;WO,False
40526571,WO-2009045504-A1,Cytarabine,METHODS AND COMPOSITIONS FOR TREATING CANCER AND MODULATING SIGNAL TRANSDUCTION AND METABOLISM PATHWAYS,US;WO,False
40120262,AU-2008306636-A1,Cytarabine,Methods of treating cancer using Notch pathway inhibitors,AU;CA;CN;EP;IN;JP;RU;US;WO,False
38744846,EP-2046335-A2,Cytarabine,METHODS AND PHARMACEUTICAL PREPARATIONS FOR CONTRIBUTING TO THE TREATMENT OF CHEMOTHERAPY-INDUCED NEUROPATHY,BR;CA;CN;EP;HK;IL;JP;KR;MX;NO;RU;WO;ZA,False
38564304,US-20090099103-A1,Cytarabine,COMBINATIONS OF THERAPEUTIC AGENTS FOR TREATING CANCER,AU;BR;CA;CN;EP;IN;JP;KR;MX;RU;US;WO,False
38625696,US-20090098137-A1,Cytarabine,COMBINATIONS OF THERAPEUTIC AGENTS FOR TREATING CANCER,AU;BR;CA;CN;EP;IN;JP;KR;MX;RU;US;WO,False
36678205,US-20090098046-A1,Cytarabine,Combination Cancer Therapy with Anti-PSMA Antibodies,AU;CA;EP;JP;US;WO,False
34102727,AU-2004259705-B2,Cytarabine,Agonist polypeptide of receptor for zot and zonulin,AU;BR;CA;CN;EP;HK;IL;IN;JP;KR;MX;RU;US;WO;ZA,False
37694085,EP-2051982-A1,Cytarabine,"6,6-BICYCLIC RING SUBSTITUTED SULFUR CONTAINING HETEROBICYCLIC PROTEIN KINASE INHIBITORS",EP;TW;US;WO,False
40251766,WO-2009058730-A1,Cytarabine,DIAMIDO THIAZOLE DERIVATIVES AS PROTEIN KINASE INHIBITORS,CA;CN;EP;HK;JP;MX;WO,False
40242663,CA-2703981-A1,Cytarabine,HETEROCYCLIC UREA AND THIOUREA DERIVATIVES AND METHODS OF USE THEREOF,CA;CN;EP;HK;JP;MX;US;WO,False
40251710,CA-2703978-A1,Cytarabine,THIAZOLE DERIVATIVES AS PROTEIN KINASE INHIBITORS,AR;CA;CL;CN;EP;JP;MX;PE;TW;US;WO,False
40642615,US-20090131367-A1,Cytarabine,Combinations of HDAC Inhibitors and Proteasome Inhibitors,US;WO,False
39136042,EP-2061782-A1,Cytarabine,NOVEL AMINOPYRIDINE DERIVATIVES HAVING AURORA A SELECTIVE INHIBITORY ACTION,AR;AU;CA;CL;CN;CO;CR;EC;EP;ES;GT;HK;HN;ID;IL;IN;JP;KR;MA;MX;MY;NI;NO;NZ;PE;RU;SV;TW;UA;US;VN;WO;ZA,True
38335573,US-20090142337-A1,Cytarabine,Pharmaceutical Combinations of Diazole Derivatives for Cancer Treatment,EP;JP;US;WO,False
40343608,CA-2706946-A1,Cytarabine,"2-FLUOROPYRAZOLO[1,5-A]PYRIMIDINES AS PROTEIN KINASE INHIBITORS",CA;CN;EP;JP;MX;WO,False
40567707,US-20090149417-A1,Cytarabine,Methods and compositions for the treatment of cancer using benzopyrone-type PARP inhibitors,CN;EP;HK;JP;US;WO,False
40756109,WO-2009076478-A2,Cytarabine,HYPOMETHYLATED GENES IN CANCER,US;WO,False
40796133,CA-2709827-A1,Cytarabine,BIOMARKERS FOR SENSITIVITY TO ANTI-IGF1R THERAPY,CA;EP;JP;MX;US;WO,False
40352030,CA-2711606-A1,Cytarabine,INHIBITORS OF IAP,AU;BR;CA;CN;DK;EP;ES;IL;IN;JP;KR;MX;NZ;PL;RU;SI;US;WO;ZA,True
40435060,US-20090192147-A1,Cytarabine,"[a]-FUSED INDOLE COMPOUNDS, THEIR USE AS mTOR KINASE AND PI3 KINASE INHIBITORS, AND THEIR SYNTHESES",US;WO,False
40521730,CA-2713055-A1,Cytarabine,SELECTIVE EXOSITE INHIBITION OF PAPP-A ACTIVITY AGAINST IGFBP-4,AU;BR;CA;CN;DK;EP;HK;IL;IN;JP;KR;MX;MY;NZ;US;WO;ZA,False
40456241,WO-2009097233-A1,Cytarabine,IMIDAZOPYRAZINES AS PROTEIN KINASE INHIBITORS,CA;WO,False
38257102,US-7572776-B2,Cytarabine,"N-(phosphonoalkyl)-amino acids, derivatives thereof and compositions and methods of use",AU;CA;CN;EP;HK;JP;US;WO,False
34931219,EP-1611879-B1,Cytarabine,Use of emulsions for intra- and periocular injection,AT;DE;EP;US;WO,False
22112521,EP-1030675-B1,Cytarabine,TREATMENT OF HEMATOLOGIC DISORDERS,AT;AU;CA;DE;EP;JP;US;WO,False
40937941,US-20090202540-A1,Cytarabine,SUBSTITUTED OXAZAPHOSPHORINES,US;WO,False
27392641,US-7575748-B1,Cytarabine,Methods of treatment using anti-ErbB antibody-maytansinoid conjugates,US,False
40957264,WO-2009102876-A1,Cytarabine,MACROCYCLIC INHIBITORS OF HEPATITIS C PROTEASE,CA;WO,False
37945446,US-20090209494-A1,Cytarabine,21-DEOXYMACBECIN ANALOGUES USEFUL AS ANTITUMOR AGENTS,AU;BR;CA;CN;EP;IN;JP;KR;US;WO,False
41038130,CN-101513408-A,Cytarabine,双胍基嘌呤环类衍生物制备提高抗癌药药效的新应用,CN,False
40568326,WO-2009105430-A1,Cytarabine,TREATING CANCER WITH DESTHIAZOLYL RITONAVIR,US;WO,False
39157777,US-20090220586-A1,Cytarabine,PROTEOMIMETIC COMPOUNDS AS INHIBITORS OF THE INTERACTION OF NUCLEAR RECEPTOR WITH COACTIVATOR PEPTIDES,US;WO,False
40863532,WO-2009114552-A1,Cytarabine,"HETEROARYL COMPOUNDS, COMPOSITIONS, AND METHODS OF USE IN CANCER TREATMENT",US;WO,False
40602384,WO-2009112851-A1,Cytarabine,SURFACE MODIFICATION OF NITINOL,EP;US;WO,False
39327248,WO-2009112266-A1,Cytarabine,ACTIVE SUBSTANCE COMBINATION WITH GEMCITABINE FOR THE TREATMENT OF EPITHELIAL CANCER,EP;WO,False
34135236,AU-2004263538-B2,Cytarabine,Bispecific antibodies for inducing apoptosis of tumor and diseased cells,AU;CA;EP;IL;JP;US;WO,False
41117580,US-20090246198-A1,Cytarabine,MAPK/ERK KINASE INHIBITORS AND METHODS OF USE THEREOF,US;WO,False
46301755,US-7598246-B2,Cytarabine,Bisphosphonate conjugates and methods of making and using the same,US,False
40627065,WO-2009121564-A1,Cytarabine,DRUG CONJUGATES WITH POLYGLYCEROLS,EP;US;WO,False
37067547,US-20090253721-A1,Cytarabine,Combined treatment with radiation and an epidermal growth factor receptor kinase inhibitor,AU;BR;CA;CN;EP;IL;IN;JP;KR;MX;US;WO,False
38694736,US-20090252672-A1,Cytarabine,NASAL DELIVERY OF THERAPEUTIC AGENTS USING TIGHT JUNCTION AGONISTS,US;WO,False
34978854,US-20090263320-A1,Cytarabine,Peptide-Based Compounds,US,False
41215383,US-20090269798-A1,Cytarabine,METHOD AND SYSTEM FOR SELECTING CHEMOTHERAPEUTIC AGENTS,US,False
39766788,US-20090275099-A1,Cytarabine,Methods and compositions for treating diseases and conditions associated with mitochondrial function,EP;US;WO,False
46123485,US-7615223-B2,Cytarabine,Selected immunoconjugates for binding to aminophospholipids,US,False
40940448,CA-2722992-A1,Cytarabine,SEQUENTIAL ADMINISTRATION OF CHEMOTHERAPEUTIC AGENTS FOR TREATMENT OF CANCER,CA;EP;JP;MX;US;WO,False
41134520,AU-2009244267-A1,Cytarabine,Enhancement of drug therapy by miRNA,AU;CA;CN;EP;IN;JP;US;WO,False
4169857,US-20090286865-A1,Cytarabine,POTENTIATOR OF ANTITUMORAL AGENTS IN THE TREATMENT OF CANCER,AU;CA;EP;JP;US;WO,False
39800619,EP-2123305-A1,Cytarabine,Linear self-eliminating oligomers,AT;EP;US;WO,False
40996797,WO-2009142754-A1,Cytarabine,DENDRITIC CONJUGATES AND METHODS OF USE,WO,False
22953540,EP-1349841-B1,Cytarabine,ANILINOPYRIMIDINE DERIVATIVES AS IKK INHIBITORS AND COMPOSITIONS AND METHODS RELATED THERETO,AT;AU;CA;DE;EP;JP;US;WO,False
38694431,US-20090298071-A1,Cytarabine,METHOD FOR TESTING DRUG SENSITIVITY IN SOLID TUMORS BY QUANTIFYING MRNA EXPRESSION IN THINLY-SLICED TUMOR TISSUE,CN;EP;JP;US;WO,False
37658836,US-20090306101-A1,Cytarabine,COMBINATION TREATMENT OF CANCER COMPRISING EGFR/HER2 INHIBITORS,CA;CY;DK;EP;ES;JP;PL;PT;SI;US;WO,True
41059974,WO-2009155052-A1,Cytarabine,"3-SUBSTITUTED-1H-PYRROLO[2,3-B]PYRIDINE AND 3-SUBSTITUTED-1H-PYRROLO[3,2-B]PYRIDINE COMPOUNDS, THEIR USE AS MTOR KINASE AND PI3 KINASE INHIBITORS, AND THEIR SYNTHESES",US;WO,False
41059606,WO-2009155042-A1,Cytarabine,"3-SUBSTITUTED-1H-INDOLE COMPOUNDS, THEIR USE AS MTOR KINASE AND PI3 KINASE INHIBITORS, AND THEIR SYNTHESES",CA;EP;JP;US;WO,False
38996721,US-20090317456-A1,Cytarabine,USE OF ONCOLYTIC VIRUSES AND ANTIANGIOGENIC AGENTS IN THE TREATMENT OF CANCER,EP;US;WO,False
36951510,US-7638558-B2,Cytarabine,Polymeric micelles for drug delivery,AT;AU;CA;DE;EP;ES;IL;IN;JP;KR;MX;NZ;US;WO,True
41091804,WO-2010000270-A1,Cytarabine,PRODRUG ACTIVATION THERAPY FOR THE TREATMENT OF MALIGNANT BRAIN TUMOURS,WO,False
41092196,US-20100003238-A1,Cytarabine,Modified hyaluronidases and uses in treating hyaluronan-associated diseases and conditions,AU;CA;CN;EP;HK;IL;IN;JP;KR;NZ;SG;US;WO,False
39941576,WO-2010007144-A2,Cytarabine,"NEW MUTATED NETRIN 4 PROTEINS, FRAGMENTS THEREOF AND THEIR USES AS DRUGS",CA;EP;US;WO,False
40394438,FR-2934266-A1,Cytarabine,DERIVES AZOTES DE LA PANCRATISTATINE,AR;AU;BR;CA;CL;CN;CO;EP;ES;FR;GE;HK;HU;ID;IL;IN;JP;KR;MA;MX;MY;NZ;PL;RU;TN;TW;US;VN;WO;ZA,True
40469973,WO-2010017827-A1,Cytarabine,"6-SUBSTITUTED 1-SULFONYL-2, 3-DIHYDRO-INDOLE DERIVATIVES FOR THE TREATMENT OF PROLIFERATIVE DISEASES",WO,False
41258259,WO-2010022252-A2,Cytarabine,DEVICE AND METHOD FOR DRUG EVALUATION AND LOCAL TREATMENT,CA;EP;JP;US;WO,False
39253946,US-20100048559-A1,Cytarabine,"PYRIDO(3,2-d)PYRIDMIDINES USEFUL FOR TREATING VIRAL INFECTIONS",US;WO,False
22244263,US-20100056643-A1,Cytarabine,CHEMICALLY INDUCED INTRACELLULAR HYPERTHERMIA,AU;CA;DK;EP;MX;SI;US;WO,False
41725787,US-20100055167-A1,Cytarabine,STEM CELL DELIVERY OF ANTI-NEOPLASTIC MEDICINE,CN;US,False
41263669,WO-2010030967-A1,Cytarabine,"4-ARYLOXYQUINOLIN-2(1H)-ONES AS MTOR KINASE AND PI3 KINASE INHIBITORS, FOR USE AS ANTI-CANCER AGENTS",US;WO,False
42039820,WO-2010033466-A1,Cytarabine,MACROCYCLIC INHIBITORS OF HEPATITIS C PROTEASE,WO,False
41786279,WO-2010032248-A2,Cytarabine,MULTIFUNCTIONAL ALBUMIN CONJUGATES,WO,False
39674532,US-20100076544-A1,Cytarabine,BIODEGRADABLE VASCULAR SUPPORT,AU;BR;CA;CN;EP;ES;IL;IN;JP;KR;MX;PL;RU;US;WO,True
39669914,US-20100076542-A1,Cytarabine,COATED EXPANDABLE SYSTEM,BR;DE;EP;IN;RU;US;WO,False
34632749,EP-2168603-A1,Cytarabine,Therapeutic regimen for treating cancer,AT;CA;DE;EP;ES;JP;US;WO,True
22256941,EP-1104290-B1,Cytarabine,MICROEMULSIONS AS SOLID DOSAGE FORMS FOR ORAL ADMINISTRATION,AT;AU;CA;DE;EP;ES;JP;US;WO,True
41800634,WO-2010035262-A2,Cytarabine,HERBAL FORMULATIONS,EP;ES;IL;PL;PT;US;WO,True
41469541,WO-2010037402-A1,Cytarabine,MOLECULAR VACCINES FOR INFECTIOUS DISEASE,US;WO,False
41479174,WO-2010037395-A2,Cytarabine,MHC MULTIMERS IN CANCER VACCINES AND IMMUNE MONITORING,EP;US;WO,False
39539636,US-20100093609-A1,Cytarabine,PRODRUGS OF TRICIRIBINE AND TRICIRIBINE PHOSPHATE,US;WO,False
42263716,IL-174492-A,Cytarabine,"BIOCOMPATIBLE, BIOSTABLE COATING OF MEDICAL SURFACES",AP;AT;AU;BR;CA;CN;DE;EA;EP;ES;HK;IL;IN;JP;KR;MX;NZ;OA;PL;VN;WO;ZA,True
29709792,US-7700615-B2,Cytarabine,Cell migration inhibiting compositions and methods and compositions for treating cancer,AU;EP;JP;US;WO,False
39759384,US-20100104567-A1,Cytarabine,PHARMACEUTICAL COMPOSITION,CA;CN;EP;JP;KR;TW;US;WO,False
33490730,US-7709477-B2,Cytarabine,Methods for treating cancer,AT;AU;BR;CA;CN;CY;DK;EP;ES;HK;HR;IL;IN;JP;KR;MX;NO;NZ;PL;PT;RU;SI;US;WO;ZA,True
42132159,US-20100113328-A1,Cytarabine,Targeted delivery to legumain-expressing cells,US,False
38809393,US-7713986-B2,Cytarabine,Compounds and methods for treatment of chemotherapy-induced anemia,JP;US;WO,False
35395815,AU-2008203509-B2,Cytarabine,Methods and compositions for the treatment of uveitis,AT;AU;CA;CN;DE;EP;IN;JP;MX;US;WO,False
42170348,WO-2010056932-A1,Cytarabine,PULSATILE DOSING OF GOSSYPOL FOR TREATMENT OF DISEASE,US;WO,False
39579886,US-20100124544-A1,Cytarabine,CRYSTALLINE FORMS OF DIHYDROPYRAZOLOPYRIMIDINONE,EP;ES;JP;US;WO,True
46322521,US-7727720-B2,Cytarabine,Methods for detection of genetic disorders,US,False
41821645,WO-2010065711-A1,Cytarabine,AN ABCB5 EPITOPE AND ANTIBODIES THERETO FOR THE TREATMENT OF CANCER,WO,False
38834458,US-20100143499-A1,Cytarabine,DIMERIC IAP INHIBITORS,US;WO,False
42231334,US-20100143354-A1,Cytarabine,TRIAZINE DNA MODIFIERS,US,False
39536884,US-20100143340-A1,Cytarabine,METHODS AND COMPOSITIONS FOR TREATING CANCER,EP;HK;US;WO,False
42231326,US-20100143296-A1,Cytarabine,PODOPHYLLOTOXIN INHIBITORS OF TOPOISOMERASE II,US;WO,False
42231325,US-20100143295-A1,Cytarabine,QUINAZOLINE INHIBITORS OF EGFR TYROSINE KINASE,US,False
42240812,WO-2010068920-A2,Cytarabine,DIAMINOQUINAZOLINE INHIBITORS OF DIHYDROFOLATE REDUCTASE,US;WO,False
39343685,US-20100152284-A1,Cytarabine,PREVENTION AND REVERSAL OF CHEMOTHERAPY-INDUCED PERIPHERAL NEUROPATHY,AU;CA;EP;US;WO,False
39511117,US-20100150863-A1,Cytarabine,HYDROXY METHYL PHENYL PYRAZOLYL UREA COMPOUND USEFUL IN TREATMENT OF CANCER,AT;CA;EP;ES;HK;JP;US;WO,True
37667162,US-20100159012-A1,Cytarabine,Conjugates of Therapeutically Active Compounds,AU;CA;CN;EP;IL;IN;JP;KR;US;WO,False
37963130,US-20100172851-A1,Cytarabine,Hydroxy-oligocarboxylic esters: effects on nerve and use for cutaneous and mucocutaneous organs or sites,AU;CA;CN;EP;HK;JP;US;WO,False
42340299,WO-2010083385-A2,Cytarabine,COMPOUNDS FOR REDUCING DRUG RESISTANCE AND USES THEREOF,US;WO,False
42340291,WO-2010083337-A2,Cytarabine,COMPOSITE NANOSTRUCTURES AND METHODS FOR MAKING AND USING THEM,US;WO,False
39766762,US-20100184706-A1,Cytarabine,"FAP-ACTIVATED CHEMOTHERAPEUTIC COMPOUNDS, AND METHODS OF USE THEREOF",US;WO,False
40579437,EP-2213673-A1,Cytarabine,PYRIDONE-SUBSTITUTED-DIHYDROPYRAZOLOPYRIMIDINONE DERIVATIVE,AU;CA;EP;JP;US;WO,False
37595567,US-20100203149-A1,Cytarabine,Nanoparticles for Cytoplasmic Drug Delivery to Cancer Cells,US;WO,False
42560102,US-20100209388-A1,Cytarabine,Nutraceutical composition and method of use for treatment / prevention of cancer,US,False
42631151,US-20100215644-A1,Cytarabine,ANALYSIS OF NODES IN CELLULAR PATHWAYS,US,False
45349276,US-20110065639-A1,Cytarabine,COMPOSITIONS AND METHODS FOR VISUALIZING AND ELIMINATING CANCER STEM CELLS,AU;CA;CN;EP;HK;IL;IN;JP;KR;US;WO,False
43730776,US-20110064653-A1,Cytarabine,Class I Anti-CEA Antibodies and Uses Thereof,CA;CN;EP;IN;US;WO,False
40823581,US-20110071100-A1,Cytarabine,"SULFOBETAINES FOR CANCER, OBESITY, MACULAR DEGENERATION, NEURODEGENERATIVE DISEASES",CA;EP;IL;IN;US;WO,False
41136781,US-20110070232-A1,Cytarabine,Combination Therapy with an Antitumor Alkaloid,AU;CA;CN;EP;HK;IL;IN;JP;KR;MX;NZ;RU;US;WO,False
36336885,EP-2301586-A1,Cytarabine,Promoters exhibiting endothelial cell specificity and methods of using same for regulation of angiogenesis,AT;AU;CA;CN;EP;HK;IL;IN;JP;KR;MX;NZ;SG;US;WO;ZA,False
43796408,WO-2011037433-A2,Cytarabine,USE OF A QUINOLONE DERIVATIVE CONTAINING 7-(4-AMINOMETHYL-3-OXIME)PYRROLIDINE GROUP THAT IS CAPABLE OF INDUCING GRANULOCYTE COLONY STIMULATING FACTOR FOR TREATMENT OF NEUTROPENIA AND RECOVERY OF HEMATOPOIESIS,AR;KR;TW;UY;WO,False
43781064,US-20110077414-A1,Cytarabine,PHOSPHATE-CONTAINING NANOPARTICLE DELIVERY VEHICLE,TW;US,False
39563941,US-20110076319-A1,Cytarabine,BIORESORBABLE METAL STENT WITH CONTROLLED RESORPTION,BR;DE;EP;IN;RU;US;WO,False
45020751,MY-143207-A,Cytarabine,"BIOCOMPATIBLE, BIOSTABLE COATING OF MEDICAL SURFACES",MY,False
43826691,WO-2011041784-A1,Cytarabine,METHODS FOR DIAGNOSING AND TREATING CANCER,US;WO,False
39661432,US-7928202-B2,Cytarabine,Targeting ABCB5 for cancer therapy,AU;CA;CY;DK;EP;ES;HK;HR;HU;JP;LT;PL;PT;SI;US;WO,True
41090463,US-20110091420-A1,Cytarabine,Injectable Sustained-Release Pharmaceutical Formulation and the Preparation Method Thereof,CN;US;WO,False
37073534,US-20110091016-A1,Cytarabine,POTENTIATOR FOR RADIATION THERAPY COMPRISING PYRIDINE DERIVATIVE AS ACTIVE INGREDIENT,AU;BR;CA;CN;EP;HK;JP;KR;NZ;RU;TW;US;WO,False
42675288,US-7932294-B2,Cytarabine,Prodrugs containing novel bio-cleavable linkers,AR;AT;AU;BR;CA;CN;DE;EP;HK;IL;IN;JP;KR;MX;NZ;RU;TW;US;WO,False
41114237,US-20110097724-A1,Cytarabine,Detection of Head and Neck Cancer Using Hypermethylated Gene Detection,CA;EP;US;WO,False
40580334,US-20110097340-A1,Cytarabine,FULLY HUMAN ANTI-VEGF ANTIBODIES AND METHODS OF USING,AR;CA;CN;EP;HK;JP;MX;PE;RU;US;WO,False
42244555,CA-2777927-A1,Cytarabine,INHIBITORS OF GUANINE EXCHANGE FACTORS AND THEIR USE AS ANTICANCER DRUGS,CA;JP;US;WO,False
37075591,NZ-563678-A,Cytarabine,Synergistic modulation of FLT3 kinase using 4-cyano-1H-imidazole-2-carboxylic acid{2-cyclohex-1-enyl-4-[1-(2-dimethylamino-acetyl)-piperidin-4-yl]-phenyl}amide and a farnesyl transferase inhibitor,AU;BR;CA;CN;EP;JP;KR;NZ;US;WO,False
38655640,US-7935708-B2,Cytarabine,Dihydropyrazolopyrimidinone derivatives,AR;AT;AU;BR;CA;CN;CR;CY;DE;DK;DO;EC;EP;ES;GT;HK;HN;HR;HU;IL;IN;JP;KR;LT;MA;MT;MX;MY;NO;NZ;PE;PL;PT;RU;SI;SV;TW;UA;US;VN;WO;ZA,True
43247907,US-20110104695-A1,Cytarabine,METHODS OF PREDICTING THERAPEUTIC EFFICACY OF CANCER THERAPY,EP;US,False
43970351,WO-2011057064-A1,Cytarabine,IGF1R INHIBITOR BASED TREATMENT OF PROSTATE CANCER,WO,False
43431913,WO-2011056764-A1,Cytarabine,"ISOTOPICALLY ENRICHED OR FLUORINATED IMIDAZO[2,1-B][1,3]BENZOTHIAZOLES",WO,False
41417300,US-20110110886-A1,Cytarabine,SMALL MOLECULE INHIBITORS OF AUTOTAXIN AND METHODS OF USE,US;WO,False
38997674,US-20110110885-A1,Cytarabine,"Bioactive Depside and Anthocyanin Compounds, Compositions, and Methods of Use",US;WO,False
23288179,CA-2463626-C,Cytarabine,PIPERIDINE- AND PIPERAZINEACETAMINES AS 17BETA-HYDROXYSTEROID DEHYDROGENASE TYPE 3 INHIBITORS FOR THE TREATMENT OF ANDROGEN DEPENDENT DISEASES,AR;AT;AU;CA;CN;DE;EP;ES;HK;JP;MX;MY;PE;US;WO,True
44065909,US-20110130374-A1,Cytarabine,Small Pyrimidine Derivatives and Methods of Use Thereof,AU;CA;CN;EA;EP;IL;IN;JP;KR;MX;US;WO,False
44115263,WO-2011068865-A1,Cytarabine,MICRO-RNA-101 PROMOTES ESTROGEN-INDEPENDENT GROWTH AND CONFERS TAMOXIFEN RESISTANCE IN ER-POSITIVE CANCER CELLS,WO,False
44115573,WO-2011077245-A2,Cytarabine,COMPOSITIONS,WO,False
38698851,US-20110159111-A1,Cytarabine,PHARMACEUTICAL COMBINATIONS,EP;JP;US;WO,False
39588592,US-7977336-B2,Cytarabine,Aminopyrimidine derivatives as PLK1 inhibitors,AR;AU;BR;CA;CL;CN;CO;CR;EC;EP;GC;GT;HK;ID;IL;IN;JP;KR;MA;MX;MY;NO;NZ;PE;RU;SV;TW;UA;US;VN;WO,False
34929540,EP-1797096-B1,Cytarabine,PYRAZOLOPYRIMIDINES AS INHIBITORS OF PROTEIN KINASE B (AKT),AT;AU;CA;EP;ES;JP;US;WO,True
42039845,US-20110189297-A1,Cytarabine,STABLE SOLID ORAL DOSAGE CO-FORMULATIONS,CA;EP;US;WO,False
26246292,US-7994134-B2,Cytarabine,Peptide-based compounds,AU;BR;CA;CN;EM;EP;ES;HK;HU;IL;IN;JP;KR;MX;NO;NZ;PL;RU;US;WO,True
44353901,US-20110195066-A1,Cytarabine,QUINOLINE INHIBITORS OF TYROSINE KINASE,US,False
23082337,US-20110195046-A1,Cytarabine,ERYTHROPOIETIN AMELIORATES CHEMOTHERAPY-INDUCED TOXICITY IN VIVO,AT;AU;BR;CA;CN;DE;DK;EP;ES;HK;HU;IL;JP;KR;MX;NO;NZ;PL;PT;RU;US;WO;ZA,True
41035593,DE-202010017248-U1,Cytarabine,Schellack- und paclitaxelbeschichtete Katheterballone,BR;CN;DE;EP;US;WO,False
39189099,US-8007991-B2,Cytarabine,"Three-dimensional physiological matrices for oncological testing, and methods for their production and use",US,False
37845244,IL-190805-A,Cytarabine,USE OF A COMBINATION OF HERCEPTIN AND CCI-779 OR HKI-272 IN THE PREPARATION OF A MEDICAMENT FOR TREATING A NEOPLASM,AR;AU;BR;CA;CN;CR;EC;EP;HK;IL;IN;JP;KR;MY;NO;PE;RU;TW;US;VN;WO,False
44476668,CA-2790199-A1,Cytarabine,TRIMETHOXYPHENYL INHIBITORS OF TYROSINE KINASE,AU;BR;CA;CN;EP;IN;JP;KR;US;WO,False
42288375,US-20110217377-A1,Cytarabine,Long Circulating Nanoparticles for Sustained Release of Therapeutic Agents,EA;EP;ES;JP;US;WO,True
44531547,US-20110217363-A1,Cytarabine,TWO-STEP TARGETED TUMOR THERAPY WITH PRODRUG ENCAPSULATED IN NANOCARRIER,US,False
44080275,WO-2011108955-A1,Cytarabine,"MULTI -TARGETING SYSTEM COMPRISING A NANOCARRIER, NUCLEIC ACID(S) AND NON-NUCLEIC ACID BASED DRUG(S)",WO,False
44201866,WO-2011113879-A1,Cytarabine,"ENHANCED FOLIC ACID FLUORESCENT MATERIAL, MULTIFLUORESCENT POROUS COMPOSITIONS OF MATTER AND POTENTIAL APPLICATIONS THEREOF.",CN;EP;US;WO,False
44712832,WO-2011123524-A2,Cytarabine,MACROLIDE INHIBITORS OF MTOR,US;WO,False
39314319,EP-2023926-B1,Cytarabine,PYRIDONECARBOXAMIDE DERIVATIVES USEFUL IN TREATING HYPER-PROLIFERATIVE AND ANGIOGENESIS DISORDERS,AT;CA;EP;JP;US;WO,False
44799025,WO-2011130498-A1,Cytarabine,MICRORNAS THAT CHEMOSENSITIZE THE APOPTOTIC EFFECT OF 17-AAG,WO,False
42245162,WO-2011128629-A2,Cytarabine,LIPID-VECTORED DRUG COMPOSITIONS,GB;WO,False
39808707,EP-2136788-B1,Cytarabine,CANCER CELL TARGETING USING NANOPARTICLES,AT;CA;DK;EA;EP;ES;JP;PL;PT;SI;US;WO,True
42782052,EP-2382993-A1,Cytarabine,Combination of drugs with protein-binding prodrugs,AU;BR;CA;CN;EA;EP;IN;JP;KR;US;WO,False
44904477,WO-2011140334-A2,Cytarabine,"COMPOUNDS, METHODS OF MAKING OR IDENTIFYING COMPOUNDS, AND USES THEREOF",WO,False
41669217,US-20110274661-A1,Cytarabine,Attentuated Herpesvirus Encoding a Mek Pathway Polypeptide,US;WO,False
39157918,EP-2139482-B1,Cytarabine,TREATMENT FOR MULTIPLE MYELOMA,AT;AU;CA;CN;EA;EP;ES;HK;IL;IN;JP;KR;MX;US;WO,True
44628459,WO-2011143425-A2,Cytarabine,COMPOUNDS USEFUL AS INHIBITORS OF ATR KINASE,EP;JP;US;WO,False
44628458,WO-2011143423-A2,Cytarabine,COMPOUNDS USEFUL AS INHIBITORS OF ATR KINASE,EP;JP;US;WO,False
44070523,WO-2011143399-A1,Cytarabine,COMPOUNDS USEFUL AS INHIBITORS OF ATR KINASE,EP;JP;US;WO,False
44992046,CA-2927832-A1,Cytarabine,CYCLODEXTRIN-CONTAINING POLYMER-THERAPEUTIC AGENT CONJUGATES AND THEIR USE,AU;CA;CN;EA;EP;HK;IL;IN;JP;MX;US;WO,False
40328303,EP-2217231-B1,Cytarabine,USE OF 3-(INDOLYL)- OR 3-(AZAINDOLYL)-4-ARYLMALEIMIDE DERIVATIVES IN LEUKEMIA MANAGEMENT,AT;AU;CA;EP;IN;JP;US;WO,False
45022307,US-20110293511-A1,Cytarabine,SPECIFIC BINDING PROTEINS AND USES THEREOF,US,False
33556401,US-8071645-B2,Cytarabine,"Systems and methods for treating human inflammatory and proliferative diseases and wounds, with fatty acid metabolism inhibitors and/or glycolytic inhibitors",AU;CA;EP;US;WO,False
44533060,WO-2011153197-A1,Cytarabine,"HYDROXYPYRIDONE DERIVATIVES, PHARMACEUTICAL COMPOSITIONS THEREOF, AND THEIR THERAPEUTIC USE FOR TREATING PROLIFERATIVE DISEASES",AU;CA;CN;EP;HK;IN;JP;MX;US;WO,False
38092777,US-20110300147-A9,Cytarabine,"Inhibiting tumor cell invasion, metastasis and angiogenesis",CN;EP;US;WO,False
45067343,CA-2801588-A1,Cytarabine,GENE EXPRESSION SIGNATURE AS A PREDICTOR OF CHEMOTHERAPEUTIC RESPONSE IN BREAST CANCER,CA;IL;US;WO,False
45352791,US-20110318429-A1,Cytarabine,Uses of an Immunomodulatory Protein (GMI) from Ganoderma Microsporum,TW;US,False
32469509,US-8088605-B2,Cytarabine,Exopolysaccharides delivery system for active molecules,AU;CA;EP;HK;US;WO,False
42666255,EP-2401408-A2,Cytarabine,OVARIAN CANCER METHYLOME,EP;US;WO,False
45439024,US-20120010229-A1,Cytarabine,THERAPEUTIC REGIMENS FOR HEDGEHOG-ASSOCIATED CANCERS,US;WO,False
39247683,US-8101773-B2,Cytarabine,Hydroxy methyl phenyl pyrazolyl urea compounds useful in the treatment of cancer,AT;AU;CA;CN;DE;DK;EP;ES;HK;IL;IN;JP;MX;SI;US;WO,True
40189235,US-8101740-B2,Cytarabine,Positron emission tomography probes for imaging immune activation and selected cancers,AU;CA;CN;EP;ES;KR;US;WO,True
45493806,CA-2806058-A1,Cytarabine,ADVERSE SIDE-EFFECTS ASSOCIATED WITH ADMINISTRATION OF ANTI-HYALURONAN AGENTS AND METHODS FOR AMELIORATING OR PREVENTING THE SIDE-EFFECTS,CA;DK;EP;ES;HK;IL;JP;KR;MX;US;WO,True
44227860,US-20120027874-A1,Cytarabine,COMPOUNDS USEFUL AS INHIBITORS OF ATR KINASE,AU;CA;CN;EP;HK;IL;IN;JP;KR;MX;NZ;RU;SG;US;WO;ZA,False
35589591,US-8110676-B2,Cytarabine,Prodrugs activated by RNA-dependent DNA-polymerases,AU;CA;CN;EP;IN;IT;JP;US;WO,False
40345078,US-8129371-B2,Cytarabine,Thienopyrimidine and pyrazolopyrimidine compounds and their use as mTOR kinase and PI3 kinase inhibitors,AP;AR;AU;BR;CA;CL;CN;CO;CR;DO;EA;EC;EP;GC;ID;IL;IN;JP;KR;MA;MX;MY;NI;PA;PE;TN;TW;US;VN;WO;ZA,False
38163340,AU-2006324872-B2,Cytarabine,Pharmaceutical composition comprising at least one anticancer drug and at least one polymer,AR;AU;BR;CA;CN;CR;EA;EP;GC;IL;IN;JP;MA;MY;RS;TN;UA;US;WO;ZA,False
41061109,US-8134000-B2,Cytarabine,Imidazolyl pyrimidine inhibitor compounds,AU;CA;JP;NZ;US;WO,False
41698488,US-20120070410-A1,Cytarabine,IMIDAZOLOTHIAZOLE COMPOUNDS AND METHODS OF USE THEREOF,EP;JP;TW;US;WO,False
37943366,NZ-567151-A,Cytarabine,"Pyrazolo [1,5 -A] pyrimidine derivatives and their use for inhibiting Checkpoint kinases",AU;BR;CA;CN;EP;HK;JP;MX;NO;NZ;TW;US;WO;ZA,False
45893507,CA-2811747-A1,Cytarabine,"GENERATION, CHARACTERIZATION AND USES THEREOF OF ANTI-HER3 ANTIBODIES",AU;CA;EP;JP;WO,False
37054217,EP-2444099-A1,Cytarabine,Antibodies and related molecules that bind to 161P2F10B proteins,AU;BR;CA;CN;EP;HK;IL;IN;JP;KR;NO;NZ;RU;US;WO,False
22065597,EP-1030652-B1,Cytarabine,Production of multivesicular liposomes,AT;AU;CA;EP;ES;IL;JP;MX;NZ;US;WO,True
40445540,US-8168644-B2,Cytarabine,Quinazolinone derivatives as tubulin polymerization inhibitors,AT;AU;CA;EP;ES;JP;US;WO,True
25285594,EP-2450048-A2,Cytarabine,Compositions and methods for reestablishing gene transcription through inhibition of DNA methylation and histone deacetylase,AU;CA;EP;US;WO,False
38655643,AU-2007244183-B2,Cytarabine,Novel aminopyridine derivative having aurora-a-selective inhibitory activity,AU;CA;EP;ES;JP;US;WO,True
37742793,US-8178123-B2,Cytarabine,Method for augmentation of intraepithelial and systemic exposure of therapeutic agents having substrate activity for cytochrome P450 enzymes and membrane efflux systems following vaginal and oral cavity administration,US,False
43050494,US-20120121692-A1,Cytarabine,COMPOUNDS AND COMPOSITIONS COMPRISING CDK INHIBITORS AND METHODS FOR TREATING CANCER,CA;CN;EP;US;WO,False
43429466,US-20120128625-A1,Cytarabine,"COMPOUNDS, COMPOSITIONS, AND METHODS FOR PREVENTING METASTASIS OF CANCER CELLS",AU;BR;CA;CN;DK;EP;ES;HK;ID;IL;IN;JP;KR;MX;MY;NZ;PL;PT;RU;SG;TR;US;VN;WO;ZA,True
43365297,AU-2010300531-A1,Cytarabine,Methods for modulation of autophagy through the modulation of autophagy-inhibiting gene products,AU;BR;CA;CN;EP;HK;IN;JP;KR;MX;RU;US;WO,False
46146392,WO-2012071414-A2,Cytarabine,QUINOXALINE COMPOUNDS AND USES THEREOF,US;WO,False
46162455,US-20120141505-A1,Cytarabine,CD19-LIGAND AND USE,US,False
42536418,US-20120148663-A1,Cytarabine,LIPOPHILIC DRUG CARRIER,EP;US;WO,False
3823543,EP-1311267-B1,Cytarabine,A RETROVIRAL IMMUNOTHERAPY,AU;BR;CA;CN;DK;EP;ES;JP;NZ;PT;WO;ZA,True
21742493,CA-2443857-C,Cytarabine,BISPHOSPHONATE CONJUGATES AND METHODS OF MAKING AND USING THE SAME,AU;CA;EP;WO,False
35150409,US-20120164074-A1,Cytarabine,"METHODS OF DIAGNOSING, PREVENTING AND TREATING CANCER METASTASIS",US;WO,False
41707619,NZ-590500-A,Cytarabine,AZAINDOLE INHIBITORS OF IAP,AU;CA;CN;EA;EP;JP;NZ;US;WO,False
40281761,NZ-579288-A,Cytarabine,METHODS OF ACTIVATING IRS-1 AND AKT,AU;BR;CA;CN;EP;IL;IN;JP;MX;NZ;US;WO;ZA,False
46932772,TW-201226406-A,Cytarabine,A pharmaceutical composition for treating cancer,TW,False
46932561,TW-201225961-A,Cytarabine,Pharmaceutical compositions for treating a disease by inhibiting acetylcholine receptor activity,TW,False
45507675,WO-2012089768-A1,Cytarabine,"SYSTEM FOR THE RELEASE OF A THERAPEUTIC AGENT, PHARMACEUTICAL COMPOSITIONS CONTAINING IT, THE PREPARATION AND MEDICAL USE THEREOF",ES;WO,True
44144894,US-20120177748-A1,Cytarabine,COMPOUNDS USEFUL AS INHIBITORS OF ATR KINASE,AU;CA;CN;EP;HK;IN;JP;MX;NZ;US;WO,False
43759052,EP-2478066-A1,Cytarabine,BAB TRIBLOCK POLYMERS HAVING IMPROVED RELEASE CHARACTERISTICS,AU;BR;CA;CN;DK;EP;ES;HK;IN;JP;KR;MX;RU;WO,True
43544858,US-20120190638-A1,Cytarabine,METHODS OF TREATING HEMATOLOGIC CANCERS,US;WO,False
46873892,KR-20120088894-A,Cytarabine,A chemo-sensitizer composition comprising amurensin G showing potent SIRT1 enzyme inhibitor for treating or preventing cancer disease,KR,False
38509952,US-8247557-B2,Cytarabine,IAP inhibitors,AU;CA;CN;EP;IL;IN;JP;KR;NO;NZ;RU;US;WO;ZA,False
39272205,US-8247421-B2,Cytarabine,"5-cyano-4-(pyrrolo [2,3B] pyridine-3-yl)-pyrimidine derivatives useful as protein kinase inhibitors",AR;AU;CA;CN;EP;HK;IN;JP;KR;MX;NO;NZ;RU;TW;US;WO,False
42636110,US-8258316-B2,Cytarabine,Alkanoylamino benzamide aniline HDAC inhibitor compounds,AU;BR;CA;CN;EP;HK;IN;JP;KR;MX;NZ;US;WO,False
45873194,US-20120225062-A1,Cytarabine,NOVEL KINASE INHIBITORS,AR;CN;EP;JP;TW;US;UY;WO,False
45888442,US-20120225061-A1,Cytarabine,TETRASUBSTITUTED CYCLOHEXYL COMPOUNDS AS KINASE INHIBITORS,AR;CN;EP;JP;TW;US;UY;WO,False
36954754,AU-2006236637-B2,Cytarabine,Methods and compositions for treating or preventing cancer,AU;BR;CA;CN;EP;HK;JP;MX;NO;NZ;US;WO;ZA,False
46758286,WO-2012118978-A1,Cytarabine,METHODS FOR TREATING ONCOVIRUS POSITIVE CANCERS,WO,False
31499436,US-8263125-B2,Cytarabine,Dosage form for high dose-high solubility active ingredients that provides for immediate release and modified release of the active ingredients,US,False
39530835,EP-2125060-B1,Cytarabine,METHOD FOR LOADING STRUCTURED SURFACES,BR;DE;EP;IN;RU;US;WO,False
39233051,EP-2089711-B1,Cytarabine,METHODS AND COMPOSITIONS FOR DETECTING RECEPTOR LIGAND MIMETICS,AU;CA;CN;DK;EP;ES;JP;US;WO,True
45833501,WO-2012120423-A1,Cytarabine,PHARMACEUTICAL COMPOSITION FOR THE PREVENTION OR TREATMENT OF CANCERS,FR;WO,False
41610725,US-20120230991-A1,Cytarabine,METHODS AND COMPOUNDS FOR ENHANCING ANTI-CANCER THERAPY,US;WO,False
35657455,US-8268352-B2,Cytarabine,Modified release composition for highly soluble drugs,US,False
46084421,US-20120237502-A1,Cytarabine,METHOD FOR TREATING BREAST CANCER AND OVARIAN CANCER,AR;CA;CN;EP;JP;TW;US;UY;WO,False
39027649,US-8277807-B2,Cytarabine,Pharmaceutical combinations,EP;JP;US;WO,False
45004471,AU-2011257663-A1,Cytarabine,Coating of endoprostheses with a coating consisting of a tight mesh of polymer fibres,AU;BR;CA;CN;EP;IL;IN;JP;KR;MX;RU;SG;US;WO,False
43012515,HK-1165401-A1,Cytarabine,CYCLOALKYLCARBAMATE BENZAMIDE ANILINE HDAC INHIBITOR COMPOUNDS,AU;BR;CA;CN;EP;ES;HK;IN;JP;KR;MX;NZ;US;WO,True
44514154,EP-2508176-A1,Cytarabine,Novel combination treatment of cancer,EP;WO,False
44350566,CA-2832337-A1,Cytarabine,PYRIDOPYRAZINE DERIVATIVES AND THEIR USE,AR;AU;BR;BY;CA;CN;EP;ES;HK;IL;IN;JP;KR;MX;NZ;PH;PL;RU;SG;TW;US;WO;ZA,True
43086963,US-20120263714-A1,Cytarabine,SUBSTITUTED HALOPHENOXYBENZAMIDE DERIVATIVES,CA;CN;EP;HK;JP;US;WO,False
43087035,US-20120269803-A1,Cytarabine,SUBSTITUTED BENZOSULPHONAMIDES,CA;EP;US;WO,False
46178519,DE-102011100122-A1,Cytarabine,Katheterballon beschichtet mit Rapamycin und Schellack,BR;CN;DE;EP;IN;JP;US;WO,False
44202940,WO-2012146936-A1,Cytarabine,PYRROLNITRIN DERIVATIVES,GB;WO,False
38996791,AU-2007281037-B2,Cytarabine,Methods and compositions for promoting activity of anti-cancer therapies,AU;BR;CA;CN;EA;EP;ES;IN;JP;MX;TW;US;WO,True
42174254,EP-2197552-B1,Cytarabine,NOVEL TETRAHYDROFUSEDPYRIDINES AS HISTONE DEACETYLASE INHIBITORS,AU;CA;EP;IL;IN;JP;NZ;US;WO;ZA,False
41429539,US-20120294830-A1,Cytarabine,Soluble glycosaminoglycanases and methods of preparing and using soluble glycosaminoglycanases,US;ZA,False
47177305,CA-2834566-A1,Cytarabine,THERAPEUTIC ANTI-IGF1R COMBINATIONS,AU;CA;EP;JP;US;WO,False
43927629,MX-2012009215-A,Cytarabine,COMPOSITIONS AND METHODS FOR THE DIAGNOSIS AND TREATMENT OF TUMOR.,AR;AU;BR;CA;CL;CN;CO;CR;EC;EP;HK;ID;IL;IN;JP;KR;MA;MX;MY;NZ;PE;PH;RU;SG;TW;US;VN;WO;ZA,False
46172780,WO-2012160029-A1,Cytarabine,SUBSTITUTED TRIAZOLOPYRIDINES,WO,False
43544871,US-20120302629-A1,Cytarabine,BIOMARKERS FOR GOSSYPOL CHEMOTHERAPY AND METHODS OF TREATING DISEASE,US;WO,False
39364902,US-20120301431-A1,Cytarabine,METHODS OF TREATING A DISEASE OR CONDITION ASSOCIATED WITH ABNORMAL ANGIOGENESIS,AT;AU;BR;CA;CN;DK;EP;ES;HK;IL;IN;JP;KR;MX;MY;NO;NZ;PL;PT;RU;SI;US;WO,True
62142927,MD-20110040-A1,Cytarabine,"Inhibitors of human myeloid leukemia based on 2-[2-(pyridine-2-ilmethylidene)hydrazine]-1,3-benzothiazole and 2-[2-(1-pyridine-2-ilethylidene)hydrazine]-1,3-benzothiazole dihydrate",MD,False
47296432,WO-2012170640-A1,Cytarabine,METHODS AND COMPOSITIONS FOR TRAIL-DRUG COMBINATION THERAPY,WO,False
44357711,WO-2012168720-A1,Cytarabine,MATERIALS AND METHODS FOR TREATING ESTROGEN RECEPTOR α (ER) POSITIVE CANCER,GB;WO,False
47354241,US-20120323163-A1,Cytarabine,METHODS OF USING DUAL-EFFECT LIPOSOME IN THERAPY,TW;US,False
40940570,US-20120321591-A1,Cytarabine,ANTI-ANGIOGENIC COMPOUNDS,AR;AU;CA;CN;CO;EP;HK;ID;IL;IN;JP;KR;MY;NZ;RU;TW;US;WO;ZA,False
46384525,WO-2012178125-A1,Cytarabine,COMPOUNDS USEFUL AS INHIBITORS OF ATR KINASE,EP;JP;US;WO,False
46384524,WO-2012178123-A1,Cytarabine,COMPOUNDS USEFUL AS INHIBITORS OF ATR KINASE,EP;JP;US;WO,False
47422920,WO-2012177775-A1,Cytarabine,REAGENTS AND METHODS FOR BISPECIFIC ANTIBODY-BASED BINDING OF TARGET MOLECULES,CA;EP;US;WO,False
41258322,US-8344018-B2,Cytarabine,Oxindolyl inhibitor compounds,CA;EP;US;WO,False
42992676,US-8344007-B2,Cytarabine,Water-soluble polymer-based cantharimides as potentially selective anti-tumor agents,US;WO,False
46551869,WO-2013003507-A1,Cytarabine,MULTIFUNCTIONAL AGENTS,WO,False
41165275,EP-2266964-B1,Cytarabine,Acid-labile trigger units,AU;BR;CA;CN;EP;JP;US;WO,False
46513853,WO-2013006372-A1,Cytarabine,METHOD OF TREATING PATHOLOGIC HETEROTOPIC OSSIFICATION,EP;US;WO,False
46458548,WO-2013007273-A1,Cytarabine,BALLOON SURFACE COATING,EP;ES;JP;PL;PT;US;WO,True
44649832,US-20130017210-A1,Cytarabine,DISPLAY OF ANTIBODY FRAGMENTS ON VIRUS-LIKE PARTICLES OF RNA BACTERIOPHAGES,US;WO,False
42136570,US-20130022677-A1,Cytarabine,DELAYED PROLONGED DRUG DELIVERY,EP;GB;JP;US;WO,False
42136598,US-20130022676-A1,Cytarabine,PULSATILE DRUG RELEASE,DK;EP;ES;GB;HU;JP;NO;PL;PT;SI;TR;US;WO,True
47555896,CA-2842195-A1,Cytarabine,FTY720 INCREASES CD74 EXPRESSION AND SENSITIZES CANCER CELLS TO ANTI-CD74 ANTIBODY-MEDIATED CELL DEATH,CA;EP;US;WO,False
42983066,US-8361492-B2,Cytarabine,Drug delivery system and methods of use,CA;EP;US;WO,False
39184603,US-8367699-B2,Cytarabine,Tetrahydro-isoquinolines,US;WO,False
47629794,WO-2013019058-A2,Cytarabine,PHARMACEUTICAL COMPOSITION FOR INHIBITING CANCER RECURRENCE OR METASTASIS,KR;WO,False
44763531,EP-2555767-A2,Cytarabine,METHODS OF TREATMENT USING 3-BROMOPYRUVATE AND OTHER SELECTIVE INHIBITORS OF ATP PRODUCTION,EP;IL;JP;US;WO,False
46717823,US-20130039906-A1,Cytarabine,"PYRAZOLO[3,4-c]PYRIDINE COMPOUNDS AND METHODS OF USE",BR;CA;CN;EP;HK;JP;KR;MX;RU;US;WO,False
34107784,AU-2011201337-B2,Cytarabine,Fluoro substituted omega-carboxyaryl diphenyl urea for the treatment and prevention of diseases and conditions,AR;AU;BE;BR;CA;CL;CN;CR;CY;DE;DK;EA;EC;EP;ES;FR;HK;HR;HU;IL;IN;JP;KR;LU;MA;ME;MX;MY;NO;NZ;PL;PT;RS;SI;TN;TW;UA;US;VN;WO,True
45888489,US-20130064812-A1,Cytarabine,COMBINATION THERAPIES FOR HEMATOLOGIC MALIGNANCIES,AP;AR;AU;BR;CA;CL;CN;CO;CR;EA;EC;EP;HK;ID;IN;JP;KR;MA;MX;OA;PE;PH;SG;TW;US;UY;VN;WO,False
47880840,US-20130071323-A1,Cytarabine,THERAPIES FOR HEMATOLOGIC MALIGNANCIES,US,False
40847365,SG-188146-A1,Cytarabine,IMPLANTABLE PRODUCTS COMPRISING NANOPARTICLES,AU;BR;CA;CN;DE;DK;EP;ES;IL;IN;JP;KR;MX;PL;PT;RU;SG;US;WO,True
47019162,US-20130089625-A1,Cytarabine,Compounds Useful as Inhibitors of ATR Kinase,AR;AU;CA;CN;EP;HK;IL;IN;JP;KR;MX;TW;US;WO,False
47046591,WO-2013053918-A1,Cytarabine,DIAGNOSIS OF INTRAOCULAR LYMPHOMA,WO,False
35510259,EP-2583685-A1,Cytarabine,Method of administering and using VEGF inhibitors for the treatment of human cancer,AU;CA;CN;EP;HK;IL;JP;MX;US;WO,False
48141629,WO-2013059582-A2,Cytarabine,SMALL MOLECULE INHIBITORS OF HISTONE DEACTEYLASES,WO,False
47148913,US-20130102999-A1,Cytarabine,PLEURODESIS CATHETER WITH COATED AND SHIELDED TIP,AU;CA;EP;US;WO,False
37073533,US-20130101680-A1,Cytarabine,RADIOTHERAPY ENHANCER,AU;CA;CN;DE;EP;ES;HK;JP;KR;TW;US;WO,True
47115103,CA-2850245-A1,Cytarabine,PD-L1 BASED IMMUNOTHERAPY,BR;CA;CN;CY;DK;EP;ES;HK;HR;HU;JP;LT;PL;PT;SI;US;WO,True
44351817,EP-2585468-A1,Cytarabine,PYRROLO- PYRAZINE DERIVATIVES USEFUL AS INHIBITORS OF ATR KINASE,AU;CA;EP;JP;MX;NZ;US;WO,False
47115104,WO-2013060328-A1,Cytarabine,IKB BASED IMMUNOTHERAPY,WO,False
44279730,US-20130109682-A1,Cytarabine,CYCLIC ETHER COMPOUNDS USEFUL AS KINASE INHIBITORS,CN;EP;JP;US;WO,False
38776247,US-8435970-B2,Cytarabine,Pharmaceutical combinations of 1-cyclopropyl-3-[3-(5-morpholin-4-ylmethyl-1H-benzoimidazol-2-yl)-1H-pyrazol-4-yl]-urea,EP;JP;US;WO,False
38287183,US-20130116432-A1,Cytarabine,MODIFIED MACROMOLECULE,AU;CA;CN;EP;ES;HK;IN;JP;US;WO,True
47561678,US-20130116215-A1,Cytarabine,COMBINATION THERAPIES FOR TREATING NEUROLOGICAL DISORDERS,US;WO,False
44834475,US-20130115271-A1,Cytarabine,PREDICTORS OF PHARMACOKINETIC AND PHARMACODYNAMIC DISPOSITION OF CARRIER-MEDIATED AGENTS,EP;US;WO,False
48281205,WO-2013071214-A1,Cytarabine,SYNERGISTIC ANTI-CANCER ACTIVITY OF SR16388 WITH ANTI-MITOTIC DRUGS,US;WO,False
47222320,WO-2013071093-A1,Cytarabine,PYRAZINE COMPOUNDS USEFUL AS INHIBITORS OF ATR KINASE,EP;US;WO,False
38327855,US-20130122022-A1,Cytarabine,SEQUENCE OF STRO-1 ANTIBODY VARIABLE REGION,AU;CA;EP;US;WO,False
44904421,US-20130130376-A1,Cytarabine,"SCREENING METHODS, COMPOSITIONS IDENTIFIED THEREBY, TOOLS USEFUL FOR THE IDENTIFICATION THEREOF, AND CELL POPULATIONS PRODUCED THEREBY",CN;EP;US;WO,False
40129803,AU-2008262837-B2,Cytarabine,Bicycloaniline derivative,AU;CA;CN;CY;DK;EP;ES;HR;HU;IL;IN;JP;KR;LT;MX;NZ;PL;PT;RU;SI;US;WO;ZA,True
33303850,CA-2521649-C,Cytarabine,COMPOSITION AND USES OF GALECTIN ANTAGONISTS,AT;AU;CA;DE;EP;IN;JP;WO,False
40291143,EP-2321323-B1,Cytarabine,DIMERIC DERIVATIVES OF ARTEMISININ AND APPLICATION IN ANTI-CANCER THERAPY,EP;ES;FR;JP;PL;US;WO,True
36716634,US-8461308-B2,Cytarabine,Monoclonal antibodies against prostate specific membrane antigen (PSMA) lacking in fucosyl residues,AU;BR;CA;CN;EP;HK;IL;IN;JP;KR;MX;NO;NZ;RU;US;WO;ZA,False
39587995,EP-2604284-A1,Cytarabine,Receptor And Antigen Targeted Prodrug,EP;US;WO,False
38163479,EP-1963372-B1,Cytarabine,ANTI-MN ANTIBODIES AND METHODS OF USING THE SAME,AR;AU;BR;BY;CA;CN;CR;DO;EC;EP;ES;GT;HK;HN;IL;IN;JP;KR;MA;MX;MY;NZ;PE;RU;SG;TN;TW;US;UY;VN;WO;ZA,True
43223381,US-20130172261-A1,Cytarabine,USE OF 2 ANTI-SPARC ANTIBODIES TO PREDICT RESPONSE TO CHEMOTHERAPY,AU;BR;CA;CN;EP;ES;HK;IL;JP;KR;MX;US;WO;ZA,True
44526380,US-20130171105-A1,Cytarabine,CANCER THERAPY USING A COMBINATION OF A HSP90 INHIBITORY COMPOUND AND A TOPOISOMERASE II INHIBITOR,EP;US;WO,False
44651990,EP-2611804-A1,Cytarabine,NOVEL COMPOUNDS AND COMPOSITIONS FOR THE INHIBITION OF NAMPT,AU;BR;CA;CN;EP;IN;JP;KR;MX;MY;NZ;PH;RU;SG;TH;UA;US;VN;WO;ZA,False
44651991,EP-2611778-A1,Cytarabine,GUANIDINE COMPOUNDS AND COMPOSITIONS FOR THE INHIBITION OF NAMPT,AR;AU;BR;CA;CN;EP;IN;JP;KR;MX;RU;TW;US;WO,False
47633542,WO-2013103707-A1,Cytarabine,LIGAND-TARGETED MOLECULES AND METHODS THEREOF,EP;IN;JP;US;WO,False
48745381,WO-2013103614-A1,Cytarabine,"CRLF-2 BINDING PEPTIDES, PROTOCELLS AND VIRAL-LIKE PARTICLES USEFUL IN THE TREATMENT OF CANCER, INCLUDING ACUTE LYMPHOBLASTIC LEUKEMIA (ALL)",US;WO,False
44545889,US-20130183268-A1,Cytarabine,DRUG COMBINATIONS WITH FLUORO-SUBSTITUTED OMEGA-CARBOXYARYL DIPHENYL UREA FOR THE TREATMENT AND PREVENTION OF DISEASES AND CONDITIONS,CA;EP;JP;US;WO,False
36636946,US-8497297-B2,Cytarabine,Dimeric IAP inhibitors,AU;BR;CA;CN;CY;DK;EA;EP;ES;HK;IL;IN;JP;KR;MX;PL;US;WO,True
38845076,US-20130196929-A1,Cytarabine,SECRETED PROTEIN ACIDIC AND RICH IN CYSTEINE (SPARC) AS CHEMOTHERAPEUTIC SENSITIZERS,AU;CA;EP;ES;JP;US;WO,True
45810090,US-20130195988-A1,Cytarabine,VASCULAR EMBOLIZATION GELLING AGENT FOR SUSTAINED RELEASE OF DRUGS FOR TREATING TUMORS AND METHOD FOR PREPARING THE SAME,CN;JP;US;WO,False
44314214,US-20130202679-A1,Cytarabine,Targeted Particles Comprising Landscape Phage Fusion Proteins and Heterologous Nucleic Acid,US;WO,False
48947971,WO-2013119693-A1,Cytarabine,EMP2 REGULATES ANGIOGENESIS IN CANCER CELLS THROUGH INDUCTION OF VEGF,AU;CA;EP;JP;US;WO,False
48945736,US-20130209517-A1,Cytarabine,CANCER THERAPY,US,False
40262072,EP-2205244-B1,Cytarabine,"METHODS OF ADMINISTERING N-(5-TERT-BUTYL-ISOXAZOL-3-YL)-N&apos;-{4-[7-(2-MORPHOLIN-4-YL-ETHOXY-)IMIDAZO-[2,1-B]-[1,3]-BENZOTHIAZOL-2-YL]-PHENYL}UREA TO TREAT PROLIFERATIVE DISEASE",AR;AU;CA;CN;CY;DK;EP;ES;HR;IN;JP;KR;MX;PL;PT;SI;TW;US;WO,True
48984539,WO-2013122545-A1,Cytarabine,SYNERGISTIC COMBINATIONS FOR USE IN TREATING CANCER,WO,False
44483999,US-20130217871-A1,Cytarabine,CONJUGATES COMPRISING HYDROXYALKYL STARCH AND A CYTOTOXIC AGENT AND PROCESS FOR THEIR PREPARATION,EP;US;WO,False
47988875,EP-2630971-A1,Cytarabine,Combinations of albumin-based drug delivery systems,EP;US;WO,False
46024641,US-20130224795-A1,Cytarabine,IMMOBILIZATION METHOD OF BIOACTIVE MOLECULES USING POLYPHENOL OXIDASE,KR;US;WO,False
34468632,US-8524651-B2,Cytarabine,Method of therapy,AT;AU;BR;CA;CN;DE;DK;EP;ES;IL;JP;MX;NZ;PL;PT;RU;US;WO,True
49043173,US-20130231292-A1,Cytarabine,Synergistic anti-proliferation activity of TAS-108 with mTOR inhibitors against cancer cells,US;WO,False
49083329,WO-2013130943-A1,Cytarabine,ALKYL-AND DI-SUBSTITUTED AMIDO-BENZYL SULFONAMIDE DERIVATIVES,WO,False
38055210,CA-2669503-C,Cytarabine,COMPOUNDS AND METHODS FOR THIOL-CONTAINING COMPOUND EFFLUX AND CANCER TREATMENT,AU;CA;EP;US;WO,False
49161684,WO-2013138210-A1,Cytarabine,SUBSTITUTED CYCLIC COMPOUNDS AND METHODS OF USE,WO,False
49453798,KR-20130105066-A,Cytarabine,ANTICANCER COMPOSITION COMPRISING BACTERIAL PROTEOGLYCAN FROM RAHNELLA AQUATILIS,KR,False
46084451,EP-2640392-A2,Cytarabine,SUBSTITUTED 4-(SELENOPHEN-2(OR 3)-YLAMINO)PYRIMIDINE COMPOUNDS AND METHODS OF USE THEREOF,AU;BR;CA;CN;EP;HK;IN;JP;KR;RU;US;WO,False
49188557,CN-103319468-A,Cytarabine,取代的螺双环化合物及其使用方法和用途,CN,False
49212345,US-20130252945-A1,Cytarabine,AMORPHOUS BIOINORGANIC IONIC LIQUID COMPOSITIONS COMPRISING PHARMACEUTICALS,US,False
44903215,US-20130252922-A1,Cytarabine,SUBSTITUTED PHENOXYPYRIDINES,CA;CN;EP;HK;JP;US;WO,False
49260999,WO-2013148114-A1,Cytarabine,P300/CBP INHIBITORS AND METHODS OF USE,WO,False
43065164,US-20130261137-A1,Cytarabine,"Methods, Compounds and Compositions Relating to Activating a Latent Virus",EP;GB;US;WO,False
39642659,US-8552056-B2,Cytarabine,Biologically active taxane analogs and methods of treatment by oral administration,US;WO,False
48745524,WO-2013103424-A9,Cytarabine,SILK-BASED MULTIFUNCTIONAL BIOMEDICAL PLATFORM,US;WO,False
49632845,KR-20130111145-A,Cytarabine,COMPOSITION FOR TREATING EPSTEIN-BARR VIRUS-POSITIVE GASTRIC CANCER CONTAINING GANCICLOVIR AND GEMCITABINE,KR,False
45976769,EP-2649989-A1,Cytarabine,"Method for preparing a solid dispersion, solid dispersion obtained thereby and use thereof",EP,False
39926122,NZ-598890-A,Cytarabine,INHIBITORS OF IAP,AR;AU;BR;CA;CL;CN;EP;GC;HK;IL;IN;JP;KR;MX;MY;NZ;PE;RU;TW;US;WO;ZA,False
39638671,IL-203091-A,Cytarabine,Pyridazinone derivatives,AR;AU;BR;CA;CL;CN;CO;CY;DE;DK;EA;EC;EP;ES;FI;FR;HK;HR;HU;ID;IL;IN;JP;KR;LT;LU;MY;NL;NO;NZ;PE;PL;PT;SG;SI;TW;UA;US;WO;ZA,True
49550034,WO-2013166618-A1,Cytarabine,"PRODRUGS OF 4,9-DIHYDROXY-NAPHTHO[2,3-b]FURANS FOR CIRCUMVENTING CANCER MULTIDRUG RESISTANCE",WO,False
47595052,US-20130302275-A1,Cytarabine,"PH20 Polypeptide Variants, Formulations And Uses Thereof",AU;BR;CA;CN;CY;DK;EA;EP;ES;HK;HR;HU;IL;IN;JP;LT;MX;NZ;PL;PT;RS;SG;SI;SM;US;WO,True
44514663,US-20130310451-A1,Cytarabine,TRICYCLIC LACTONES FOR TREATMENT OF CANCER,CN;EP;ES;IN;JP;US;WO,True
46045121,AU-2012250050-A1,Cytarabine,Improved parenteral formulations of lipophilic pharmaceutical agents and methods for preparing and using the same,AR;AU;CA;CN;DK;EP;ES;HK;HU;IL;JP;MX;PL;TW;US;WO,True
43736585,EP-2665489-A1,Cytarabine,COMBINATION THERAPY FOR CANCER,CA;CN;EP;ES;GB;JP;US;WO,True
49624271,WO-2013177092-A1,Cytarabine,SUBSTITUTED ALKYNYL PYRIDINE COMPOUNDS AND METHODS OF USE,WO,False
49981191,KR-20130132236-A,Cytarabine,ANTIBODY-DRUG CONJUGATE FORMED THROUGH TRANSGLUTAMINASE AND USE THEREOF,KR;WO,False
49646410,CN-103420986-A,Cytarabine,取代的喹啉化合物及其使用方法和用途,CN,False
49673818,WO-2013180949-A1,Cytarabine,SUBSTITUTED QUINOLINE COMPOUNDS AND METHODS OF USE,WO,False
49670545,US-20130323314-A1,Cytarabine,Novel Nanoparticles of Lactoferrin Useful for Preparing a Pharmaceutical Composition Facilitating Easy Delivery of the Drug and a Process for Preparing the Same,IN;US,False
48570183,WO-2013182612-A1,Cytarabine,GLUCOSE TRANSPORT INHIBITORS,AR;UY;WO,False
50157856,TW-201350482-A,Cytarabine,Glucose transport inhibitors,TW,False
46673218,US-20130338092-A1,Cytarabine,COMPOUNDS AND METHODS FOR TARGETING LEUKEMIC STEM CELLS,US;WO,False
41255419,US-8613930-B2,Cytarabine,Cross-linkers and their uses,AU;BR;CA;CN;DK;EP;ES;HK;HR;HU;ID;IL;IN;JP;KR;LT;MO;MX;MY;NO;NZ;PL;PT;RU;SG;SI;UA;US;WO,True
42236293,EP-2676953-A1,Cytarabine,Hemifumarate Salt and Medical Indications,AR;AU;BR;CA;CL;CN;CO;CY;DK;EC;EP;ES;GC;HK;HR;HU;ID;IL;IN;JO;JP;KR;LT;MA;MX;MY;NZ;PE;PL;PT;RS;RU;SG;SI;TW;US;UY;WO;ZA,True
33102175,US-20130344027-A1,Cytarabine,MULTI-FUNCTIONAL POLYMERIC MATERIALS AND THEIR USES,US;WO,False
34375538,EP-1663223-B1,Cytarabine,THALIDOMIDE ANALOGS AS TNF-ALPHA MODULATORS,AU;BR;CA;CN;EP;JP;SG;US;WO,False
38092573,EP-1968607-B1,Cytarabine,TREATMENT OF CANCER AND OTHER DISEASES,CA;EP;US;WO,False
47845673,WO-2014008875-A1,Cytarabine,"CATHETER BALLOON, METHOD FOR PRODUCING A COATED CATHETER BALLOON AND USE OF THE PHARMACOLOGICAL ACTIVE INGREDIENT",WO,False
46799737,WO-2014013231-A1,Cytarabine,MATERIALS AND METHODS FOR TREATING PTEN MUTATED OR DEFICIENT CANCER,GB;WO,False
48949239,WO-2014018862-A1,Cytarabine,PHARMACEUTICAL COMPOSITIONS COMPRISING A HEAT SHOCK PROTEIN INHIBITOR AND A|PURINE DE NOVO SYNTHESIS INHIBITOR FOR TREATING RHEUMATOID ARTHRITIS OR CANCER,WO,False
50028436,WO-2014022128-A1,Cytarabine,PI3 KINASE MODULATORS AND METHODS OF USE,WO,False
50025671,US-20140037553-A1,Cytarabine,BACTERIUM-BASED MICROROBOT CAPABLE OF TARGETING CANCER TISSUE,KR;US,False
50265093,KR-20140015798-A,Cytarabine,EFFECTIVE ANTICANCER DRUGS AGAINST GEFITINIB-RESISTANT HUMAN LUNG CANCER CELLS COMPRISING THE DAPHNANE DITERPENOID COMPOUND,KR,False
50101468,WO-2014028595-A1,Cytarabine,DEUTERATED PONATINIB,US;WO,False
50101568,WO-2014028081-A2,Cytarabine,TREATMENT OF HEMATOLOGICAL NEOPLASMS,US;WO,False
49515425,WO-2014033630-A1,Cytarabine,NOVEL AMINOTHIAZOLE CARBOXAMIDES AS KINASE INHIBITORS,WO,False
38904713,EP-2049563-B1,Cytarabine,DIMERIC IAP ANTAGONISTS,AR;AU;BR;CA;CL;CN;EP;IL;IN;JP;KR;MX;NZ;US;WO;ZA,False
42112300,US-8673919-B2,Cytarabine,Dihydropyridin sulfonamides and dihydropyridin sulfamides as MEK inhibitors,AR;CA;CN;EP;ES;HK;JP;US;WO,True
46210321,EP-2706912-A2,Cytarabine,PROVIDING EVIDENCE WHETHER AN INTRAVASCULAR CONDUIT IS CORRECTLY POSITIONED,EP;IL;US;WO,False
26010364,US-8679520-B2,Cytarabine,Coating of stents for preventing restenosis,AT;AU;BR;CA;CN;DE;DK;EP;ES;IL;JP;KR;US;WO;ZA,True
39523741,US-8679473-B2,Cytarabine,"Non-pathogenic and/or attenuated bacteria capable of inducing apoptosis in macrophages, process of manufacturing and uses thereof",AR;CA;CN;EP;JP;KR;MX;TW;US;WO,False
47140010,US-20140088034-A1,Cytarabine,NITRIC OXIDE/cGMP PATHWAY INHIBITION OF VLA-4 RELATED CELL ADHESION,US;WO,False
36579187,CA-2624372-C,Cytarabine,MICROPARTICLES WITH MODIFIED RELEASE OF AT LEAST ONE ACTIVE PRINCIPLE AND ORAL GALENIC FORM COMPRISING SAME,CA;CN;EP;ES;FR;JP;US;WO,True
41016730,AU-2009219203-B2,Cytarabine,MicroRNA signatures associated with cytogenetics and prognosis in acute myeloid leukemia (AML) and uses thereof,AU;CA;CN;EP;JP;US;WO,False
35502839,US-8697031-B2,Cytarabine,Dual function polymer micelles,US;WO,False
49515501,WO-2014062856-A1,Cytarabine,HYPOXIA AND HYALURONAN AND MARKERS THEREOF FOR DIAGNOSIS AND MONITORING OF DISEASES AND CONDITIONS AND RELATED METHODS,US;WO,False
41650104,US-20140113005-A1,Cytarabine,COMPOUNDS USEFUL AS INHIBITORS OF ATR KINASE,AU;CA;CN;EP;HK;IL;IN;JP;KR;MX;NZ;RU;US;WO;ZA,False
46458614,EP-2723747-A1,Cytarabine,COMPOUNDS USEFUL AS INHIBITORS OF ATR KINASE,EP;JP;US;WO,False
27671080,EP-1478648-B1,Cytarabine,PHOSPHORUS-CONTAINING COMPOUNDS AND USES THEREOF,AU;BR;CA;CN;DK;EA;EP;ES;HK;IL;JP;KR;MX;PL;PT;US;WO,True
41061278,EP-2730581-A1,Cytarabine,Boronate ester compounds and pharmaceutical compositions thereof,AR;AU;BR;CA;CL;CN;CO;CR;CY;DK;DO;EA;EC;EP;ES;FI;GE;HK;HR;ID;IL;IN;JP;KR;MA;MO;MX;MY;NO;PE;PH;PL;PT;RS;SG;SI;TW;UA;US;VN;WO;ZA,True
50685150,WO-2014074715-A1,Cytarabine,CYCLOPROPYL AMIDE DERIVATIVES,WO,False
41507667,US-8734846-B2,Cytarabine,Methods for the preparation of targeting agent functionalized diblock copolymers for use in fabrication of therapeutic targeted nanoparticles,DK;EP;ES;HU;JP;PL;PT;SI;US;WO,True
50728139,WO-2014080291-A2,Cytarabine,BIARYL DERIVATIVES AS BROMODOMAIN INHIBITORS,US;WO,False
50728508,WO-2014080290-A2,Cytarabine,CYCLIC AMINES AS BROMODOMAIN INHIBITORS,US;WO,False
45724042,US-20140155458-A1,Cytarabine,Compositions and Methods for Treating Neoplasia,US;WO,False
48082767,AU-2012323937-A1,Cytarabine,Porous nanoparticle-supported lipid bilayers (protocells) for targeted delivery including transdermal delivery of cargo and methods thereof,AU;BR;CA;CN;EP;IL;JP;KR;MX;SG;US;WO,False
50883998,WO-2014089324-A1,Cytarabine,SUBSTITUTED CYCLIC COMPOUNDS AND METHODS OF USE,WO,False
46603354,US-20140162887-A1,Cytarabine,"METHODS OF USING GENE EXPRESSION SIGNATURES TO SELECT A METHOD OF TREATMENT, PREDICT PROGNOSIS, SURVIVAL, AND/OR PREDICT RESPONSE TO TREATMENT",AU;CA;EP;IL;US;WO,False
50977496,WO-2014094182-A1,Cytarabine,NON-REPLICATING VIRUS-DERIVED PARTICLES AND USES THEREOF,AU;BR;CA;CL;CN;EP;ES;HK;ID;IL;IN;JP;KR;MX;MY;NZ;PH;RU;SG;US;WO,True
47746903,EP-2747832-A1,Cytarabine,FORMULATIONS OF ACTIVE AGENTS FOR SUSTAINED RELEASE,CA;CN;EP;HK;JP;MO;US;WO,False
47996480,EP-2751088-A1,Cytarabine,COMPOUNDS USEFUL AS INHIBITORS OF ATR KINASE,EP;US;WO,False
33303040,US-8779171-B2,Cytarabine,Hydroxamates as therapeutic agents,AT;AU;BR;CA;CN;CY;DE;DK;EA;EP;ES;HK;HR;JP;KR;LV;MX;NO;NZ;PL;PT;SI;TW;UA;US;VN;WO,True
41396494,US-8778914-B2,Cytarabine,Bisphosphonate-prodrugs,BR;CN;EP;IN;US;WO,False
51207874,US-20140205655-A1,Cytarabine,OLIGOOXOPIPERAZINES FOR p53 REACTIVATION,AU;CA;CN;EP;IN;JP;US;WO,False
47558435,US-20140212479-A1,Cytarabine,INTRAPERITONEALLY-ADMINISTERED NANOCARRIERS THAT RELEASE THEIR THERAPEUTIC LOAD BASED ON THE INFLAMMATORY ENVIRONMENT OF CANCERS,AU;BR;CA;CN;EA;EP;IN;JP;US;WO,False
47996102,EP-2760457-A1,Cytarabine,METHODS AND PHARMACEUTICAL COMPOSITIONS FOR TREATING CANCER,EP;SG;US;WO,False
36588652,EP-1824470-B1,Cytarabine,METHOD FOR EXTENDING LIFESPAN AND DELAYING THE ONSET OF AGE-RELATED DISEASE,AU;CA;DK;EP;ES;IN;JP;US;WO,True
43220933,US-20140221222-A1,Cytarabine,MOLECULAR PROFILING OF TUMORS,US,False
51207878,US-20140220159-A1,Cytarabine,HYDROGEN-BOND SURROGATE PEPTIDES AND PEPTIDOMIMETICS FOR p53 REACTIVATION,EP;US;WO,False
49956483,US-20140227294-A1,Cytarabine,PROLACTIN RECEPTOR BINDING PROTEINS AND USES THEREOF,AU;BR;CA;CN;CY;DK;EP;ES;HK;HR;HU;IL;IN;JP;KR;LT;ME;MX;NO;PL;PT;RS;RU;SG;SI;TR;TW;US;WO;ZA,True
35542135,CA-2572707-C,Cytarabine,"ANNEXINS, DERIVATIVES THEREOF, AND ANNEXIN-CYS VARIANTS, AS WELL AS THERAPEUTIC AND DIAGNOSTIC USES THEREOF",AU;CA;DK;EP;ES;US;WO,True
50693714,WO-2014125465-A2,Cytarabine,METHOD FOR LOADING DILATABLE CATHERER BALLOONS AND DILATATION CATHETERS OBTAINED THEREFROM,IE;WO,False
47222321,EP-2776429-A1,Cytarabine,COMPOUNDS USEFUL AS INHIBITORS OF ATR KINASE,EP;US;WO,False
47192227,EP-2776421-A1,Cytarabine,COMPOUNDS USEFUL AS INHIBITORS OF ATR KINASE,EP;US;WO,False
47192226,EP-2776419-A1,Cytarabine,PYRAZINE COMPOUNDS USEFUL AS INHIBITORS OF ATR KINASE,EP;JP;US;WO,False
49877036,WO-2014143240-A1,Cytarabine,FUSED PYRAZOLOPYRIMIDINE DERIVATIVES USEFUL AS INHIBITORS OF ATR KINASE,EP;JP;US;WO,False
48699210,WO-2014141289-A1,Cytarabine,PHOTO - CHEMO COMPOSITION ON THE BASIS OF MICROCAPSULES WITH A CORE -SHELL STRUCTURE,WO,False
51580929,WO-2014151304-A1,Cytarabine,THERAPEUTIC METHODS AND COMPOSITIONS UTILIZING CYCLOHEXENONE COMPOUNDS,TW;US;WO,False
51569308,US-20140287044-A1,Cytarabine,FIBRIN SEALANT (FIBRINGLURAAS) CONSISTING OF A KIT OF LYOPHILIZED OR FROZEN HIGH CONCENTRATE FRIBINOGEN,US,False
41664138,AU-2009279924-B2,Cytarabine,Inhibitors of IAP,AU;CA;CN;EP;IN;JP;NZ;US;WO,False
51659074,WO-2014165136-A1,Cytarabine,CONSTANT VOLUME PREFILLED SYRINGES AND KITS THEREOF,US;WO,False
40885853,US-8859572-B2,Cytarabine,"Sulfone substituted 2,3-dihydroimidazo [1,2-C] quinazoline derivatives useful for treating hyper-proliferative disorders and diseases with angiogenesis",CA;EP;JP;US;WO,False
48290497,US-20140308342-A1,Cytarabine,REPROGRAMMING UROKINASE INTO AN ANTIBODY-RECRUITING ANTICANCER AGENT,US;WO,False
49033705,EP-2643030-B1,Cytarabine,BALLOON SURFACE COATING,EP;ES;JP;PL;US;WO,True
47006838,US-20140322355-A1,Cytarabine,HETEROCYCLIC MODULATORS OF LIPID SYNTHESIS,AR;TW;US,False
51844104,WO-2014179528-A2,Cytarabine,"COMPOSITIONS AND METHODS TO IMPROVE THE THERAPEUTIC BENEFIT OF SUBOPTIMALLY ADMINISTERED CHEMICAL COMPOUNDS INCLUDING SUBSTITUTED NAPHTHALIMIDES SUCH AS AMONAFIDE FOR THE TREATMENT OF IMMUNOLOGICAL, METABOLIC, INFECTIOUS, AND BENIGN OR NEOPLASTIC HYPERPROLIFERATIVE DISEASE CONDITIONS",US;WO,False
48577193,WO-2014177915-A1,Cytarabine,"CANCER COMBINATION THERAPY USING IMIDAZO[4,5-C]QUINOLINE DERIVATIVES",AR;TW;WO,False
48184221,WO-2014177178-A1,Cytarabine,USE OF FRAGMENTS OF NOV/CCN3 PROTEIN FOR TREATING PATHOLOGIES,WO,False
46330714,AU-2013255456-A1,Cytarabine,Method,AU;BR;CA;CN;EA;EP;GB;IN;JP;KR;SG;US;WO,False
51989364,CA-2913741-A1,Cytarabine,BET INHIBITION THERAPY FOR HEART DISEASE,CA;CN;EP;JP;US;WO,False
49584132,AU-2013263337-A1,Cytarabine,Tumor cell isolation/purification process and methods for use thereof,AU;BR;CA;CN;CO;CR;EP;HK;IL;IN;JP;KR;MX;SG;TW;US;WO,False
42536410,US-8906409-B2,Cytarabine,Acoustically sensitive drug delivery particles comprising non-lamellar forming phosphatidylcholine,EP;JP;US;WO,False
52458126,KR-20140140212-A,Cytarabine,Multilayered nanofibrous anti-adhesion membranes containing hydrophilic natural polymer and preparation method thereof,KR,False
52458957,KR-20140141505-A,Cytarabine,Pharmaceutical compositon for inhibiting fibrosarcoma metastases containing ketotifen,KR,False
51134450,WO-2014204988-A2,Cytarabine,5T4-TARGETED IMMUNOFUSION MOLECULE AND METHODS,CA;EP;JP;US;WO,False
101122492,US-20140377182-A1,Cytarabine,MULTICELLULAR COMPOSITIONS OF PLURIPOTENT HUMAN EMBRYONIC STEM CELLS AND CANCER CELLS,EP;IL;US;WO,False
51991681,KR-101477517-B1,Cytarabine,Anticancer agent-coated drug eluting covered stent and method thereof,KR,False
47710243,US-20150005252-A1,Cytarabine,COMBINATION THERAPY FOR THE TREATMENT OF CANCER,AU;CA;CN;EP;IL;IN;JP;US;WO,False
48984638,US-20150004157-A1,Cytarabine,OSTEOPONTIN ISOFORM A INHIBITORS AND METHODS OF USE,US;WO,False
50883928,US-20150004134-A1,Cytarabine,TREATMENT OF CANCER WITH HETEROCYCLIC INHIBITORS OF GLUTAMINASE,AU;BR;CA;CN;EA;EP;HK;IL;IN;JP;KR;MX;SG;US;WO;ZA,False
49081600,EP-2820018-A1,Cytarabine,AMIDO-BENZYL SULFONE AND SULFOXIDE DERIVATIVES,AU;CA;CN;EP;JP;SG;US;WO,False
45004403,US-20150010541-A1,Cytarabine,Macrocyclic Compounds Useful as Inhibitors of Histone Deacetylases,AU;BR;CA;CN;DK;EP;ES;HK;HU;IN;JP;KR;LT;MX;PL;PT;RU;US;WO,True
52280717,WO-2015006500-A2,Cytarabine,ENDOTHELIAL CELL GENES AND USES THEREOF,EP;US;WO,False
48407575,AU-2013257951-A1,Cytarabine,Use of compounds for the treatment of pain,AU;EP;JP;WO,False
43071846,US-8952178-B2,Cytarabine,Thiophene derivatives,AU;BR;CA;CN;EP;ES;IN;JP;KR;MX;RU;US;WO;ZA,True
40985963,US-8952056-B2,Cytarabine,Methods for inhibiting drug degradation,CA;EP;US;WO,False
52461989,WO-2015019193-A2,Cytarabine,ACYLATED DERIVATIVES OF PHLORIDZIN AND ISOQUERCETRIN AS ANTICANCER THERAPEUTICS AND METHODS OF USE THEREOF,WO,False
27663176,US-20150044230-A1,Cytarabine,"METHODS RELATED TO TIM 3, A TH1-SPECIFIC CELL SURFACE MOLECULE, FOR ACTIVATING ANTIGEN PRESENTING CELLS",AU;CA;EP;HK;JP;US;WO,False
53046525,KR-20150017912-A,Cytarabine,A composition comprising the extract of Morus alba L. for treating or preventing cancer disease,KR,False
43086904,US-8962606-B2,Cytarabine,Substituted benzosulphonamides,CA;CN;EP;HK;JP;US;WO,False
44369795,US-8962591-B2,Cytarabine,Compositions and methods for treating cancer,CA;EP;US;WO,False
49261146,US-20150056191-A1,Cytarabine,IGF1 BIOMARKER FOR IGF1R INHIBITOR THERAPY,EP;US;WO,False
52587364,WO-2015031759-A1,Cytarabine,METHODS AND COMPOSITIONS FOR RE-ACTIVATING EPSTEIN-BARR VIRUS AND SCREENING COMPOUNDS THEREFOR,US;WO,False
52583582,US-20150064250-A1,Cytarabine,Tamper-Resistant Pharmaceutical Dosage Forms,US;WO,False
52628860,WO-2015034729-A1,Cytarabine,SUBSTITUTED PYRIDINE COMPOUNDS AND METHODS OF USE,WO,False
46599095,AU-2011256902-B2,Cytarabine,Polymer coatings containing drug powder of controlled morphology,AU;CA;CN;EP;ES;HK;IN;JP;KR;PL;US;WO,True
43732510,US-8980263-B2,Cytarabine,Pharmaceutical composition comprising antibody composition which specifically binds to CCR4,AU;CA;EP;ES;JP;US;WO,True
51626167,CA-2922562-A1,Cytarabine,MODIFIED ANTI-EPIDERMAL GROWTH FACTOR RECEPTOR ANTIBODIES AND METHODS OF USE THEREOF,AU;BR;CA;CN;EA;EP;HK;ID;IL;IN;JP;KR;MX;SG;US;WO,False
49551481,EP-2850201-A2,Cytarabine,SITE-SPECIFIC LABELING AND TARGETED DELIVERY OF PROTEINS FOR THE TREATMENT OF CANCER,CA;EP;JP;US;WO,False
29559983,EP-1583772-B1,Cytarabine,"EMPLOYMENT OF ROTAVIRUS PROTEINS, DERIVED PROTEINS AND PEPTIDES FOR THE MODULATION OF TISSUE PERMEABILITY",AU;BR;CA;CN;EP;JP;KR;MX;US;WO,False
52742073,WO-2015043492-A1,Cytarabine,SUBSTITUTED UREA DERIVATIVES AND USES THEREOF IN MEDICINE,CN;WO,False
53033086,KR-20150037024-A,Cytarabine,A Composition comprising an extract of Ailanthus altissima for treating or preventing cancer disease,KR,False
40792133,EP-2857018-A1,Cytarabine,Treatment or prophylaxis of proliferative conditions,AU;CA;CN;EP;ES;GB;HK;IN;JP;KR;RU;US;WO,True
39168056,EP-2425840-B1,Cytarabine,Triazine derivatives and their therapeutical applications,AU;CA;CN;EP;ES;IN;JP;US;WO,True
48535765,US-20150110815-A1,Cytarabine,"DRUG CONJUGATE COMPRISING DRUG LINKED TO HUMAN C-MET ANTIBODY, AND USE THEREFOR",KR;US;WO,False
53038007,KR-20150046709-A,Cytarabine,Method of drug loading in cell-derived membrane vesicles by engineering parent cells with membrane fusogenic liposomes and drug delivery method using thereof,KR;WO,False
52826500,CA-2965114-A1,Cytarabine,IN VITRO MODEL FOR A TUMOR MICROENVIRONMENT,CA;EP;JP;US;WO,False
49083307,US-20150126374-A1,Cytarabine,HYPERMETHYLATED GENE MARKERS FOR HEAD AND NECK CANCER,US;WO,False
43429862,IN-2012DN00451-A,Cytarabine,Sparc antisense compositions and uses thereof,IN,False
46330386,EP-2874615-A1,Cytarabine,DEXANABINOL OR A DERIVATIVE THEREOF FOR USE IN THE TREATMENT OF CANCER IN DOSE RANGES OF 2-30 MG/KG,AU;CA;CN;EP;GB;JP;US;WO;ZA,False
49683547,WO-2015078799-A1,Cytarabine,GLUCOSE TRANSPORT INHIBITORS,WO,False
46895253,US-20150150893-A1,Cytarabine,ANDROGRAPHOLIDE ANALOGS AND THEIR USE FOR MEDICATION,CN;US;WO,False
49784041,US-20150150834-A1,Cytarabine,POLYENOLIC ZINC-BINDING AGENTS (PEZBINS) ACTIVELY PROMOTE INACTIVATION OF CANCER STEM CELLS AND POTENTIATE CYTOTOXIC ANTI-TUMOR DRUG SUBSTANCES,EP;US;WO,False
49877037,WO-2015084384-A1,Cytarabine,COMPOUNDS USEFUL AS INHIBITORS OF ATR KINASE,EP;JP;WO,False
43796224,US-20150157636-A1,Cytarabine,METHODS FOR TREATING VIRAL DISORDERS,US;WO,False
46932332,US-9056137-B2,Cytarabine,"Thermo-sensitive, mucoadhesive or dermoadhesive, and penetration-enhancing formulations for topical delivery of therapeutics",AU;BR;CA;CN;EP;HK;IN;JP;KR;RU;US;WO,False
52016084,WO-2015086593-A1,Cytarabine,COMPOUNDS TARGETING THE BFL-1 ANTI-APOPTOTIC PROTEIN AND USES THEREOF FOR THE TREATMENT OF CANCER,WO,False
53403844,IN-2013CH05858-A,Cytarabine,LYOPHILIZED COMPOSITIONS COMPRISING ISOMALT,IN;WO,False
43970340,AU-2010315126-B2,Cytarabine,"Compounds and methods for kinase modulation, and indications therefor",AR;AU;BR;CA;CL;CN;CO;CR;EA;EC;EP;ES;GC;HK;ID;IL;IN;JP;KR;MA;MX;MY;NZ;PE;PH;SG;TW;UA;US;UY;VN;WO,True
54197415,TW-201524969-A,Cytarabine,Glucose transport inhibitors,TW,False
50780589,WO-2015097242-A1,Cytarabine,NANOPARTICLES COMPRISING A HA/PLA DIBLOCK COPOLYMER,FR;WO,False
50101466,US-20150202321-A1,Cytarabine,COMPOSITIONS COMPRISING CHITOSAN-DRUG CONJUGATES AND METHODS OF MAKING AND USING THE SAME,US;WO,False
50101386,US-20150209379-A1,Cytarabine,TREATMENT OF PROSTATE CANCER AND HEMATOLOGIC NEOPLASMS,US;WO,False
53754637,US-20150219667-A1,Cytarabine,PRE-TRANSPLANT IgG REACTIVITY TO APOPTOTIC CELLS CORRELATES WITH LATE KIDNEY ALLOGRAFT LOSS,US,False
39523332,EP-2132178-B1,Cytarabine,JNK INHIBITORS,CA;CN;EP;HK;JP;MX;US;WO,False
46889006,US-20150231362-A1,Cytarabine,BALLOON SURFACE COATING FOR VALVULOPLASTY,CN;EP;ES;JP;PL;US;WO,True
50820072,US-20150231069-A1,Cytarabine,ORAL FORMULATIONS OF CHEMOTHERAPEUTIC AGENTS,CA;US,False
50001236,EP-2909202-A1,Cytarabine,COMPOUNDS USEFUL AS INHIBITORS OF ATR KINASE,EP;US;WO,False
53878993,WO-2015127172-A1,Cytarabine,THERAPEUTICALLY ACTIVE COMPOUNDS AND THEIR METHODS OF USE,WO,False
53881585,US-20150239974-A1,Cytarabine,HUMANIZED RFB4 ANTI-CD22 ANTIBODY,CA;CN;EP;IN;US;WO,False
50189535,EP-2913064-A1,Cytarabine,Branched drug-linker conjugates for the coupling to biological targeting molecules,EP,False
49170892,US-9134329-B2,Cytarabine,Compositions and methods for drug-sensitization or inhibition of a cancer cell,CA;EP;MX;US;WO,False
47115385,US-20150258202-A1,Cytarabine,ANTHOCYANIDIN COMPLEX FOR THE TREATMENT OF MULTIPLE MYELOMA,CA;CN;EP;HK;JP;KR;US;WO,False
47470025,HK-1202118-A1,Cytarabine,PIPERAZINYL DERIVATIVES FOR THE TREATMENT OF CANCER,AU;BR;CA;CN;EP;ES;FR;HK;HU;ID;IL;IN;JP;KR;NZ;PL;RU;SG;US;WO;ZA,True
40937121,US-9145461-B2,Cytarabine,Antibodies,CN;EA;EP;GB;IN;JP;US;WO,False
37757281,EP-1922094-B1,Cytarabine,DEVICES FOR LYMPHATIC TARGETING,CA;CN;EP;ES;HK;IN;US;WO,True
52997162,WO-2015144184-A1,Cytarabine,USE OF TIMP-1 AS A BIOMARKER IN THE EGF-RECEPTOR INHIBITOR TREATMENT OF METASTATIC COLORECTAL CANCER,WO,False
47073382,US-20150272945-A1,Cytarabine,USE OF MASITINIB FOR TREATMENT OF CANCER IN PATIENT SUBPOPULATIONS IDENTIFIED USING PREDICTOR FACTORS,AR;AU;BR;CA;CN;DK;EA;EP;ES;IL;JP;KR;MX;NZ;SG;SI;TW;US;WO;ZA,True
54241196,WO-2015153552-A1,Cytarabine,FAST ACTING INHIBITOR OF GASTRIC ACID SECRETION WITH ENHANCED ACTIVITY,US;WO,False
54209174,US-20150284416-A1,Cytarabine,NOVEL LINKERS FOR CONJUGATION OF CELL-BINDING MOLECULES,US,False
43757166,US-9155722-B2,Cytarabine,Reconstitutable reverse thermal gelling polymers,US,False
54287332,WO-2015154725-A1,Cytarabine,QUINAZOLINE DERIVATIVE AND PREPARATION METHOD AND USE IN MEDICINE THEREOF,CN;WO,False
49885394,US-20150291601-A1,Cytarabine,COMPOUNDS USEFUL AS INHIBITORS OF ATR KINASE,EP;JP;US;WO,False
50776530,US-20150290328-A1,Cytarabine,FORMULATIONS OF ACTIVE AGENTS FOR SUSTAINED RELEASE,US;WO,False
43410407,US-9161988-B2,Cytarabine,Multimeric peptide conjugates and uses thereof,AU;BR;CA;CN;EP;HK;IN;JP;MX;RU;US;WO;ZA,False
36129810,CA-2588921-C,Cytarabine,PYRROLIDINE INHIBITORS OF IAP,AT;AU;CA;CN;DE;DK;EA;EP;ES;HK;IL;IN;JP;KR;MX;NO;NZ;US;WO;ZA,True
49881040,US-20150299205-A1,Cytarabine,COMPOUNDS USEFUL AS INHIBITORS OF ATR KINASE,EP;JP;US;WO,False
44651988,US-9169209-B2,Cytarabine,Compounds and compositions for the inhibition of NAMPT,AR;AU;BR;CA;CN;GC;IN;JP;KR;MX;RU;TW;US;WO,False
50979205,EP-2935337-A1,Cytarabine,MIXED PAYLOAD CONTAINING POLYMERS AND USE THEROF,CA;EP;US;WO,False
50828453,US-20150306241-A1,Cytarabine,COPOLYMERS FOR THE DELIVERY OF DRUGS INTO CELLS,US;WO,False
47040974,NZ-616780-A,Cytarabine,A method for the treatment of a solid tumour,AU;CA;CN;DK;EP;ES;HK;IL;IN;JP;KR;NZ;PT;US;WO,True
54363322,US-9180214-B1,Cytarabine,Gonadotropin-releasing hormone receptor-targeting peptides and their use to treat and diagnose cancer,US,False
41793139,TW-I508963-B,Cytarabine,Novel naphthyridine derivatives and the use thereof as kinase inhibitors,AR;AU;BR;CA;CN;EP;ES;HK;IL;IN;JP;KR;MX;NZ;PH;PL;RU;TW;US;WO;ZA,True
49083787,US-20150337385-A1,Cytarabine,EXPRESSION PROTEIN-CODING AND NONCODING GENES AS PROGNOSTIC CLASSIFIERS IN EARLY STAGE LUNG CANCER,EP;JP;US;WO,False
44359555,US-9199999-B2,Cytarabine,Substituted imidazopyrazines,CA;CN;EP;ES;HK;JP;US;WO,True
44070643,US-9198966-B2,Cytarabine,B-type plexin antagonists and uses thereof,AU;CA;EP;JP;US;WO,False
51022404,AU-2014269042-A1,Cytarabine,Methods and compositions for treatment of HIV infection,AU;CA;EP;JP;US;WO,False
43501516,US-9205091-B2,Cytarabine,"Diazeniumdiolated compounds, pharmaceutical compositions, and method of treating cancer",AU;CA;EP;US;WO,False
48045015,HK-1205136-A1,Cytarabine,CDIM BINDING PROTEINS AND USES THEREOF,AU;BR;CA;CN;DK;EP;ES;HK;IN;JP;KR;MX;TW;US;WO,True
55081387,KR-101578535-B1,Cytarabine,Multilayered nanofibrous anti-adhesion membranes containing hydrophilic natural polymer and preparation method thereof,KR,False
39197687,US-9216239-B2,Cytarabine,Medical device for intra-lumenal delivery of pharmaceutical agents,US,False
42629445,US-9221882-B2,Cytarabine,Biosynthetic proline/alanine random coil polypeptides and their uses,AU;BR;CA;CN;DK;EA;EP;ES;HK;HU;IN;JP;KR;LT;MX;NZ;PL;PT;SG;SI;TR;US;WO,True
51391473,US-20150374702-A1,Cytarabine,ANTICANCER ADJUVANT CONTAINING PENTOXIFYLLINE,KR;US;WO,False
51580231,US-20160002741-A1,Cytarabine,METHOD FOR PREDICTING SENSITIVITY TO EGFR INHIBITOR,CN;EP;JP;SG;US;WO,False
51583862,US-20160000808-A1,Cytarabine,ANDROGEN RECEPTOR DOWN-REGULATING AGENTS AND USES THEREOF,AU;BR;CA;CN;EP;IL;JP;KR;MX;RU;SG;US;WO,False
38686743,EP-2966065-A2,Cytarabine,HYDROXYLATED AND METHOXYLATED CYCLOPENTA [D] PYRIMIDINES AS AKT PROTEIN KINASE INHIBITORS,AR;AT;AU;BR;CA;CL;CN;CO;CR;CY;DK;EP;ES;GC;HK;HR;HU;IL;IN;JP;KR;MA;MX;MY;NO;NZ;PL;PT;RU;SG;SI;TW;UA;US;VN;WO;ZA,True
51538569,EP-2968517-A2,Cytarabine,SPECIFIC MULTIVALENT VIRUS-LIKE PARTICLE VACCINES AND USES THEREOF,CA;EP;JP;US;WO,False
50881179,US-9243058-B2,Cytarabine,BCMA antigen binding proteins,US,False
40122085,US-9241998-B2,Cytarabine,Methods and compositions for treatment of cancer using oncolytic RSV activity,US;WO,False
48168807,US-9241920-B2,Cytarabine,Inhibition of c-Myc ubiquitination to prevent cancer initiation and progression,US;WO,False
55163809,WO-2016014890-A1,Cytarabine,TREATMENT OF MULTIPLE MYELOMA WITH HETEROCYCLIC INHIBITORS OF GLUTAMINASE,WO,False
55165819,US-20160022642-A1,Cytarabine,Compounds Useful for Promoting Protein Degradation and Methods Using Same,US,False
44630048,AU-2011246976-B2,Cytarabine,Methods and devices for predicting treatment efficacy,AU;CA;EP;US;WO,False
45003311,US-9249172-B2,Cytarabine,Pyrazole derivatives,CN;EP;ES;JP;US;WO,True
49621786,US-20160030595-A1,Cytarabine,ANTI-GCC ANTIBODY MOLECULES AND RELATED COMPOSITIONS AND METHODS,US,False
3834147,EP-2100615-B1,Cytarabine,Cancer therapy,AU;BR;CA;CN;EP;JP;US;WO;ZA,False
55347350,US-20160051663-A1,Cytarabine,METHODS AND DEVICES FOR CANINE HERPESVIRUS 1 (CHV-1) DETECTION AND PREVENTION,US,False
50729450,EP-2989126-A1,Cytarabine,ANTI-CANCER TREATMENTS WITH ANTI-EGFR ANTIBODIES HAVING A LOW FUCOSYLATION,AU;BR;CA;CN;EA;EP;ID;IN;JP;KR;MX;SG;US;WO;ZA,False
49963681,CN-103539777-B,Cytarabine,PI3激酶调节剂及其使用方法和用途,CN,False
55400632,WO-2016033416-A1,Cytarabine,BROMODOMAIN INHIBITORS FOR TREATING DISEASE,US;WO,False
46584054,US-9278925-B2,Cytarabine,Substituted 3-(biphenyl-3-yl)-4-hydroxy-8-methoxy-1-azaspiro[4.5]dec-3-en-2-one,AP;AU;BR;CA;CN;CO;CR;CU;DE;DO;EC;EP;HK;ID;IL;IN;JP;KR;MX;MY;PH;SG;TN;US;VN;WO,False
37670733,EP-2066679-B1,Cytarabine,"CONJUGATES OF DISORAZOLES AND THEIR DERIVATIVES WITH CELL-BINDING MOLECULES, NOVEL DISORAZOLE DERIVATIVES, PROCESSES OF MANUFACTURING AND USES THEREOF",AR;AU;BR;CA;CN;CY;DK;EP;ES;HK;HR;HU;IL;IN;JP;KR;MX;NO;NZ;PL;RS;RU;SI;TW;US;WO,True
54548212,US-20160067311-A1,Cytarabine,USE OF ELSIGLUTIDE TO TREAT GASTROINTESTINAL MUCOSITIS INCLUDING CHEMOTHERAPY-INDUCED DIARRHEA,AR;AU;BR;CA;CL;CN;EA;EP;HK;ID;IL;JP;KR;MA;MX;PH;SG;TW;US;WO,False
25157347,CA-2851502-C,Cytarabine,METHOD FOR UTILIZING NEUTRAL LIPIDS TO MODIFY IN VIVO RELEASE FROM MULTIVESICULAR LIPOSOMES,AU;CA;DK;EP;ES;HK;IL;JP;NO;NZ;PT;US;WO,True
55459554,WO-2016040560-A1,Cytarabine,METHODS FOR THE TREATMENT OF CANCER USING GLIADIN PEPTIDES AND RADIATION,WO,False
55453712,US-20160074390-A1,Cytarabine,HUMAN DOSING OF PHOSPHATASE INHIBITOR,AU;CA;CN;EP;HK;US;WO,False
50630805,US-20160082159-A1,Cytarabine,BALLOON SURFACE COATING,AU;BR;CA;CN;DK;EP;ES;HK;HU;IN;JP;PL;PT;US;WO,True
55759408,IE-20140275-A1,Cytarabine,Use of antagonist of the mineralocorticoid/aldosterone receptor as agent to prevent haemorrhaging and macrophage inflammatory effect if filovirus infection,IE;WO,False
55699880,US-9314460-B1,Cytarabine,Method for cancer cell reprogramming,US,False
55791094,US-20160113924-A1,Cytarabine,METHOD OF TREATING NASOPHARYNGEAL CARCINOMA USING PERILLYL ALCOHOL DERIVATIVE,CN;TW;US;WO,False
52008761,US-20160113911-A1,Cytarabine,METHODS AND COMPOSITIONS FOR THE TREATMENT OF CANCER,EP;US;WO,False
44307101,EP-2525820-B1,Cytarabine,NOVEL CLASS OF MONOSPECIFIC AND BISPECIFIC HUMANIZED ANTIBODIES THAT TARGET THE INSULIN-LIKE GROWTH FACTOR TYPE I RECEPTOR (IGF-1R),AU;CA;CN;EP;IN;JP;WO,False
55909809,WO-2016073733-A1,Cytarabine,METHODS OF TREATING CANCER USING LIPOPEPTIDES,WO,False
48900919,US-20160151489-A1,Cytarabine,COMBINATION OF A LIGAND OF HVEM AND AN IMMUNOTOXIN FOR USE IN THERAPY,EP;US;WO,False
56078479,US-20160151415-A1,Cytarabine,"PHARMACEUTICAL COMPOSITION FOR IMPROVING HEALTH, CURE ABNORMALITIES AND DEGENERATIVE DISEASE, ACHIEVE ANTI-AGING EFFECT OF THERAPY AND THERAPEUTIC EFFECT ON MAMMALS AND METHOD THEREOF",US,False
52144142,US-20160151410-A1,Cytarabine,CLEARANCE OF BIOACTIVE LIPIDS FROM MEMBRANE STRUCTURES BY CYCLODEXTRINS,US;WO,False
43332971,CA-2721837-C,Cytarabine,ANTIOXIDANT INFLAMMATION MODULATORS: OLEANOLIC ACID DERIVATIVES WITH SATURATION IN THE C-RING,AU;BR;CA;CN;CO;EA;EP;HK;IL;IN;JP;KR;MX;NZ;TW;US;WO;ZA,False
54754665,WO-2016087488-A1,Cytarabine,"ADMINISTRATION REGIME FOR AMINOALCOHOL SUBSTITUTED 2,3-DIHYDROIMIDAZO[1,2-C]QUINAZOLINE DERIVATIVES",TW;WO,False
51989551,US-20160158186-A1,Cytarabine,USE OF DIANHYDROGALACTITOL AND ANALOGS AND DERIVATIVES THEREOF TO TREAT RECURRENT MALIGNANT GLIOMA OR PROGRESSIVE SECONDARY BRAIN TUMOR,US,False
43124690,US-9365634-B2,Cytarabine,Aprotinin-like polypeptides for delivering agents conjugated thereto to tissues,AU;CA;CN;CY;DK;EP;ES;HR;IN;JP;PL;PT;SI;US;WO,True
55024283,WO-2016094309-A1,Cytarabine,INHIBITION OF TNF SIGNALING IN CANCER IMMUNOTHERAPY,WO,False
50341876,US-20160166697-A1,Cytarabine,METHOD OF TREATING CANCER,AU;BR;CA;CL;CN;CY;DK;EP;ES;IL;IN;JP;KR;MO;MX;PL;PT;RU;SG;SM;US;WO,True
56126017,WO-2016097863-A1,Cytarabine,INHIBITORS OF BROMODOMAINS,CA;CN;EP;HK;JP;MO;US;WO,False
47391260,US-20160175320-A1,Cytarabine,"COMPOSITIONS, METHODS AND KITS FOR TREATING CANCER",AU;BR;CA;CN;EP;HK;JP;NZ;US;WO,False
56127834,CA-3081443-A1,Cytarabine,SMALL MOLECULE INHIBITORS OF EGFR AND PI3K,AU;CA;CN;EP;HK;JP;KR;NZ;US;WO,False
56126018,CA-2966452-A1,Cytarabine,SUBSTITUTED BICYCLIC COMPOUNDS AS BROMODOMAIN INHIBITORS,CA;US;WO,False
42035671,EP-3037529-A1,Cytarabine,EXTENDED SOLUBLE PH20 POLYPEPTIDES AND USES THEREOF,AU;BR;CA;CN;CO;CY;DK;EA;EP;ES;HK;HR;HU;ID;IL;IN;JP;KR;LT;MX;MY;NZ;PL;PT;RS;SG;SI;SM;US;VN;WO;ZA,True
51581189,US-20160184356-A1,Cytarabine,ARSENIC-BASED TREATMENT OF CANCERS AND INFLAMMATORY DISORDERS,US;WO,False
36745574,US-9381228-B2,Cytarabine,FKBP-L and uses thereof,AU;CA;CN;CY;DK;EP;ES;GB;HU;IL;IN;JP;NZ;PL;PT;SI;US;WO;ZA,True
51843140,US-20160193355-A1,Cytarabine,"Novel linker, preparation method, and application thereof",CN;GB;JP;US;WO,False
48697493,AU-2016204054-A1,Cytarabine,EFFECT POTENTIATOR FOR ANTITUMOR AGENTS,AU;DK;EP;ES;HU;JP;KR;PL;PT;RU;TW;US;WO,True
49328023,US-20160201059-A1,Cytarabine,RNA APTAMERS FOR THERAPEUTIC AND DIAGNOSTIC DELIVERY TO PANCREATIC CANCER CELLS,AU;CA;EP;JP;US;WO,False
56356285,CA-2968818-A1,Cytarabine,TUMOR THERAPY BY BISPECIFIC ANTIBODY PRETARGETING,CA;EP;JP;US;WO,False
56544522,WO-2016123054-A2,Cytarabine,KINASE DRUG COMBINATIONS AND METHODS OF USE THEREOF,WO,False
40340343,US-20160220505-A1,Cytarabine,COMPOSITIONS COMPRISING LIPOPHILIC ACTIVE COMPOUNDS AND METHOD FOR THEIR PREPARATION,AU;CA;DK;EP;ES;HK;HR;HU;IL;IN;PL;SI;US;WO,True
50208247,CN-103626765-B,Cytarabine,取代的氮杂吲哚化合物及其盐、组合物和用途,CN,False
52993454,US-20160228567-A1,Cytarabine,Hypoxia-Targeted Delivery System for Pharmaceutical Agents,US;WO,False
48087595,US-9427406-B2,Cytarabine,Sustained-release formulation,US,False
45879063,EP-2685985-B1,Cytarabine,METHODS FOR TREATING LEUKEMIA AND DISORDERS MEDIATED BY CBF AND RUNX1 PROTEINS,EP;US;WO,False
56789826,WO-2016138286-A1,Cytarabine,IRGM AND PRECISION AUTOPHAGY CONTROLS FOR ANTIMICROBIAL AND INFLAMMATORY DISEASE STATES AND METHODS OF DETECTION OF AUTOPHAGY,US;WO,False
49356366,US-20160250249-A1,Cytarabine,METHODS AND PHARMACEUTICAL COMPOSITIONS FOR MODULATING AUTOPHAGY IN A SUBJECT IN NEED THEREOF,EP;US;WO,False
47629665,US-20160250247-A1,Cytarabine,"VITAMIN B6 DERIVATIVES OF NUCLEOTIDES, ACYCLONUCLEOTIDES AND ACYCLONUCLEOSIDE PHOSPHONATES",AU;CA;EP;IL;IN;RU;US;WO,False
52468068,US-20160250175-A1,Cytarabine,COMBINED APPLICATION OF ISOTHIOCYANATE COMPOUND AND ANTI-CANCER MEDICINE,EP;JP;US;WO,False
53003370,EP-3064212-A1,Cytarabine,PALIURUS RAMOSISSIMUS (LOUR.) POIR EXTRACT AND PREPARATION METHOD AND USES THEREOF,EP;ES;JP;KR;US;WO,True
49596382,US-20160256535-A1,Cytarabine,HEXAPEPTIDE AND USES THEREOF,AU;CA;EP;IT;US;WO,False
56850224,US-20160256448-A1,Cytarabine,TETRAHYDROQUINOLINE COMPOSITIONS AS BET BROMODOMAIN INHIBITORS,US,False
47597723,US-9439852-B2,Cytarabine,Methods of delivering pharmaceutical agents,US,False
37570909,US-20160128976-A1,Cytarabine,ANTIFUGETACTIC AGENTS FOR THE TREATMENT OF CANCERS,CA;EP;JP;US;WO,False
43037638,US-9340528-B2,Cytarabine,Substituted aminoquinoxalines as tyrosine threonine kinase inhibitors,CA;CN;EP;HK;JP;US;WO,False
52022659,US-20160136123-A1,Cytarabine,TREATMENT OF AUTOPHAGY-RELATED DISORDERS,US;WO,False
54695727,WO-2016079331-A1,Cytarabine,GEL FORMULATIONS FOR ENHANCING THE EFFECT OF RADIOTHERAPY,WO,False
52000771,WO-2016079067-A1,Cytarabine,COMPOUNDS TARGETING THE BFL-1 ANTI-APOPTOTIC PROTEIN AND USES THEREOF FOR THE TREATMENT OF CANCER,WO,False
56009133,US-20160143946-A1,Cytarabine,COMBINATION THERAPIES FOR TREATING CANCER,US,False
48696151,US-20160143916-A1,Cytarabine,BROMODOMAIN INHIBITORS,AR;AU;BR;CA;CL;CN;CO;CR;CY;DK;DO;EC;EP;ES;GT;HK;HR;HU;ID;IL;IN;JP;KR;LT;ME;MX;MY;NO;PE;PH;PL;PT;RS;RU;SG;SI;TW;UA;US;UY;VN;WO;ZA,True
51529906,US-9352049-B2,Cytarabine,"Ligand-therapeutic agent conjugates, silicon-based linkers, and methods for making and using them",EP;JP;US;WO,False
55910037,UY-36391-A,Cytarabine,"COMPUESTOS MODULADORES DE LA ENZIMA INDOLAMINA 2,3-DIOXIGENASA (IDO1), SUS MÉTODOS DE SÍNTESIS Y COMPOSICIONES FARMACÈUTICAS QUE LAS CONTIENEN",AR;AU;BR;CA;CL;CN;CO;EA;EP;ES;HK;ID;IL;IN;JP;KR;MA;MX;MY;PE;PH;SG;TN;TW;US;UY;VN;WO,True
45876915,EP-3025715-A1,Cytarabine,"METHODS OF TREATING CANCER USING 3-(5-AMINO-2-METHYL-4-OXO-4H-QUINAZOLIN-3-YL)-PIPERIDINE-2,6-DIONE",AR;AU;BR;CA;CN;CY;DK;EA;EP;ES;HK;HR;HU;ID;IL;IN;JP;KR;MX;MY;NI;NZ;PH;PL;PT;RS;RU;SG;SI;SM;TW;UA;US;VN;WO;ZA,True
49531967,CN-103387535-B,Cytarabine,取代的炔基吡啶化合物及其使用方法和用途,CN,False
40452461,EP-3067054-A1,Cytarabine,NOVEL COMPOSITIONS AND METHODS FOR CANCER TREATMENT,CA;CN;CY;DK;EP;ES;HK;HR;HU;JP;LT;PL;PT;SI;US;WO,True
56879856,WO-2016145383-A1,Cytarabine,MTH1 INHIBITORS FOR TREATING DISEASE,WO,False
53058059,EP-3068398-A1,Cytarabine,PROTEIN PHOSPHATASE INHIBITORS THAT CROSS THE BLOOD BRAIN BARRIER,EP;JP;US;WO,False
55969600,US-20160271156-A1,Cytarabine,ANTI-CANCER COMPOUNDS AND METHODS FOR TREATING CANCER,US,False
43085048,EP-2431403-B1,Cytarabine,POLYMER CONJUGATE OF BIOACTIVE SUBSTANCE HAVING HYDROXY GROUP,CN;EP;JP;US;WO,False
52779650,WO-2016150521-A1,Cytarabine,FUNCTIONALISED MAGNETIC NANOPARTICLE,WO,False
49081601,US-9458172-B2,Cytarabine,Pyridinyl and pyrimidinyl sulfoxide and sulfone derivatives,AU;CA;CN;EP;ES;JP;SG;US;WO,True
54006254,US-9457019-B2,Cytarabine,Methods for inhibiting tie-2 kinase useful in the treatment of cancer,US,False
57007550,US-20160287564-A1,Cytarabine,METHODS OF ADMINISTERING GLUTAMINASE INHIBITORS,AU;BR;CA;CN;EA;EP;HK;IL;IN;JP;KR;MX;SG;US;WO,False
45976556,AU-2014274564-B2,Cytarabine,Fused imidazole derivatives useful as IDO inhibitors,AU;BR;CA;CL;CN;CO;CY;DK;EP;ES;HK;HR;HU;ID;IL;IN;JP;KR;LT;ME;MX;MY;NO;NZ;PE;PL;PT;RS;RU;SI;SM;US;WO,True
55754474,WO-2016164641-A1,Cytarabine,"COMPOUNDS AND METHODS FOR KINASE MODULATION, AND INDICATIONS THEREFOR",US;WO,False
53175694,US-20160297731-A1,Cytarabine,VITAMIN D ANALOGUES OF PHARMACEUTICAL INTEREST,EP;ES;US;WO,True
36648248,US-9468643-B2,Cytarabine,PDE5 inhibitor compositions and methods for immunotherapy,EP;US;WO,False
57126962,WO-2016168450-A1,Cytarabine,ACETYLENIC CYANOENONES AS THERAPEUTICS FOR INFLAMMATION AND CARCINOGENESIS,US;WO,False
48524163,US-9475883-B2,Cytarabine,Therapeutic use of anti-CD22 antibodies for inducing trogocytosis,CA;EP;US;WO,False
49880508,EP-3083598-A1,Cytarabine,GLUCOSE TRANSPORT INHIBITORS,AR;CA;CN;EP;HK;JP;US;UY;WO,False
36999856,EP-1913157-B2,Cytarabine,EGFR AND KRAS MUTATIONS FOR PREDICTION OF PATIENT RESPONSE TO EGFR INHIBITOR TREATMENT,CA;DK;EP;ES;JP;PL;SI;US;WO,True
57144325,US-20160312303-A1,Cytarabine,METHODS AND COMPOSITIONS FOR THE DETECTION OF CALR MUTATIONS IN MYELOPROLIFERATIVE DISEASES,BR;CA;CN;EP;HK;MX;US;WO,False
53004963,US-20160312218-A1,Cytarabine,SYSTEM FOR CO-DELIVERY OF POLYNUCLEOTIDES AND DRUGS INTO PROTEASE-EXPRESSING CELLS,US;WO,False
50775615,AU-2012395148-B2,Cytarabine,Hydrophilic linkers and their uses for conjugation of drugs to cell binding molecules,AU;CA;CN;EP;ES;JP;US;WO,True
53523554,US-20160324983-A1,Cytarabine,Compounds and Compositions for Immunotherapy,AU;CA;CN;DK;EP;ES;HK;IL;JP;SG;TW;US;WO,True
53757630,US-20160340737-A1,Cytarabine,EPIGENETIC STEM CELL COMMITMENT-ASSOCIATED SIGNATURE,US;WO,False
57705717,KR-20160134989-A,Cytarabine,PHARMACEUTICAL COMPOSITIONS CONTAINING HUMAN ACTIVE PROTEIN,KR,False
53778442,US-20160346334-A1,Cytarabine,EXOSOMES AS A THERAPEUTIC FOR CANCER,EP;US;WO,False
50179606,US-9512130-B2,Cytarabine,Substituted imidazopyridazines,AP;AR;AU;BR;CA;CL;CN;CR;CU;CY;DK;EA;EP;ES;GC;GT;HK;HR;HU;ID;IL;IN;JP;KR;LT;MA;MX;MY;NI;NO;PE;PH;PL;PT;RS;SG;SI;SM;TN;TW;US;UY;VN;WO,True
47913379,US-9512126-B2,Cytarabine,Substituted imidazopyridazines,AR;CA;CN;EP;ES;HK;JP;US;UY;WO,True
56133080,WO-2016196471-A1,Cytarabine,METHODS AND COMPOSITIONS FOR TREATMENT OF HIV INFECTION,WO,False
57451557,US-20160354373-A1,Cytarabine,METHODS OF TREATING ACUTE T CELL LEUKEMIA,US,False
54700553,AU-2015270924-A1,Cytarabine,Peptide-drug conjugates,AU;CA;CN;EP;ES;JP;MA;US;WO,True
57546777,WO-2016205566-A1,Cytarabine,FZD7 SPECIFIC ANTIBODIES AND VACCINES TO TREAT CANCER AND CONTROL STEM CELL FUNCTION,WO,False
50544624,US-9526791-B2,Cytarabine,Weakly acidic pH-responsive peptide and liposome containing same,CN;EP;ES;JP;KR;US;WO,True
44307593,US-20160375021-A1,Cytarabine,REVERSE AMIDE COMPOUNDS AS PROTEIN DEACETYLASE INHIBITORS AND METHODS OF USE THEREOF,AU;BR;CA;CL;CN;CY;DK;EA;EP;ES;HK;HR;HU;ID;IN;JP;KR;LT;MO;MX;NZ;PH;PL;PT;RS;SG;SI;SM;TW;US;WO;ZA,True
57631214,CN-106279045-A,Cytarabine,环丙烷衍生物及其制备方法和在医药上的应用,CN,False
53057489,US-20170002425-A1,Cytarabine,METHOD FOR PREDICTING LONG-TERM EFFICACY OF VEGF INHIBITOR,CN;EP;JP;US;WO,False
43425912,HK-1217338-A1,Cytarabine,ANTI-CD19 ANTIBODY HAVING ADCC AND CDC FUNCTIONS AND IMPROVED GLYCOSYLATION PROFILE,CA;CN;DK;EP;ES;HK;JP;PL;PT;US;WO,True
39313954,EP-2070548-B1,Cytarabine,DIAGNOSIS AND TREATMENT OF CANCER USING ANTI-EREG ANTIBODY,AU;BR;CA;CN;EP;HK;IL;IN;JP;KR;MX;MY;NO;NZ;RU;UA;US;WO,False
57758071,WO-2017011411-A1,Cytarabine,METHODS AND COMPOSITIONS RELATING TO ANTI-NUCLEOLIN RECOMBINANT IMMUNOAGENTS,US;WO,False
40229356,EP-3124046-A1,Cytarabine,COMBINATION THERAPIES EMPLOYING GITR BINDING MOLECULES,AU;CA;CN;DK;EP;ES;HK;IN;JP;PT;US;WO,True
40251685,EP-2447272-B1,Cytarabine,2&apos;-FLUORO-2&apos;-DEOXYTETRAHYDROURIDINES AS CYTIDINE DEAMINASE INHIBITORS,AT;AU;BR;CA;CN;CO;CR;CY;DK;EA;EC;EP;ES;FI;FR;GT;HK;HR;HU;ID;IL;IN;JO;JP;KR;LT;LU;ME;MX;MY;NI;NL;NO;NZ;PL;PT;RS;SA;SI;TW;UA;US;VN;WO;ZA,True
56611613,WO-2017019767-A1,Cytarabine,Inhibition of CXCL12 in Cancer Immunotherapy,WO,False
56561502,WO-2017019520-A1,Cytarabine,COMPOSITIONS AND METHODS OF CERENKOV TARGETED AND ACTIVATED IMAGING AND THERAPEUTICS,WO,False
53681075,US-20170029474-A1,Cytarabine,POLYPEPTIDE AND ANTI-TUMOR AGENT,JP;US;WO,False
56890669,AU-2016204933-A1,Cytarabine,Poloxamer-based intralesional injections for the delivery of chemotherapeutic agents,AU;CA;GB;US,False
54209161,EP-3126331-A1,Cytarabine,OXINDOLE INHIBITORS OF TYROSINE KINASE,EP;HK;US;WO,False
54241453,EP-3125920-A2,Cytarabine,USE OF DIANHYDROGALACTITOL AND ANALOGS OR DERIVATIVES THEREOF TO TREAT NON-SMALL-CELL CARCINOMA OF THE LUNG AND OVARIAN CANCER,AU;CA;CL;CN;EP;IL;JP;KR;MX;SG;WO,False
53371782,US-20170035864-A1,Cytarabine,SPECIFIC VIRUS-LIKE PARTICLE-CpG OLIGONUCLEOTIDE VACCINES AND USES THEREOF,EP;JP;US;WO,False
58053234,US-20170035795-A1,Cytarabine,METHODS AND REAGENTS FOR THE DIAGNOSIS AND TREATMENT OF ACUTE LEUKEMIA,US,False
42103392,US-20170035741-A1,Cytarabine,"METHOD OF PREPARING (+)-1,4-DIHYDRO-7-[(3S,4S)-3-METHOXY-4-(METHYLAMINO)-1-PYRROLIDINYL]-4-OXO-1-(2-THIAZOLYL)-1,8-NAPHTHYRIDINE-3-CARBOXYLIC ACID",AR;AU;BR;CA;CN;EP;ES;GC;HK;ID;IL;IN;JP;KR;MX;NZ;RU;SG;TW;UA;US;WO;ZA,True
64658711,TR-201615189-A2,Cytarabine,"ANTİKANSEROJEN ETKİNLİĞE SAHİP OLAN (3aS,4S,4aR,7aS,8S,8aS)-6-(4-ASETİLFENİL)-3-METİL-4,4A,8,8A TETRAHİDRO-3AH-4,8-METANOİSOXAZOLO [4,5-F]İSOİNDOL-5,7(6H,7AH)-DİON BİLEŞİĞİ",TR;WO,False
47073093,US-9579283-B2,Cytarabine,Porous nanoparticle-supported lipid bilayers (protocells) for targeted delivery and methods of using same,AU;CA;CN;EP;HK;JP;US;WO,False
48045777,IL-234702-A,Cytarabine,"Compound for use in treating pvns, tgct, plexiform neurofibromas, breast cancer or mpnst",AU;BR;CA;CN;EA;EP;HK;ID;IL;JP;KR;MY;NZ;SG;US;WO;ZA,False
56896738,WO-2017037575-A1,Cytarabine,"A PHARMACEUTICAL COMBINATION COMPRISING THE PI3K INHIBITOR ALPELISIB AND THE CDK4/6 INHIBITOR RIBOCICLIB, AND THE USE THEREOF IN THE TREATMENT/PREVENTION OF CANCER",CN;EP;JP;US;WO,False
52994493,US-9592198-B2,Cytarabine,"Microfluidic liposome synthesis, purification and active drug loading",US,False
41507660,EP-2309990-B2,Cytarabine,DRUG LOADED POLYMERIC NANOPARTICLES AND METHODS OF MAKING AND USING SAME,AU;BR;CA;CN;DK;EA;EP;ES;HK;HU;IL;IN;JP;KR;MX;PL;PT;SI;US;WO,True
58240246,WO-2017044983-A1,Cytarabine,BIOORTHOGONAL COMPOSITIONS,AU;CN;EP;JP;US;WO,False
58239241,WO-2017042634-A2,Cytarabine,"USE OF DIANHYDROGALACTITOL OR DERIVATIVES AND ANALOGS THEREOF FOR TREATMENT OF NON-SMALL-CELL LUNG CARCINOMA, GLIOBLASTOMA, AND OVARIAN CARCINOMA BY INDUCTION OF DNA DAMAGE AND STALLING OF CELL CYCLE",TW;US;WO,False
58502618,KR-20170031278-A,Cytarabine,Stent,KR,False
47189771,EP-2919791-B1,Cytarabine,DELPHINIDINCOMPLEX AS ANTIPHLOGISTIC OR IMMUNOSUPPRESSIVE AGENT,CA;CN;DK;EP;JP;KR;US;WO,False
40110987,EP-2532676-B1,Cytarabine,Protease-regulated antibody,CA;EP;ES;JP;US;WO,True
58276063,US-20170079261-A1,Cytarabine,CRYOPRESERVATION USING SUCRALOSE,US,False
56990425,US-20170087216-A1,Cytarabine,Therapeutic Uses of Elsiglutide,EP;JP;US;WO,False
50686105,AU-2017201693-A1,Cytarabine,Tricyclic compounds as inhibitors of immunosuppression mediated by tryptophan metabolization,AU;BR;CA;CL;CN;CR;EP;HK;ID;IL;IN;JP;KR;MA;MX;MY;PE;PH;RU;SA;SG;UA;US;VN;WO;ZA,False
54699847,EP-3149167-A1,Cytarabine,APTAMER TARGETING MAGE-A3 PEPTIDE AND USES THEREOF,EP;JP;TW;US;WO,False
50897594,TN-2015000542-A1,Cytarabine,NOVEL COMPOUNDS FOR THE TREATMENT OF CANCER,AP;AR;AU;BR;CA;CL;CN;CR;CU;DO;EA;EP;GC;HK;ID;IL;IN;JP;KR;MA;MX;MY;NI;PE;PH;SG;SV;TN;TW;US;UY;VN;WO,False
51765011,CN-104119350-B,Cytarabine,氨基喹唑啉类衍生物及其盐和使用方法,CN;TW;US;WO,False
57219016,WO-2017066714-A1,Cytarabine,ANTI-VSIG1 ANTIBODIES AND DRUG CONJUGATES,WO,False
48044414,US-20170107579-A1,Cytarabine,E1 ENZYME MUTANTS AND USES THEREOF,EP;JP;US;WO,False
47601452,US-9629812-B2,Cytarabine,Therapeutic nanoparticles and methods of use thereof,US;WO,False
51014490,US-20170114011-A1,Cytarabine,"NOVEL ORGANOSELENIUM COMPOUNDS, METHOD FOR PRODUCING SAME, AND PHARMACEUTICAL USES THEREOF IN PARTICULAR AS ANTITUMOR AGENTS",CA;CN;EP;FR;IN;US;WO,False
54834543,US-20170112926-A1,Cytarabine,COMBINATION THERAPIES USING ANTI-METABOLITES AND AGENTS THAT TARGET TUMOR-ASSOCIATED STROMA OR TUMOR CELLS,US;WO,False
54145333,US-20170112792-A1,Cytarabine,ENHANCED ATRA-RELATED COMPOUNDS DERIVED FROM STRUCTURE-ACTIVITY RELATIONSHIPS AND MODELING FOR INHIBITING PIN1,US;WO,False
43984137,US-9636344-B2,Cytarabine,"Substituted 2,3-dihydroimidazo[1,2-C]quinazoline salts",AP;AR;AU;BR;CA;CL;CN;CO;CR;CU;CY;DK;DO;EA;EC;EP;ES;GC;GT;HK;HR;ID;IL;IN;JO;JP;KR;MA;ME;MX;MY;NZ;PE;PH;PL;PT;RS;SG;SI;SM;TN;TW;UA;US;UY;VN;WO;ZA,True
51434028,CN-104016979-B,Cytarabine,取代的环化合物及其使用方法和用途,CN,False
58631115,WO-2017075052-A1,Cytarabine,USE OF DIANHYDROGALACTITOL OR DERIVATIVES OR ANALOGS THEREOF FOR TREATMENT OF PEDIATRIC CENTRAL NERVOUS SYSTEM MALIGNANCIES,US;WO,False
41417140,HK-1220635-A1,Cytarabine,SMALL MOLECULE LIGAND-DRUG CONJUGATES FOR TARGETED CANCER THERAPY,CN;EP;HK;US;WO,False
35395162,US-9650416-B2,Cytarabine,αvβ6 peptide ligands and their uses,CA;EP;ES;GB;JP;US;WO,True
33479305,HU-E030772-T2,Cytarabine,IMMUNOSUPPRESSANT COMPOUNDS AND COMPOSITIONS,AR;AU;BR;CA;CL;CN;CY;DK;EC;EP;ES;HK;HR;HU;IL;IN;IS;JP;KR;LT;MA;MX;MY;NO;NZ;PE;PL;PT;RU;SI;TN;TW;US;WO,True
47427291,US-9663510-B2,Cytarabine,Substituted triazolopyridines and their use as TTK inhibitors,AP;AR;AU;BR;BY;CA;CL;CN;CO;CR;CU;CY;DK;DO;EC;EP;ES;GC;GT;HK;HR;HU;ID;IL;IN;JO;JP;KR;MA;MX;MY;NZ;PE;PH;PL;PT;RS;RU;SG;SI;TN;UA;US;UY;VN;WO;ZA,True
48570009,US-9670202-B2,Cytarabine,Substituted triazolopyridines,CA;CN;EP;ES;HK;JP;US;WO,True
44999754,EP-2638043-B1,Cytarabine,"ARYLAMINOALCOHOL-SUBSTITUTED 2,3-DIHYDROIMIDAZO[1,2-C]QUINOLINES",CA;CN;EP;ES;HK;JP;US;WO,True
56887173,US-9675629-B2,Cytarabine,PH-responsive nanoparticle using mussel adhesive protein for drug delivery and method for preparing the same,KR;US,False
42354654,KR-101746757-B1,Cytarabine,PHARMACEUTICAL COMPOSITION COMPRISING RACEMIC AMINOPTERIN,AU;CA;CN;DK;EP;IL;IN;JP;KR;NZ;US;WO,False
54288110,US-20170174702-A1,Cytarabine,BROMODOMAIN-INHIBITING COMPOUNDS AND PHARMACEUTICAL COMPOSITION COMPRISING SAME FOR PREVENTING OR TREATING A CANCER,CN;DK;EP;ES;IN;JP;KR;PL;US;WO,True
39535485,US-20170172989-A1,Cytarabine,TREATMENT OF CANCERS HAVING RESISTANCE TO CHEMOTHERAPEUTIC AGENTS,CA;EP;HK;JP;US;WO,False
54834405,US-9687485-B2,Cytarabine,Combination therapy with glutaminase inhibitors,AU;BR;CA;CN;EA;EP;HK;IL;IN;JP;KR;MX;SG;US;WO,False
53267358,US-20170184566-A1,Cytarabine,METHODS FOR DETERMINING WHETHER A PATIENT WILL ACHIEVE A RESPONSE AFTER RADIATION THERAPY,CA;EP;ES;JP;US;WO,True
54264181,US-9694071-B2,Cytarabine,Combination of anti-CD20 antibody and PI3 kinase selective inhibitor,AU;BR;CA;CL;CN;CY;DK;EA;EP;ES;HK;HR;HU;IL;IN;JP;KR;LT;MO;MX;NZ;PL;PT;RS;SG;SI;SM;US;WO,True
54288292,US-20170189379-A1,Cytarabine,COMBINATION THERAPIES WITH CURAXINS,CN;EA;EP;JP;US;WO,False
47423228,AU-2012272804-B2,Cytarabine,Conjugate-based antifungal and antibacterial prodrugs,AU;BR;CA;CN;EA;EP;HK;IN;JP;KR;MX;NZ;US;WO,False
51235250,CN-103965199-B,Cytarabine,一种芳杂环化合物、包含它的药物组合物及其用途,CN,False
59275433,US-20170197997-A1,Cytarabine,GOLD(I) COMPLEXES WITH ANTICANCER PROPERTIES AND METHODS OF USE THEREOF,US,False
52428213,US-9707248-B2,Cytarabine,Use of thiopyrimidinecarboxamide for treating cancer,US,False
51212769,US-20170210738-A1,Cytarabine,GLUCOSE TRANSPORT INHIBITORS,CA;CN;EP;JP;US;WO,False
54354405,US-20170209595-A1,Cytarabine,DISULFUR BRIDGE LINKERS FOR CONJUGATION OF A CELL-BINDING MOLECULE,US,False
55163872,US-20170209579-A1,Cytarabine,NON-INVASIVE RADIOFREQUENCY FIELD TREATMENT FOR CANCER THERAPY,US;WO,False
51165292,AU-2014207716-B2,Cytarabine,Bcl-2Bcl-xL inhibitors and therapeutic methods using the same,AU;CA;CN;EP;ES;HK;IN;JP;KR;NZ;SG;US;WO;ZA,True
42738322,CA-2756307-C,Cytarabine,PERIPHERAL STENTS HAVING LAYERS AND REINFORCEMENT FIBERS,CA;EP;IN;US;WO,False
42231495,EP-2438442-B1,Cytarabine,METHODS AND ASSAYS FOR MEASURING P95 AND/OR P95 COMPLEXES IN A SAMPLE AND ANTIBODIES SPECIFIC FOR P95,CA;EP;ES;HK;IL;SG;US;WO,True
55345772,WO-2017133984-A1,Cytarabine,METHODS AND PHARMACEUTICAL COMPOSITIONS FOR THE PROPHYLACTIC TREATMENT OF PERITONEAL CARCINOMATOSIS,EP;US;WO,False
51212768,US-20170226081-A1,Cytarabine,GLUCOSE TRANSPORT INHIBITORS,CA;CN;EP;JP;US;WO,False
47715495,US-20170224794-A1,Cytarabine,YEAST-MUC1 IMMUNOTHERAPEUTIC COMPOSITIONS AND USES THEREOF,AU;BR;CA;CN;EP;HK;IL;IN;JP;KR;MX;NZ;RU;SG;US;WO,False
50148520,AU-2013306087-B2,Cytarabine,Bivalent inhibitors of IAP proteins and therapeutic methods using the same,AU;CA;CN;EP;ES;HK;IN;JP;KR;MX;RU;US;WO,True
54062705,US-20170232114-A1,Cytarabine,METHODS AND COMPOSITIONS OF CARRIER SYSTEMS FOR THE PURPOSE OF INTRACELLULAR DRUG TARGETING,EP;US;WO,False
58347712,US-20170239239-A1,Cytarabine,Method for Inducing a Sustained Immune Response,EP;US;WO,False
44999755,EP-2638044-B1,Cytarabine,"ALKOXY-SUBSTITUTED 2,3-DIHYDROIMIDAZO[1,2-C]QUINAZOLINES",CA;CN;EP;ES;HK;JP;US;WO,True
59741033,JP-2017152298-A,Cytarabine,"NONAQUEOUS ELECTROLYTE FOR SECONDARY BATTERY, NONAQUEOUS ELECTROLYTE SECONDARY BATTERY, AND METHOD FOR MANUFACTURING NONAQUEOUS ELECTROLYTE SECONDARY BATTERY",JP,False
40585484,EP-2225235-B1,Cytarabine,THIAZOLE CARBOXAMIDE DERIVATIVES AND THEIR USE TO TREAT CANCER,CA;CN;EP;HK;JP;MX;US;WO,False
59744263,WO-2017151063-A1,Cytarabine,"USE OF FURAZANO[3,4-B]PYRAZINE DERIVATIVES FOR CHEMOTHERAPY",WO,False
52000829,US-9757385-B2,Cytarabine,Method of treating leukemia using pharmaceutical formulation containing thienotriazolodiazepine compounds,CN;EP;IN;JP;KR;US;WO,False
58428417,WO-2017161206-A1,Cytarabine,"CONJUGATES CONTAINING CONDITIONALLY ACTIVE ANTIBODIES OR ANTIGEN-BINDING FRAGMENTS THEREOF, AND METHODS OF USE",WO,False
59848185,US-20170269093-A1,Cytarabine,METHODS FOR IDENTIFYING AND TREATING INVASIVE/METASTATIC CANCERS,US,False
58410503,US-20170267660-A1,Cytarabine,"COMPOUNDS AND METHODS FOR KINASE MODULATION, AND INDICATIONS THEREFOR",AU;CA;EP;ES;JP;US;WO,True
51259378,US-20170266310-A1,Cytarabine,PRO-DRUG FORM (P2PDOX) OF THE HIGHLY POTENT 2-PYRROLINODOXORUBICIN CONJUGATED TO ANTIBODIES FOR TARGETED THERAPY OF CANCER,AU;CA;CN;EP;IL;IN;JP;US;WO,False
40097772,US-20170266307-A1,Cytarabine,Methods Of Treating Cancer Using Compounds Containing A Vascular Disrupting Agent,CA;CN;CY;DK;EP;ES;GB;HK;HR;HU;IN;JP;LT;PL;PT;SI;SM;TR;US;WO,True
56009532,EP-3220953-A1,Cytarabine,COMPOSITIONS AND METHODS OF USING THERAPEUTIC p53 PEPTIDES AND ANALOGUES,EP;US;WO,False
46830712,EP-2716297-B1,Cytarabine,D-GLU-FNIII14 POLYPEPTIDE FOR USE IN TREATING CANCER,EP;JP;US;WO,False
59900761,WO-2017165218-A1,Cytarabine,USE OF BENZOFURAN LIGNANS TO INDUCE IL-25 EXPRESSION AND SUPPRESS MAMMARY TUMOR METASTASIS,CN;TW;US;WO,False
59563485,US-20170275331-A1,Cytarabine,SITE-SELECTIVE FUNCTIONALIZATION OF PROTEINS USING TRACELESS AFFINITY LABELS,CA;EP;JP;US;WO,False
55400334,US-20170273921-A1,Cytarabine,"3,5,N-TRIHYDROXY-ALKANAMIDE OR 3,5,N-TRIHYDROXY-6-ALKENAMIDE DERIVATIVE ALONE OR IN COMBINATION WITH CHEMOTHERAPEUTIC AGENT FOR TREATING CANCER",TW;US;WO,False
37074075,EP-3225216-A1,Cytarabine,DEGRADABLE IMPLANTABLE MEDICAL DEVICES,AU;BR;CA;CN;EP;IL;IN;JP;NZ;US;WO,False
53005010,US-20170283511-A1,Cytarabine,BISPECIFIC ANTIBODIES THAT NEUTRALIZE BOTH TNF-ALPHA AND IL-6: NOVEL THERAPEUTIC AGENT FOR AUTOIMMUNE DISEASE,CA;EP;IN;US;WO,False
55631431,US-20170290846-A1,Cytarabine,IN SITU GELLING FORM FOR LONG-ACTING DRUG DELIVERY,CN;US;WO,False
60042001,WO-2017181149-A1,Cytarabine,METHODS OF TREATING BREAST CANCER,AU;CA;EP;US;WO,False
58738875,WO-2017178029-A1,Cytarabine,HEAT SHOCK PROTEINS AND CHOLESTEROL HOMEOSTASIS,EP;US;WO,False
54256837,US-20170298441-A1,Cytarabine,USE OF CLONAL EVOLUTION ANALYSIS FOR IBRUTINIB RESISTANCE IN CHRONIC LYMPHOCYTIC LEUKEMIA PATIENTS,EP;US;WO,False
37532645,US-20170304415-A1,Cytarabine,Anti-Cancer Combination Treatment and Kit-of-Parts,EP;US;WO,False
57004603,US-20170304364-A1,Cytarabine,NK-92 CELLS IN COMBINATION THERAPY WITH CANCER DRUGS,AU;CA;CN;EP;HK;IL;JP;KR;US;WO,False
59850950,US-20170304342-A1,Cytarabine,KNOTTIN-DRUG CONJUGATES AND METHODS OF USING THE SAME,US;WO,False
60301249,KR-101791244-B1,Cytarabine,Composition for delivery of a liposome comprising synthetic receptor-phospholipid conjugates and a functional substance containing the functional substance conjugated ligand binding to the synthetic receptor,KR;WO,False
60160031,WO-2017189647-A1,Cytarabine,METHODS AND COMPOSITIONS FOR THE TREATMENT OF MYELODYSPLASTIC SYNDROME,WO,False
52248342,US-20170314077-A1,Cytarabine,SLFN11 AS BIOMARKER FOR AML,EP;GB;US;WO,False
60157377,US-20170313828-A1,Cytarabine,IN SITU-FORMING OF DENDRIMER HYDROGELS USING MICHAEL-ADDITION REACTION,US,False
56014513,US-20170312339-A1,Cytarabine,IRISIN-RELATED CANCER TREATMENTS,US;WO,False
56113075,US-9814714-B2,Cytarabine,"Kinase modulation, and indications therefor",BR;CA;CN;EP;HK;IN;JP;KR;TW;US;WO,False
42027719,EP-3243835-A1,Cytarabine,ALBUMIN VARIANTS AND CONJUGATES,CN;DK;EP;ES;IN;JP;KR;SG;US;WO,True
49081603,AU-2017254876-A1,Cytarabine,Amido spirocyclic amide and sulfonamide derivatives,AU;CA;CN;CY;DK;EP;ES;HR;HU;JP;LT;PL;PT;RS;SG;SI;SM;US;WO,True
44307212,US-9828425-B2,Cytarabine,Anti-ILT5 antibodies and ILT5-binding antibody fragments,AU;CA;EP;HK;JP;US;WO,False
54008089,US-9828399-B2,Cytarabine,TC-PTP inhibitors as APC activators for immunotherapy,CA;CN;EP;JP;US;WO,False
59071096,WO-2017210485-A1,Cytarabine,BISPECIFIC ANTIBODIES THAT BIND CD20 AND CD3 FOR USE IN THE TREATMENT OF LYMPHOMA,EP;HK;US;WO,False
59034949,US-20170349660-A1,Cytarabine,BISPECIFIC ANTIBODIES THAT BIND CD123 AND CD3,EP;US;WO,False
60578940,WO-2017214330-A1,Cytarabine,A NOVEL ROLE FOR TERMINAL RNA URIDYLATION AND RNA TURNOVER IN ONCOGENESIS,EP;JP;US;WO,False
56789823,US-20170354636-A1,Cytarabine,METHODS FOR INHIBITING TUMORS AND DRUG RESISTANCE,US,False
60663775,WO-2017218365-A1,Cytarabine,CRYSTALLINE FORM OF A SUBSTITUTED QUINOLINE COMPOUND AND PHARMACEUTICAL COMPOSITIONS THEREOF,WO,False
42246002,US-20170361021-A1,Cytarabine,Hazardous Agent Injection System,AU;CA;CN;EP;ES;HK;IN;JP;KR;US;WO,True
57248512,AU-2016260317-A1,Cytarabine,Macropinocytosis in cancer,AU;CA;EP;IL;JP;US;WO,False
44564137,AU-2016200991-B2,Cytarabine,Intravenous formulations of Coenzyme Q10 (CoQ10) and methods of use thereof,AU;BR;CA;CL;CN;CO;CR;CY;DK;EA;EP;ES;HK;ID;IL;IN;JP;KR;MX;MY;NZ;PE;PH;PL;PT;SG;TH;TW;US;WO,True
52394934,US-20170369574-A1,Cytarabine,AN IMMUNOTOXIN FOR USE IN THE TREATMENT OF LEISHMANIASIS,BR;IN;US;WO,False
60913106,WO-2018009539-A1,Cytarabine,INHIBITORS OF HEXOKINASE AND METHODS OF USE THEREOF,WO,False
52350292,US-9867833-B2,Cytarabine,Serine/threonine kinase inhibitors,AR;AU;BR;CA;CL;CN;CR;EA;EP;GC;HK;ID;IL;IN;JP;KR;MA;MX;MY;NZ;PE;PH;SG;TW;UA;US;VN;WO;ZA,False
55954912,BR-112017009845-A2,Cytarabine,dianidrogalactitol juntamente com radiação para tratar carcinoma de célula não pequena dos pulmões e glioblastoma multiforme,AU;BR;CA;CL;CN;EP;IL;JP;KR;MX;SG;TW;US;WO,False
45607741,EP-2673004-B1,Cytarabine,HYDROPHOBIC MODIFIED PEPTIDES AND THEIR USE FOR LIVER SPECIFIC TARGETING,BR;CN;EP;ES;JP;US;WO,True
92902690,US-20180021354-A1,Cytarabine,Adjunctive Therapy With 25-Hydroxyvitamin D and Articles Therefor,AU;BR;CA;CL;CN;CO;CR;EA;EC;EP;HK;ID;IL;IN;JP;KR;MX;MY;NZ;PE;PH;SG;UA;US;VN;WO,False
49948284,US-9878052-B2,Cytarabine,Compounds for targeted immunotherapy,AR;AU;BR;CA;CN;EP;ES;IL;IN;JP;KR;MX;RU;SG;TW;US;WO;ZA,True
52589316,US-20180031579-A1,Cytarabine,METHODS FOR PREDICTING THE RESPONSIVENESS OF A PATIENT AFFECTED WITH MALIGNANT HEMATOLOGICAL DISEASE TO CHEMOTHERAPY TREATMENT AND METHODS OF TREATMENT OF SUCH DISEASE,EP;US;WO,False
55583780,US-20180028686-A1,Cytarabine,Protocells for Plasmid and RNP Delivery in the Treatment of Cancer and Other Disease States,US,False
48979774,US-9890147-B2,Cytarabine,"2,3-benzodiazepines",AR;AU;CA;CL;CN;CR;CU;DO;EA;EC;EP;ES;HK;ID;IL;IN;JP;KR;MA;MX;MY;PE;PH;TN;TW;US;UY;VN;WO,True
59564178,WO-2018029117-A1,Cytarabine,NEW ATR INHIBITORS FOR THE USE IN CANCER THERAPY,WO,False
48441746,KR-101832133-B1,Cytarabine,Method for the Isolation and Proliferation of Primary Lung Cancer Cells,KR,False
49551570,EP-3063158-B1,Cytarabine,METALLOCENE DERIVATIVES WITH ANTICANCER ACTIVITY,AU;CN;EP;ES;PL;US;WO,True
61073091,US-20180055944-A1,Cytarabine,NOVEL ANTIBODY-ALBUMIN-DRUG CONJUGATES (AADC) AND METHODS FOR USING THEM,US;WO,False
61241147,US-20180055825-A1,Cytarabine,TREATMENT OF CANCER WITH INHIBITORS OF GLUTAMINASE,US;WO,False
58273427,PH-12016000298-A1,Cytarabine,USE OF EXTRACT COMPOSITION OF FRUITING BODY OF ANTRODIA,CN;ID;MY;PH;SG;TW;VN,False
50639888,US-9907846-B2,Cytarabine,"Nanoparticles, composed of sterol and saponin from Quillaja saponaria Molina for use in pharmaceutical compositions",AR;US;WO,False
46084061,EP-2641605-B1,Cytarabine,POLYMER DERIVATIVE OF CYTIDINE METABOLISM ANTAGONIST,CA;CN;EP;JP;KR;TW;US;WO,False
52824199,US-20180064825-A1,Cytarabine,ANTI-PD-L1 IMMUNOTOXIN FOR USE IN THERAPY,EP;US;WO,False
47892080,EP-3296320-A1,Cytarabine,CONDITIONALLY ACTIVE ANTI-EPIDERMAL GROWTH FACTOR RECEPTOR ANTIBODIES AND METHODS OF USE THEREOF,AU;BR;CA;CN;EA;EP;HK;ID;IN;JP;KR;MX;NZ;SG;US;VN;WO,False
40718275,CA-2701071-C,Cytarabine,COMPOSITIONS AND METHODS FOR EFFECTING NAD+ LEVELS USING A NICOTINAMIDE PHOSPHORIBOSYL TRANSFERASE INHIBITOR,CA;EP;US;WO,False
44357712,EP-2718436-B1,Cytarabine,MATERIALS AND METHODS FOR TREATING PTEN MUTATED OR DEFICIENT CANCER,EP;ES;GB;US;WO,True
60162214,WO-2018055492-A1,Cytarabine,"EXTRACTS OF SAUDI ARABIAN HERBAL PLANTS, ANTI-CANCER METHOD USING SUCH EXTRACTS, AND CYTOLOGICAL PROFILING USING AUTOMATED HIGH-CONTENT IMAGING TECHNIQUE",US;WO,False
47176369,US-9931408-B2,Cytarabine,Bio-orthogonal drug activation,AU;CA;CN;DK;EP;ES;JP;US;WO,True
32110191,EP-3301114-A1,Cytarabine,FUSION POLYPEPTIDES OF ANTIBODIES THAT BIND CELL-ASSOCIATED CA 125/O722P,AR;AT;AU;BR;CA;CL;CN;CY;DE;DK;EA;EP;ES;HK;HU;IL;IN;JP;KR;LT;MX;MY;NO;NZ;PT;RS;SI;US;UY;WO,True
57442141,EP-3302482-A1,Cytarabine,TANK-BINDING KINASE-1 PROTACS AND ASSOCIATED METHODS OF USE,EP;US;WO,False
44861853,EP-2563384-B1,Cytarabine,IMMUNOGENIC COMPOSITIONS FOR TREATING NEOPLASIA,AU;BR;CA;CN;EA;EP;IN;JP;KR;NZ;WO,False
53333708,US-20180112258-A1,Cytarabine,MEDICAL USES AND METHODS FOR TREATING CANCER USING MONOPOLAR SPINDLE 1 (MPS1) KINASE INHIBITORS,EP;GB;US;WO,False
55266614,US-20180110866-A1,Cytarabine,POLYMERIC ANTIBIOTICS,US,False
62949458,TW-201815395-A,Cytarabine,Use of dianhydrogalactitol or derivatives or analogs thereof for treatment of pediatric central nervous system malignancies,TW,False
51538232,US-9963452-B2,Cytarabine,"Methods, compounds, and compositions for inhibition of ROS",US;WO,False
51351332,EP-2958564-B1,Cytarabine,HETEROAROMATIC COMPOUNDS AS PI3 KINASE MODULATORS,AU;BR;CA;EP;ES;HK;ID;IN;JP;KR;MX;MY;RU;SG;TW;US;WO,True
62076526,WO-2018084836-A1,Cytarabine,ANTI-TMCC3 IMMUNOCONJUGATES AND USES THEREOF,WO,False
58796287,AU-2016365366-A1,Cytarabine,"Protein kinase inhibitor, preparation method and medical use thereof",AU;BR;CA;CN;CO;DK;EP;ES;HK;HU;ID;IL;JP;KR;MA;MX;MY;PH;PT;RU;TH;UA;US;WO;ZA,True
57113709,US-9975894-B2,Cytarabine,Heterocyclic compounds and uses thereof,AU;BR;CA;CL;CN;CO;EP;ES;HK;ID;IL;IN;JP;KR;MX;MY;NZ;PE;PH;RU;SG;TW;US;VN;WO,True
39684430,US-9987326-B2,Cytarabine,Klotho protein and related compounds for the treatment and diagnosis of cancer,EP;IL;US;WO,False
49160283,EP-3330283-A2,Cytarabine,ALBUMIN VARIANTS,AU;BR;CA;CN;DK;EP;ES;IL;IN;JP;KR;MX;PL;US;WO,True
40625343,EP-2217209-B1,Cytarabine,NOVEL THERMOSENSITIVE LIPOSOMES CONTAINING THERAPEUTIC AGENTS,AU;BR;CA;CN;EP;ES;HK;ID;IN;JP;KR;MX;MY;RU;TW;US;WO,True
53241747,CN-104650049-B,Cytarabine,取代的吡啶化合物及其使用方法和用途,CN,False
60888625,WO-2018106850-A1,Cytarabine,DEUTERATED AMINOPYRIDINE COMPOUNDS,WO,False
60991550,WO-2018112364-A1,Cytarabine,COMBINATION THERAPIES FOR TREATING MELANOMA,WO,False
60991548,WO-2018112360-A1,Cytarabine,COMBINATION THERAPIES FOR TREATING CANCER,WO,False
58401753,WO-2018109416-A1,Cytarabine,NUCLEOSIDE DERIVATIVE CARRYING AN ISOTHIAZOLE OR OXATHIOLE CYCLE WITH AN ANTIPROLIFERATIVE ACTIVITY,WO,False
57504529,US-20180170897-A1,Cytarabine,HUMAN GLUT5 SPECIFIC INHIBITORS AND METHODS OF TREATMENT,US;WO,False
41278643,EP-2456467-B1,Cytarabine,EPSILON-POLYLYSINE CONJUGATES AND USE THEREOF,AU;BR;CA;CN;DK;EA;EP;ES;HR;HU;IL;IN;JP;KR;LT;MX;PL;PT;SG;SI;US;WO;ZA,True
62627418,WO-2018119418-A1,Cytarabine,METHODS RELATING TO THE TREATMENT OF CHEMORESISTANT AND IMMUNO-RESISTANT CANCER,WO,False
60935901,WO-2018115888-A1,Cytarabine,NOVEL FORMULATIONS OF APREPITANT,WO,False
52144263,US-10010556-B2,Cytarabine,Bicyclic bromodomain inhibitors,AU;BR;CA;CN;DK;EA;EP;ES;HK;HR;HU;IL;IN;JP;KR;MO;MX;NZ;PL;PT;SG;SI;US;WO;ZA,True
57545307,US-20180186818-A1,Cytarabine,SUBSTITUTED DIHYDROPYRROLOPYRAZOLE DERIVATIVE,AU;BR;CA;CN;EP;IN;JP;KR;MX;RU;US;WO,False
56148816,US-20180194836-A1,Cytarabine,PREVENTION OF METASTASIS AND RECURRENCE AFTER PRIMARY CANCER TREATMENT,CA;EP;US;WO,False
57320660,BR-112017024555-A2,Cytarabine,moduladores de ccr2,AR;AU;BR;CA;CN;CY;DK;EP;ES;HK;HR;HU;IL;IN;JP;KR;LT;MA;MX;NZ;PL;PT;RS;RU;SI;SM;TW;US;WO;ZA,True
54013797,US-20180208989-A1,Cytarabine,BIOMARKERS FOR CANCER,EP;GB;US;WO,False
49783991,AU-2013280644-B2,Cytarabine,"Methods for treating tyrosine-kinase-inhibitor-resistant malignancies in patients with genetic polymorphisms or AHI1 dysregulations or mutations employing dianhydrogalactitol, diacetyldianhydrogalactitol, dibromodulcitol, or analogs or derivatives thereof",AU;BR;CA;CL;CN;EP;IL;JP;KR;MX;SG;US;WO,False
46513877,BR-112014002219-A2,Cytarabine,conjugados anticorpo p97 e métodos de sua utilização,AU;BR;CA;CN;EP;ES;HK;HU;JP;PL;PT;US;WO,True
41340707,EP-2291199-B1,Cytarabine,PH-SENSITIVE LIPOSOME BINDING TO NUCLEOLIN,EP;ES;PT;US;WO,True
58276138,US-20180222915-A1,Cytarabine,MODIFIED CYTOTOXINS AND THEIR THERAPEUTIC USE,AU;CA;CN;EP;HK;ID;IL;IN;JP;KR;MX;MY;RU;US;WO;ZA,False
48325358,EP-2994153-B1,Cytarabine,PEPTIDES AND PEPTIDE-ACTIVE INGREDIENT-CONJUGATE FOR RENAL DRUG-TARGETING,CA;CN;DK;EP;ES;HR;HU;JP;LT;SI;US;WO,True
63108014,WO-2018146641-A1,Cytarabine,NOVEL INHIBITORS OF CELLULAR SIGNALLING,WO,False
59070772,FR-3062796-A1,Cytarabine,UTILISATION D&apos;UN COMPOSE APPARTENANT A LA FAMILLLE DES DIURETIQUES POUR TRAITER LE CANCER,EP;FR;US;WO,False
54392771,US-10052307-B2,Cytarabine,Micellar nanocomplex,AU;BR;CA;CN;CU;EA;EP;ES;HK;ID;IL;IN;IR;JP;KR;MX;MY;SA;SG;UA;US;VN;WO;ZA,True
40226729,EP-3009148-B1,Cytarabine,COMPOSITIONS AND METHODS FOR TREATING AND DIAGNOSING CANCER,AU;CA;CY;DK;EP;ES;HR;HU;JP;PL;PT;SI;US;WO,True
50148175,EP-2888260-B1,Cytarabine,"SUBSTITUTED AZAINDOLE COMPOUNDS, SALTS, PHARMACEUTICAL COMPOSITIONS THEREOF AND METHODS OF USE",AU;CA;EP;TW;US;WO,False
49712688,EP-2858648-B1,Cytarabine,METHODS AND COMPOSITIONS FOR THE INHIBITION OF PIN1,AU;CA;EP;JP;US;WO,False
56740547,US-20180244627-A1,Cytarabine,HETEROCYCLIC COMPOUNDS AND USES THEREOF,US;WO,False
42372314,AU-2016213880-B2,Cytarabine,COMBINATION OF CYTIDINE-BASED ANTINEOPLASTIC DRUGS WITH CYTIDINE DEAMINASE INHIBITOR AND USE THEREOF IN THE TREATMENT OF CANCER,AU;CA;EP;ES;JP;US;WO,True
43586756,CA-2770683-C,Cytarabine,VITAMIN D3 AND ANALOGS THEREOF FOR TREATING ALOPECIA,AR;AU;BR;CA;CN;EA;EP;ES;HK;ID;IL;IN;JP;KR;MX;SG;TW;US;WO;ZA,True
57546445,BR-112017027445-A2,Cytarabine,sistemas de liberação para liberação de fármaco controlada,AU;BR;CA;CN;DK;EP;ES;HK;IL;IN;JP;KR;MA;MX;NZ;PT;RU;US;WO;ZA,True
58614450,EP-3369734-A1,Cytarabine,"KINASE INHIBITOR, AND PREPARING METHOD AND PHARMACEUTICAL USE THEREOF",CN;EP;US;WO,False
51225388,EP-2848631-B1,Cytarabine,USE OF AN ANTI-ANG2 ANTIBODY,EP;KR;US,False
61873987,WO-2018170207-A1,Cytarabine,TOPICAL THERAPY FOR THE TREATMENT OF SKIN KERATOSES USING NANOPARTICLES OF TAXANES,US;WO,False
58422471,US-20180265402-A1,Cytarabine,"POLYPHOSPHATE GLASS MICROSPHERES, METHODS OF MAKING AND USES THEREOF",EP;US;WO,False
58558235,US-20180272001-A1,Cytarabine,ANTI-CANCER AND ANTI-INFLAMMATORY THERAPEUTICS AND METHODS THEREOF,AU;CA;CN;EP;HK;IL;JP;KR;US;WO,False
63672752,US-20180280532-A1,Cytarabine,SUBCUTANEOUS ADMINISTRATION OF ANTIBODY-DRUG CONJUGATES FOR CANCER THERAPY,CA;CN;EP;HK;US;WO,False
57681683,EP-3384027-A1,Cytarabine,COMPOSITIONS AND METHODS FOR IMMUNOONCOLOGY,AU;BR;CA;CN;EA;EP;HK;IL;IN;JP;KR;MX;MY;PH;RU;SG;UA;US;WO,False
63712197,WO-2018187287-A1,Cytarabine,POROUS NANOPARTICLE-SUPPORTED LIPID BILAYER DELIVERY OF TRANSCRIPTIONAL GENE MODULATORS,US;WO,False
43467008,US-20180298109-A1,Cytarabine,"POLYPEPTIDES AND POLYNUCLEOTIDES, AND USES THEREOF AS A DRUG TARGET FOR PRODUCING DRUGS AND BIOLOGICS",AU;CA;CY;DK;EP;ES;HR;HU;IL;JP;LT;PL;PT;SI;TR;US;WO,True
58488608,US-20180298047-A1,Cytarabine,TRIGGER-ACTIVATABLE METABOLIC SUGAR PRECURSORS FOR CANCER-SELECTIVE LABELING AND TARGETING,CN;EP;JP;KR;US;WO,False
63793488,CA-3059781-A1,Cytarabine,METHODS OF TREATMENT USING AN AMPHETAMINE PRODRUG,CA;CN;EP;JP;MA;US;WO,False
56108381,TN-2017000246-A1,Cytarabine,ANTI-C10ORF54 ANTIBODIES AND USES THEREOF,AU;BR;CA;CN;DK;EP;ES;HK;HR;HU;IL;IN;JP;KR;LT;MA;MX;NZ;PL;PT;RS;RU;SA;SG;SI;TN;US;VN;WO,True
63856390,WO-2018195382-A1,Cytarabine,ENHANCED THERAPEUTIC AGENT AND NUCLEIC ACID DELIVERY VIA HDL OR RECONSTITUTED HDL NANOPARTICLES,US;WO,False
58386162,US-10118965-B2,Cytarabine,Compositions and methods related to anti-EGFR antibody drug conjugates,TW;US;WO,False
52780404,US-10124038-B2,Cytarabine,Modulators of syndecan-2 and uses thereof,EP;JP;US;WO,False
45560106,EP-2608796-B1,Cytarabine,INHIBITION OF PROTEIN FUCOSYLATION IN VIVO USING FUCOSE ANALOGS,AU;CA;CN;CY;DK;EP;ES;HK;HU;IL;IN;JP;KR;MX;NZ;PL;PT;RU;SI;TR;US;WO;ZA,True
62705671,WO-2018213732-A1,Cytarabine,COMBINATION THERAPIES FOR TREATING CANCER,AU;BR;CA;CN;EA;EP;HK;IL;IN;JP;KR;MA;MX;US;WO,False
64274750,WO-2018213720-A2,Cytarabine,EPIGENETIC INHIBITORS FOR SENSITIZING HEMATOLOGIC OR OTHER MALIGNANCIES TO GLUCOCORTICOID THERAPY,US;WO,False
64397093,WO-2018218087-A1,Cytarabine,METHODS OF CANCER TREATMENT,EP;US;WO,False
43450336,MY-168762-A,Cytarabine,"CERTAIN CHEMICAL ENTITIES, COMPOSITIONS AND METHODS",AU;BR;CA;CN;CY;DK;EP;ES;FI;HK;HR;HU;ID;IL;JP;KR;LT;LU;MO;MX;MY;NL;NO;NZ;PH;PL;PT;RU;SG;SI;SM;UA;US;WO;ZA,True
54704137,US-20180346487-A1,Cytarabine,Fused Imidazole Derivatives as TGF-Beta Inhibitors,CN;EP;ES;IN;JP;US;WO,True
57018215,US-20180344644-A1,Cytarabine,IMPROVED STABILITY OF LIPOSOME FORMULATIONS AND USES THEREOF,CA;EP;US;WO,False
64670328,KR-20180131076-A,Cytarabine,Pharmaceutical composition including antibody specifically binding to ErbB3 for preventing or treating drug-resistance cancer and method using the same,KR,False
64567447,WO-2018226178-A2,Cytarabine,"(E)-1-(4-CINNAMOYL-PHENYL)-1 H-PYRROLE-2,5-DIONE DERIVATIVES HAVING ANTI-CANCEROGENIC EFFICIENCY",TR;WO,False
44483553,PH-12015501738-B1,Cytarabine,ANDROGEN RECEPTOR MODULATORS AND USES THEREOF,AU;BR;CA;CN;CY;DK;EA;EP;ES;HK;HR;HU;IL;IN;JP;KR;LT;MX;PH;PL;PT;RS;SG;SI;SM;US;WO;ZA,True
58266688,EP-3414242-A1,Cytarabine,"CELLULAR SIGNALLING INHIBITORS, THEIR FORMULATIONS AND METHODS THEREOF",AU;CA;CN;EP;IN;JP;KR;MX;RU;US;WO,False
59276494,WO-2018229261-A1,Cytarabine,COMBINATION MEDICAMENT COMPRISING A PRODRUG AND INHALABLE CATALYST,EP;WO,False
54555264,US-10159690-B2,Cytarabine,Chemically modified targeting protein and use thereof,KR;US,False
59057787,US-20180369375-A1,Cytarabine,ANTI-LAG3 ANTIBODIES AND ANTIGEN-BINDING FRAGMENTS,AU;BR;CA;CN;EP;IN;JP;KR;MA;MX;RU;US;WO,False
55065101,US-10166304-B2,Cytarabine,Antibody fragments for detecting cancer and methods of use,US;WO,False
63833159,US-20190000875-A1,Cytarabine,METHOD AND COMPOSITIONS FOR TREATING CANCEROUS TUMORS,US,False
39939980,US-20190000862-A1,Cytarabine,METHODS AND SYSTEMS FOR THE DELIVERY OF A THERAPEUTIC AGENT,US,False
57142773,US-20190010247-A1,Cytarabine,THERAPEUTIC ANTIBODIES AND USES THEREOF,AU;CA;CN;EP;HK;JP;KR;SG;US;WO,False
51579387,US-10179770-B2,Cytarabine,Quinolines derivatives as novel anticancer agents,AU;BR;CA;CN;EP;IN;JP;KR;MX;NZ;SG;US;WO;ZA,False
59676712,GB-2564451-A,Cytarabine,Method for predicting survival in children with acute lymphoblastic leukemia,GB,False
50975310,AU-2013365926-B9,Cytarabine,Novel heterocyclic compounds as bromodomain inhibitors,AU;CA;CN;EP;HK;IL;IN;JP;KR;MO;MX;US;WO,False
58386244,US-10183997-B2,Cytarabine,Compositions and methods related to anti-CD19 antibody drug conjugates,TW;US;WO,False
44355816,US-10183975-B2,Cytarabine,Chlorotoxin polypeptides and conjugates and uses thereof,AU;CA;CN;CY;DK;EP;ES;HK;HR;HU;IL;IN;JP;KR;LT;MO;PL;PT;RS;SI;SM;US;WO,True
59851561,US-20190031732-A1,Cytarabine,COMPOSITIONS AND METHODS FOR TREATING CANCERS,CN;EP;MX;US;WO,False
65138655,US-20190030120-A1,Cytarabine,TIFA ANTAGONISTS AND THEIR USE FOR TREATING DISEASES,US,False
60787595,IL-263879-A,Cytarabine,Pseudotyped oncolytic viral delivery of therapeutic polypeptides,AU;BR;CA;CN;EP;HK;IL;IN;JP;KR;MX;NZ;RU;SG;US;WO,False
49261400,EP-2830663-B1,Cytarabine,FULLY HUMAN ANTIBODIES THAT BIND TO VEGFR2,CA;CN;EP;HK;US;WO,False
59500918,US-20190038630-A1,Cytarabine,USE OF ADENOSINE RECEPTOR SIGNALING TO REGULATE P-GP FUNCTION,US;WO,False
54705645,US-10202368-B2,Cytarabine,CXCR7 receptor modulators,CA;CN;EP;ES;JP;US;WO,True
62066026,US-10202357-B2,Cytarabine,Class of quinolone heterocyclic aromatic molecules for cancer treatment,US;WO,False
55063593,US-20190048084-A1,Cytarabine,ANTI-PD-L1 COMBINATIONS FOR TREATING TUMORS,US,False
61760759,US-20190046446-A1,Cytarabine,APO-E MODIFIED LIPID NANOPARTICLES FOR DRUG DELIVERY TO TARGETED TISSUES AND THERAPEUTIC METHODS,AR;EP;US;WO,False
57994790,US-10206930-B2,Cytarabine,Methods for treating T-cell acute lymphoblastic leukemia,US,False
58609378,EP-3443003-A1,Cytarabine,NON-GLYCOSYLATED ANTI-TENASCIN ANTIBODY,EP;ES;US;WO,True
59579948,AU-2017305303-A1,Cytarabine,Cobicistat for use in cancer treatments,AU;CA;EP;HK;JP;MA;NZ;TW;US;WO,False
50728148,EP-3447069-A1,Cytarabine,BISPECIFIC EGFR/C-MET ANTIBODIES,AU;BR;CA;CL;CN;CR;CY;DK;EA;EP;ES;FI;FR;HK;HR;HU;ID;IL;IN;JP;KR;LT;LU;MO;MX;MY;NI;NL;NO;NZ;PE;PH;PL;PT;RS;SG;SI;SM;UA;US;VN;WO,True
59683447,EP-3447066-A1,Cytarabine,NEW CCL2 PEPTIDES FOR USE IN CANCER THERAPY,EP;WO,False
47470248,EP-3446707-A1,Cytarabine,SURROGATE BINDING PROTEINS,CA;EP;ES;US;WO,True
47139997,US-20190060289-A1,Cytarabine,"METHODS OF TREATING AUTOPHAGY-ASSOCIATED DISORDERS AND RELATED PHARMACEUTICAL COMPOSITIONS, DIAGNOSTICS, SCREENING TECHNIQUES AND KITS",US;WO,False
65438594,CA-3073755-A1,Cytarabine,ENHANCING CD8+ T CELLS FOR ADOPTIVE CELL THERAPY BY INHIBITING PTPN1 (PTP1B) AND PTPN2 (TC-PTP),CA;US;WO,False
65500472,CN-109422810-A,Cytarabine,全人源或人源化bombesin受体GRPR单克隆抗体药物或诊断试剂的开发及应用,CN,False
52280673,US-10226451-B2,Cytarabine,Substituted bicyclic compounds as bromodomain inhibitors,CA;CN;EP;ES;HK;JP;MO;US;WO,True
63832482,WO-2019051380-A1,Cytarabine,BACTERIAL EXTRACELLULAR VESICLES,AR;AU;BR;CA;CN;CO;EP;HK;IN;JP;KR;MA;MX;TW;US;WO,False
65630255,US-20190076555-A1,Cytarabine,TUMOR TARGETING NANOAGENT FOR IMAGING AND FLUORESCENT GUIDED RESECTION OF TUMORS,US,False
46168453,US-10233503-B2,Cytarabine,Method for the identification of the origin of a cancer of unknown primary origin by methylation analysis,AU;CA;CO;MX;US;WO,False
54367238,US-10232051-B2,Cytarabine,Acetylenedicarboxyl linkers and their uses in specific conjugation of a cell-binding molecule,US,False
51527865,US-20190085066-A1,Cytarabine,ANTIBODIES TO HGF AND COMPOSITIONS CONTAINING,US,False
40911929,EP-3216793-B1,Cytarabine,TRIAZINE COMPOUNDS AS P13 KINASE AND MTOR INHIBITORS,AP;AR;AU;BR;CA;CL;CN;CO;CR;CU;CY;DK;DO;EA;EC;EP;ES;GE;HK;HR;HU;ID;IL;IN;JP;KR;LT;MA;ME;MO;MX;MY;NI;NZ;PA;PE;PL;PT;RS;SA;SI;TN;TR;TW;UA;US;VN;WO;ZA,True
45812749,EP-2678039-B1,Cytarabine,BISPHOSPHONATE-PRODRUGS,AU;CA;CN;EP;JP;US;WO,False
60412660,EP-3463318-A1,Cytarabine,"COMBINATION OF ANTI-CD20 ANTIBODY, P13 KINASE-DELTA SELECTIVE INHIBITOR, AND BTK INHIBITOR TO TREAT B-CELL PROLIFERATIVE DISORDERS",AU;BR;CA;CL;CN;EA;EP;HK;IL;IN;JP;KR;MX;SG;US;WO,False
54321425,EP-3134088-B1,Cytarabine,BICYLCIC PYRAZOLONE COMPOUNDS AND METHODS OF USE,EP;JP;US;WO,False
55909648,US-10260108-B2,Cytarabine,PARP genomic variants conferring resistance and sensitization to chemotherapy under inhibition,US;WO,False
61006345,US-10267787-B2,Cytarabine,Profiling peptides and methods for sensitivity profiling,AU;CA;CN;EP;HK;JP;KR;MX;US;WO,False
64362588,WO-2019082124-A1,Cytarabine,COMPOSITION AND METHOD FOR TREATING DIFFUSE LARGE B-CELL LYMPHOMA,WO,False
54008199,US-20190127401-A1,Cytarabine,CHARGED LINKERS AND THEIR USES FOR CONJUGATION,AU;CA;CN;DK;EP;ES;FI;IN;JP;PT;US;WO,True
61240223,US-10278968-B2,Cytarabine,Combination therapy with glutaminase inhibitors,AU;BR;CA;CN;EA;EP;HK;JP;KR;MX;SG;US;WO,False
66332404,WO-2019090242-A1,Cytarabine,COMPOSITION AND METHOD FOR MODIFYING POLYPEPTIDES,EP;JP;US;WO,False
66332280,WO-2019089603-A1,Cytarabine,METHODS FOR DETERMINING AND TREATING CELLULAR RESISTANCE TO ADP-RIBOSYLATING TOXIN,US;WO,False
64274711,US-20190135793-A1,Cytarabine,HETEROCYCLIC INHIBITORS OF KDM5 FOR THE TREATMENT OF DISEASE,US;WO,False
51538557,US-20190135767-A1,Cytarabine,Heterocyclic Compounds Useful In The Treatment Of Disease,AU;BR;CA;CN;DK;EA;EP;ES;HK;IN;JP;KR;MX;NZ;PT;RU;SG;US;WO,True
66438125,CA-3081594-A1,Cytarabine,BCL9 PEPTIDES AND VARIANTS THEREOF,CA;CN;EP;JP;US;WO,False
64746632,WO-2019099482-A1,Cytarabine,COMPOSITIONS AND METHODS FOR TREATING DISEASE USING A BLAUTIA STRAIN,AR;CN;EP;JP;TW;US;WO,False
52093637,CN-104211692-B,Cytarabine,作为欧若拉激酶抑制剂的衍生物,CN,False
50001255,US-10301280-B2,Cytarabine,"Compounds and methods for kinase modulation, and indications therefor",AR;AU;BR;CA;CL;CN;CY;DK;EP;ES;HK;HR;HU;ID;IL;IN;JP;KR;LT;ME;MX;MY;NZ;PE;PH;PL;PT;RS;RU;SG;SI;SM;TW;US;UY;VN;WO;ZA,True
66634173,US-20190160021-A1,Cytarabine,Substituted Stilbenes as Inhibitors of NF-kappaB and Activators of Nrf2,US;WO,False
56978645,AU-2016238290-B2,Cytarabine,Compositions and methods for delivery of biomacromolecule agents,AU;BR;CA;EP;JP;MX;US;WO,False
66917011,CN-109867672-A,Cytarabine,"吡唑[1,5-a]吡啶衍生物的盐及其用途",CN,False
66917020,CN-109867670-A,Cytarabine,"一种吡唑[1,5-a]吡啶化合物的单钠盐及其医药用途",CN,False
66917037,CN-109867669-A,Cytarabine,"一种吡唑[1,5-a]吡啶化合物的晶型及其药物组合物和用途",CN,False
64734279,WO-2019113190-A1,Cytarabine,BICYCLIC FUSED PYRIDINE COMPOUNDS AS INHIBITORS OF TAM KINASES,TW;US;WO,False
51987475,EP-3066129-B1,Cytarabine,TREATMENT OF C1013G/CXCR4-ASSOCIATED WALDENSTRÖM&apos;S MACROGLOBULINEMIA WITH AN ANTI-CXCR4 ANTIBODY,CN;EP;ES;JP;US;WO,True
60412621,US-20190183947-A1,Cytarabine,ONCOLYTIC VACCINIA VIRUS MUTANTS AND USING SAME FOR CANCER TREATMENT,US;WO,False
53584788,CN-104744446-B,Cytarabine,杂芳化合物及其在药物中的应用,CN,False
67057391,KR-20190074111-A,Cytarabine,[ERBB2 Aptamer]-Drug Conjugates And Use Thereof,KR,False
52462928,AU-2015217788-B2,Cytarabine,Benzimidazol-2-amines as mIDH1 inhibitors,AP;AR;AU;BR;CA;CL;CN;CR;CU;DO;EA;EP;HK;ID;IL;IN;JP;KR;MA;MX;MY;PE;PH;SG;SV;TN;TW;US;UY;VN;WO,False
61245414,EP-3504224-A1,Cytarabine,NOVEL IMMUNOSTIMULATING PEPTIDES,CA;CN;EP;JP;US;WO,False
61241118,EP-3503893-A1,Cytarabine,COMBINATION THERAPY WITH GLUTAMINASE INHIBITORS,CN;EP;JP;US;WO,False
55264582,US-10342870-B2,Cytarabine,Nanoparticles for drug delivery,US;WO,False
67143785,WO-2019136309-A1,Cytarabine,"ANTI-TISSUE FACTOR ANTIBODIES, ANTIBODY-DRUG CONJUGATES, AND RELATED METHODS",AU;BR;CA;CN;EA;EP;HK;ID;IL;IN;JP;KR;MX;MY;PH;SG;US;WO,False
57546411,HK-1254168-A1,Cytarabine,COMBINATIONS OF A NUCLEOSIDE ANALOG AND AN INDUCING AGENT FOR USE IN TREATING HERPESVIRUS-INDUCED CONDITIONS,CN;EP;HK;JP;US;WO,False
62028025,US-20190218291-A1,Cytarabine,COMBINATION THERAPY WITH AN ANTI-AXL ANTIBODY-DRUG CONJUGATE,AU;BR;CA;CN;EA;EP;ES;HK;IN;JP;KR;MX;NZ;PL;US;WO;ZA,True
62711057,AU-2017386790-A1,Cytarabine,Genetically modified natural killer cells,AU;BR;CA;CN;EA;EP;HK;JP;MX;US;WO,False
60991504,AU-2017367768-A1,Cytarabine,Combination therapy for treating cancer,AU;EP;JP;US;WO,False
61760167,US-20190225673-A1,Cytarabine,ANTIBODY BASED GENE THERAPY WITH TISSUE-DIRECTED EXPRESSION,AU;CA;EP;JP;US;WO,False
67396244,WO-2019147839-A1,Cytarabine,METHODS AND COMPOSITIONS FOR PRESERVING NEUROGENESIS,WO,False
68315614,TW-201929838-A,Cytarabine,Nano-lipid microparticle composition and pharmaceutical composition for treating proliferative disease of hematopoietic system capable of significantly improving the overall survival rate of the disease,TW,False
56098419,US-10369168-B2,Cytarabine,Administration of polynucleotide toll-like receptor 9 agonists for treating cancer,AU;CA;CN;DK;EP;ES;HK;IL;JP;KR;MX;NZ;RU;US;WO,True
40678901,US-10369113-B2,Cytarabine,Prostate specific membrane antigen (PSMA) targeted nanoparticles for therapy of prostate cancer,US;WO,False
44060310,EP-3037435-B1,Cytarabine,HUMAN MONOCLONAL ANTIBODIES TO HUMAN NUCLEOLIN,CN;EP;HK;JP;US;WO,False
67392640,WO-2019152454-A1,Cytarabine,SHP2 INHIBITORS AND METHODS OF USE THEREOF,US;WO,False
55650627,US-20190241669-A1,Cytarabine,CHIMERIC ANTIGEN RECEPTORS TARGETING B-CELL MATURATION ANTIGEN,AR;AU;BR;CA;CN;CO;DK;EP;ES;HK;ID;IL;IN;JP;KR;MO;MX;MY;NZ;PE;PH;RU;SG;TW;US;WO;ZA,True
59722484,US-10376600-B2,Cytarabine,Early disease detection and therapy,US,False
61187116,WO-2019154859-A1,Cytarabine,FAP INHIBITOR,WO,False
44355529,CA-2788720-C,Cytarabine,MEDICAMENT FOR TREATING AND/OR PREVENTING CANCER,AU;BR;CA;CN;DK;EP;ES;HU;IN;JP;KR;MX;PL;PT;RU;US;WO,True
43824540,CA-2713610-C,Cytarabine,ECTOPIC PREGNANCY TREATMENT,AU;CA;US,False
61731478,WO-2019158581-A1,Cytarabine,TARGETING MINIMAL RESIDUAL DISEASE IN CANCER WITH CD36 ANTAGONISTS,CA;EP;GB;US;WO,False
65911206,WO-2019162756-A2,Cytarabine,LIQUID PHARMACEUTICAL COMPOSITIONS OF ANTICANCER DRUGS,WO,False
59055994,US-20190263799-A1,Cytarabine,"1H-IMIDAZO[4,5-B]PYRIDINYL AND 2-OXO-2,3-DIHYDRO-1H-IMIDAZO[4,5-B]PYRIDINYL HETEROCYCLIC BET BROMODOMAIN INHIBITORS",CA;CN;MO;US;WO,False
50628028,IL-267242-A,Cytarabine,Cancer treatment,BR;CA;CN;CY;DK;EP;ES;HK;HR;HU;ID;IL;JP;LT;ME;MX;MY;NZ;PH;PL;PT;RS;RU;SI;SM;US;VN;WO,True
52875332,EP-3129367-B1,Cytarabine,"2,3-DISUBSTITUTED PYRIDINE COMPOUNDS AS TGF-BETA INHIBITORS",AR;CN;EP;ES;GC;IN;JP;TW;US;UY;WO,True
57286884,US-20190270826-A1,Cytarabine,"ANTI-IL1RAP ANTIBODIES, BISPECIFIC ANTIGEN BINDING MOLECULES THAT BIND IL1RAP AND CD3, AND USES THEREOF",AR;AU;BR;CA;CL;CN;CO;CR;EA;EC;EP;ID;IL;IN;JO;JP;KR;MA;MX;MY;NI;PE;PH;SG;TW;US;UY;VN;WO,False
61015159,US-20190269711-A1,Cytarabine,METHODS OF TREATING CANCER,AU;CA;CN;EP;US;WO,False
65991889,WO-2019169181-A1,Cytarabine,COMPOSITIONS AND METHODS FOR TREATING CANCER USING LACTOBACILLUS SALIVARIUS,WO,False
65952058,WO-2019169168-A1,Cytarabine,COMPOSITIONS AND METHODS FOR TREATING CANCER USING AGATHOBACULUM,WO,False
65991888,WO-2019169143-A1,Cytarabine,COMPOSITIONS AND METHODS FOR TREATING CANCER USING TURICIBACTER SANGUINIS,WO,False
65767310,WO-2019169138-A1,Cytarabine,COMPOSITIONS AND METHODS FOR TREATING CANCER USING PARACLOSTRIDIUM BENZOELYTICUM,WO,False
50274695,US-20190275175-A1,Cytarabine,Carbon Nanotubes for Imaging and Drug Delivery,US,False
65991904,WO-2019178494-A1,Cytarabine,COMPOSITIONS AND METHODS FOR TREATING CANCER AND INFLAMMATION USING TYZZERELLA NEXILIS,WO,False
65991903,WO-2019178490-A1,Cytarabine,COMPOSITIONS AND METHODS FOR TREATING CANCER AND INFLAMMATION USING KLEBSIELLA OXYTOCA,WO,False
65991902,WO-2019178487-A2,Cytarabine,COMPOSITIONS AND METHODS FOR TREATING DISEASE USING KLEBSIELLA QUASIPNEUMONIAE SUBSP. SIMILIPNEUMONIAE,WO,False
67904811,US-20190282584-A1,Cytarabine,HETEROCYCLIC INHIBITORS OF ATR KINASE,CN;EP;JP;US;WO,False
65363317,GR-1009604-B,Cytarabine,METHOD OF PREPARATION AND USE OF PHOSPHOINOSITIDE 3-KINASE INHIBITORS IN TREATING CANCER,GR,False
51580726,US-10420748-B2,Cytarabine,Methods of treatment associated with the granulocyte colony-stimulating factor receptor,US;WO,False
62751577,US-10428067-B2,Cytarabine,Compounds and methods for kinase modulation,US;WO,False
66397352,WO-2019186497-A1,Cytarabine,DIPEPTIDE PIPERIDINE DERIVATIVES,AR;AU;CA;EP;PL;TW;US;WO,False
57144272,US-10436788-B2,Cytarabine,"Isolation, detection, diagnosis and/or characterization of circulating Trop-2-positive cancer cells",AU;CA;CN;EP;IN;JP;US;WO,False
50681898,EP-3299019-B1,Cytarabine,HETEROAROMATIC COMPOUNDS AS PI3 KINASE MODULATORS AND METHODS OF USE,AU;BR;CA;CN;EP;ES;HK;ID;IN;JP;KR;MY;RU;SG;TW;US;WO;ZA,True
68098078,WO-2019195770-A1,Cytarabine,COMPOSITIONS AND METHODS COMPRISING ANTI-NRP2 ANTIBODIES,AU;CA;CN;EP;HK;JP;TW;US;WO,False
68098783,US-20190309272-A1,Cytarabine,Genetically Modified Cell Lines Including a TP53 Modification and Methods of Use,US,False
68531593,US-20190309066-A1,Cytarabine,COMBINATION THERAPY FOR THE TREATMENT OF SOLID AND HEMATOLOGICAL CANCERS,US,False
62107017,US-10441564-B2,Cytarabine,Fructose analogs and their combinations as anti-cancer agents,CN;US,False
38218600,EP-2495016-B1,Cytarabine,Bicyclic Heteroaryl Compounds,AU;BE;BR;CA;CN;CY;DK;EA;EP;ES;FR;HU;IL;IN;JP;KR;LT;LU;MX;PL;PT;SI;US;WO,True
68161046,US-20190314324-A1,Cytarabine,COMBINATION OF MICHELIOLIDE DERIVATIVES OR NANOPARTICLES WITH IONIZING RADIATION AND CHECKPOINT INHIBITORS FOR CANCER THERAPY,US,False
58424795,US-10449259-B2,Cytarabine,Enzyme-responsive peptide nanofiber compositions and uses thereof,US;WO,False
62063462,WO-2019207051-A1,Cytarabine,MEDICAL USE OF COMBINATIONS OF NON-NATURAL SEMAPHORINS 3 AND ANTIMETABOLITES,WO,False
59284957,US-20190328857-A1,Cytarabine,CALR AND JAK2 VACCINE COMPOSITIONS,AU;CA;CN;EP;IL;JP;US;WO,False
62146196,US-20190328734-A1,Cytarabine,Use of Sanglifehrin Macrocyclic Analogues as Anticancer Compounds,AU;BR;CA;CN;EP;IN;JP;KR;MX;US;WO,False
62559358,US-20190328720-A1,Cytarabine,INHIBITORS OF DIHYDROCERAMIDE DESATURASE FOR TREATING DISEASE,US;WO,False
52391006,US-10463743-B2,Cytarabine,"Amphiphilic drug-drug conjugates for cancer therapy, compositions and methods of preparation and uses thereof",US,False
54010906,EP-3341478-B1,Cytarabine,METHOD FOR GENERATING A RNA-SEQUENCING LIBRARY,AU;CA;CN;EP;JP;KR;US;WO,False
50653951,KR-102043603-B1,Cytarabine,Isolation of lung cancer cells and proliferation thereof using suspension culture method,KR,False
53643655,CN-104761507-B,Cytarabine,氨基喹唑啉衍生物及其在药物中的应用,CN,False
50068463,EP-2879675-B1,Cytarabine,COMPOUNDS AND METHODS FOR TARGETING HSP90,EP;US;WO,False
49709549,EP-3077007-B1,Cytarabine,REVERSIBLE PEGYLATION OF NANOCARRIERS,EP;US;WO,False
66589527,WO-2019219612-A1,Cytarabine,SERUM BIOMARKERS,CN;EP;HK;JP;US;WO,False
46831088,US-10485780-B2,Cytarabine,Methods and compositions for the treatment of proliferative disorders,CN;US;WO,False
68614852,US-20190358224-A1,Cytarabine,SMALL MOLECULE MODULATORS OF NR2F6 ACTIVITY,US,False
63253005,US-20190365897-A1,Cytarabine,THERAPEUTIC COMPOSITIONS AND RELATED METHODS FOR PHOTOIMMUNOTHERAPY,AU;CA;CN;EP;HK;JP;SG;US;WO,False
58631991,US-20190365681-A1,Cytarabine,TREATMENT OF CANCER WITH COMBINATIONS OF RXR AGONISTS AND THYROID HORMONES,EP;HK;US;WO,False
51023194,AU-2014274982-B2,Cytarabine,Compositions and methods for conjugating activatable antibodies,AU;BR;CA;CN;EP;HK;IN;JP;KR;RU;US;WO,False
61972255,US-10500213-B2,Cytarabine,Compounds that inhibit Mcl-1 protein,AR;AU;BR;CA;CL;CN;CO;CR;CY;DK;EA;EP;ES;FI;HK;HR;HU;ID;IL;IN;JO;JP;KR;LT;MA;MX;MY;NZ;PE;PH;PL;PT;RS;SA;SG;SI;SM;TW;UA;US;UY;VN;WO,True
52432501,US-10500209-B2,Cytarabine,Quinazolinones as bromodomain inhibitors,AU;CA;CN;EA;EP;HK;IL;IN;JP;KR;MO;US;WO,False
41124251,EP-3578195-A1,Cytarabine,USE OF HSP70 AS A REGULATOR OF ENZYMATIC ACTIVITY,AT;AU;BR;CA;CN;DK;EP;ES;FI;HK;HU;IL;JP;PL;PT;RU;US;WO,True
54006267,US-20190381137-A1,Cytarabine,"BOLAAMPHIPHILIC COMPOUNDS, COMPOSITIONS AND USES THEREOF",AU;CA;EP;IL;US;WO,False
59460346,CN-106916112-B,Cytarabine,嘧啶衍生物及其制备方法和在医药上的应用,CN,False
55417520,CN-105384695-B,Cytarabine,嘧啶衍生物及其制备方法和在医药上的应用,CN,False
59256874,TW-I680986-B,Cytarabine,"Conjugate of cytotoxic drug, pharmaceutical composition containing it and uses thereof",TW,False
68984666,WO-2020004937-A1,Cytarabine,ANTI-BCMA ANTIBODY-DRUG CONJUGATE AND USE THEREOF,CA;CN;EP;JP;KR;US;WO,False
68987359,US-20200001068-A1,Cytarabine,Drug Cartridge-Based Infusion Pump,US;WO,False
63169659,US-20200009266-A1,Cytarabine,IN VIVO GENE THERAPY FOR IMMUNE DEFICIENCIES,US;WO,False
58186741,US-20200009144-A1,Cytarabine,Combination Therapy Comprising Varlitinib and an Anticancer Agent,CN;EP;ES;HK;JP;KR;US;WO,True
59021239,AU-2018274176-A1,Cytarabine,Heat shock protein inducers and frontotemporal disorders,AU;BR;CA;CN;EP;HK;IL;JP;MX;RU;US;WO,False
43900696,MY-173390-A,Cytarabine,ANTI-GCC ANTIBODY MOLECULES AND RELATED COMPOSITIONS AND METHODS,AR;AU;BR;CA;CL;CN;CR;DO;EA;EC;EP;ES;GE;HK;ID;IL;IN;JP;KR;MA;MX;MY;NZ;PE;PH;PL;SA;SG;TN;TW;UA;US;VN;WO;ZA,True
50101591,AU-2018226488-B2,Cytarabine,TREATMENT AND DIAGNOSIS OF MELANOMA,AU;CA;CN;DK;EP;ES;HK;HU;JP;MO;US;WO,True
63862181,WO-2020021300-A1,Cytarabine,USE OF MYELOPEROXIDASE (MPO) INHIBITORS FOR THE TREATMENT OF CHEMORESISTANT ACUTE MYELOID LEUKEMIA (AML),WO,False
58737791,US-20200030455-A1,Cytarabine,MULTISTEP TUMOR TARGETING BY TAGGED ANTIBODY DERIVATIVES AND TAGGED DRUGS,EP;IT;US;WO,False
69181957,CA-3106563-A1,Cytarabine,COMPOSITIONS AND METHODS FOR TREATING NRP2-ASSOCIATED DISEASES,AU;CA;CN;EP;HK;JP;US;WO,False
56879003,US-10548864-B2,Cytarabine,"Enhanced ATRA-related compounds for the treatment of proliferative diseases, autoimmune diseases, and addiction conditions",US;WO,False
69230570,WO-2020024834-A1,Cytarabine,COMBINATION PRODUCT OF BCL-2 INHIBITOR AND CHEMOTHERAPEUTIC AGENT AND USE THEREOF IN THE PREVENTION AND/OR TREATMENT OF DISEASES,AU;CA;CN;EP;HK;TW;US;WO,False
51494506,AU-2014308920-B2,Cytarabine,Anti-PRLR antibodies and uses thereof,AR;AU;BR;CA;CL;CN;EA;EP;HK;ID;IL;IN;JP;KR;MA;MX;MY;NZ;PH;SG;TW;US;UY;VN;WO,False
69415139,WO-2020033572-A1,Cytarabine,PARN AS A BIOMARKER AND THERAPEUTIC TARGET,US;WO,False
63557655,WO-2020030954-A1,Cytarabine,THERANOSTICS-LIKE PROTEIN SANPS CONJUGATED TO INTEGRIN AND PMSA TARGETING PEPTIDES AND THERAPY OF PROSTATE CANCER,WO,False
59226993,US-10562909-B2,Cytarabine,"Fused quadracyclic compounds, compositions and uses thereof",AU;CA;CN;EP;ES;HK;JP;TW;US;WO,True
43625768,US-10568965-B2,Cytarabine,Aminopyrimidine inhibitors of tyrosine kinase,US,False
52142250,EP-3015116-B1,Cytarabine,ANTIBODY-DRUG CONJUGATE HAVING IMPROVED STABILITY AND USE THEREOF,AU;BR;CA;CN;EP;JP;KR;RU;US;WO,False
62491629,US-20200063210-A1,Cytarabine,Gene Expression Signatures Associated with Patient Response to Acute Myeloid Leukemia Treatment and Use Thereof for Predicting Response to Therapy,US;WO,False
64105051,US-20200062771-A1,Cytarabine,POTENT AGELASTATIN DERIVATIVES AS MODULATORS FOR CANCER INVASION AND METASTASIS,US;WO,False
48290615,US-10577154-B2,Cytarabine,"Passivation, pH protective or lubricity coating for pharmaceutical package, coating process and apparatus",AU;CA;CN;EP;JP;US;WO,False
69643309,WO-2020047037-A1,Cytarabine,NOVEL HETEROAROMATIC COMPOUNDS AS POTENT MODULATORS OF THE HIPPO-YAP SIGNALING PATHWAY LATS1/2 KINASES,US;WO,False
62791028,US-20200071288-A1,Cytarabine,SELECTIVE HISTONE DEACETYLASE INHIBITORS FOR THE TREATMENT OF HUMAN DISEASE,CA;EP;ES;HK;US;WO,True
59594983,US-20200069583-A1,Cytarabine,IN SITU PHASE CHANGE GEL SUSTAINED-RELEASE SYSTEM FOR SMALL MOLECULE DRUG AND PREPARATION METHOD THEREOF,CN;EP;US;WO,False
69722840,WO-2020051342-A1,Cytarabine,METHODS FOR TREATING METASTATIC DISEASE USING RIBOSOME BIOGENESIS INHIBITOR CX 5461,WO,False
66849477,KR-102090444-B1,Cytarabine,Anti-ICAM4 antibody and uses thereof as agents for diagnosis and treatment of diseases caused by ICAM4-expressing cell,KR;WO,False
69777041,WO-2020053634-A1,Cytarabine,ANTI-CD22 HEAVY-CHAIN VARIABLE DOMAIN ANTIBODY,WO,False
61559594,US-20200087310-A1,Cytarabine,Ectonucleotidase Inhibitors and Methods of Use Thereof,CN;EP;HK;JP;TW;US;WO,False
63522625,US-20200085972-A1,Cytarabine,ENGINEERED LIPOSOMES AS CANCER-TARGETED THERAPEUTICS,CA;EP;US;WO,False
58228590,EP-3423447-B1,Cytarabine,PIPERIDINE DERIVATIVE AND METHODS OF USE THEREOF,AU;CA;CN;EP;HK;IN;JP;KR;MX;US;WO,False
55629432,EP-3202765-B1,Cytarabine,POLYCYCLIC ANAPLASTIC LYMPHOMA KINASE INHIBITOR,CN;EP;ES;HK;JP;KR;US;WO,True
54196911,EP-3347048-B1,Cytarabine,ANTIBODIES HAVING SPECIFICITY TO NECTIN-4 AND USES THEREOF,EP;ES;JP;US;WO,True
39283481,US-10610533-B2,Cytarabine,Methods of treating oral mucositis,AU;CA;CY;DK;EP;ES;HK;HU;LT;PL;PT;SI;TR;US;WO,True
63840879,EP-3630262-A2,Cytarabine,"SYSTEMS AND METHODS FOR SELECTIVE, TARGETED OPENING OF THE BLOOD-BRAIN BARRIER",CN;EP;JP;US;WO,False
70052622,WO-2020072840-A1,Cytarabine,COMPOSITIONS AND METHODS FOR ISOLATING CIRCULATING CELLS,EP;US;WO,False
59683869,US-20200109491-A1,Cytarabine,NANOFIBERS COMPRISING FIBROIN AS WELL AS SYSTEM COMPRISING HYDROGEL AND SAID NANOFIBERS,AU;CA;CN;EP;IN;IT;JP;US;WO,False
59271054,US-20200114003-A1,Cytarabine,SONODYNAMIC THERAPY,CN;EP;GB;US;WO,False
63919842,US-20200123190-A1,Cytarabine,5&apos;-POSITION DIBENZYL MONOPHOSPHATE DERIVATIVE OF NUCLEOSIDE-BASED ANTICANCER AGENT OR ANTIVIRUS AGENT,CN;JP;US;WO,False
66101160,AU-2018348198-A1,Cytarabine,Modulating the immune response using antibody-drug conjugates,AR;AU;BR;CA;CN;EA;EP;HK;IL;JP;KR;MA;MX;SG;TW;US;WO,False
55022711,EP-3229830-B1,Cytarabine,METHODS OF TREATING AND PROGNOSING NONHEMATOPOIETIC MALIGNANT TUMORS,CA;DK;EP;ES;JP;PT;US;WO,True
70327575,US-20200129470-A1,Cytarabine,"COMBINATIONS OF ARTEMISININS, BCL-2 INHIBITORS, AND KINASE INHIBITORS FOR CANCER TREATMENT",US,False
58051927,US-10639276-B2,Cytarabine,Liposomes with ginsenoside as membrane material and preparations and use thereof,AU;CA;CN;EP;IN;JP;US;WO,False
63168471,EP-3645530-A2,Cytarabine,BRANCHED MULTI-FUNCTIONAL MACROMONOMERS AND RELATED POLYMERS AND USES THEREOF,CA;CN;EP;JP;KR;US;WO,False
64737362,US-20200138804-A1,Cytarabine,METHODS FOR TREATING CANCER,CA;CN;EP;HK;JP;US;WO,False
48998708,KR-102107372-B1,Cytarabine,2-[5-[N-(4-FLUOROPHENYL)CARBAMOYL]PYRIMIDIN-2-YLSULFANYLMETHYL]-4-(TRIFLUOROMET HOXY)PHENYL]BORONIC ACID,AU;CA;CN;DK;EP;ES;IL;IN;JP;KR;MX;NO;WO,True
36764070,CA-2493282-C,Cytarabine,METHOD AND COMPOSITION FOR INHIBITING CANCER CELL GROWTH USING UREASE AND WEAKLY BASIC ANTI-CANCER COMPOUNDS,CA,False
70611603,WO-2020097324-A1,Cytarabine,TARGETING THE TRANSCRIPTION FACTOR NF-KB WITH HARMINE,US;WO,False
59091302,US-20200147037-A1,Cytarabine,NEW TREATMENT OF BRAIN CANCER,EP;US;WO,False
50976916,US-10653694-B2,Cytarabine,Cytotoxic compounds which are inhibitors of the polymerisation of tubulin,EP;ES;FR;US;WO,True
58691368,EP-3373934-B1,Cytarabine,CRYSTALLINE FORM OF A SUBSTITUTED QUINOLINE COMPOUND AND PHARMACEUTICAL COMPOSITIONS THEREOF,EP;JP;US;WO,False
70727684,US-20200157114-A1,Cytarabine,OPTICALLY ACTIVE AZABICYCLO RING DERIVATIVE,AU;BR;CA;CN;EA;EP;HK;ID;JP;KR;MX;MY;PH;SG;TW;US;VN;WO,False
70731763,WO-2020102304-A1,Cytarabine,"COMBINATION OF A KINASE INHIBITOR AND AN ELECTROLYTE, COMPOSITIONS AND METHODS COMPRISING THE SAME",WO,False
59381084,US-20200164078-A1,Cytarabine,APPLICABLE CHEMICAL COMPOSITION COMPRISING AN AGENT CONJUGATED TO A HYDROPHOBIC MOIETY AND A CARRIER,EP;US;WO,False
64426982,SG-11202003437P-A,Cytarabine,CALCIUM RELEASE-ACTIVATED CALCIUM CHANNEL MODULATORS FOR TREATING HEMATOLOGICAL AND SOLID CANCERS,AU;BR;CA;CN;EA;EP;HK;IL;IN;JP;KR;SG;US;WO,False
64109970,AU-2018353533-A1,Cytarabine,CRAC channel modulators for treating esophageal cancer,AU;BR;CA;CN;EA;EP;HK;IL;IN;JP;KR;SG;US;WO,False
55752503,EP-3405217-B1,Cytarabine,"NOVEL NANOPARTICLES OF MESOPOROUS ORGANOSILICIUM, THEIR MANUFACTURING METHOD AND THEIR USES",CA;EP;FR;US;WO,False
70853505,WO-2020112627-A1,Cytarabine,COMBINATIONS OF PARP INHIBITORS AND MAPK ACTIVATORS TO TREAT CANCER,WO,False
67659949,US-20200171146-A1,Cytarabine,"METHODS OF TREATING LUNG CANCER WITH A PD-1 AXIS BINDING ANTAGONIST, AN ANTIMETABOLITE, AND A PLATINUM AGENT",AU;BR;CA;CN;EP;HK;IL;JP;KR;MX;TW;US;WO,False
70848919,US-20200170972-A1,Cytarabine,METHODS OF TREATING DISEASE WITH DICHLORPHENAMIDE,US;WO,False
65361058,EP-3668839-A1,Cytarabine,HETEROCYCLIC INHIBITORS OF ATR KINASE,CN;EP;JP;US;WO,False
65439510,US-20200197385-A1,Cytarabine,THERAPEUTIC AGENT FOR CANCER CONTAINING AXL INHIBITOR AS ACTIVE INGREDIENT,EP;JP;US;WO,False
71122810,US-20200208114-A1,Cytarabine,TAXONOMY AND USE OF BONE MARROW STROMAL CELL,US,False
53836805,AU-2015277212-B2,Cytarabine,Method for treating cancer using a combination of Chk1 and ATR inhibitors,AU;BR;CA;CN;DK;EP;ES;HK;HR;HU;IL;IN;JP;KR;LT;MX;NZ;PL;PT;RS;RU;SG;SI;US;WO;ZA,True
66917008,CN-109867671-B,Cytarabine,"一种吡唑[1,5-a]吡啶化合物的晶型及其药物组合物和用途",CN,False
69887974,WO-2020061106-A4,Cytarabine,"MATTER OF COMPOSITION, SYNTHESIS, FORMULATION AND APPLICATION OF FL118 PLATFORM POSITIONS 7 AND 9-DERIVED ANALOGUES FOR TREATMENT OF HUMAN DISEASE",CA;CN;EP;IN;JP;US;WO,False
53761606,US-20200215171-A1,Cytarabine,TREATMENT OF CANCER USING A CLL-1 CHIMERIC ANTIGEN RECEPTOR,AR;AU;BR;CA;CN;CO;EP;HK;IL;IN;JP;KR;MX;MY;RU;SG;TW;US;WO,False
65200753,EP-3679952-A1,Cytarabine,NANOEMULSIONS ENCAPSULATING PRODRUGS,EP;WO,False
63832483,EP-3679057-A1,Cytarabine,EXTRACELLULAR VESICLES FROM PREVOTELLA,AR;AU;BR;CA;CN;EP;HK;IN;JP;KR;MA;MX;TW;US;WO,False
71518059,US-20200222555-A1,Cytarabine,ITDC COMPOSITIONS AND METHODS FOR USE IN THERAPEUTIC METHODS,US,False
48614105,US-20200222392-A1,Cytarabine,COMPOUNDS USEFUL AS INHIBITORS OF ATR KINASE AND COMBINATION THERAPIES THEREOF,AU;CA;CN;DK;EP;ES;HK;HR;HU;IN;JP;LT;MX;NO;NZ;PL;PT;RS;SI;TW;US;WO,True
71613569,WO-2020150256-A1,Cytarabine,INDOLE MOLECULES AND USE THEREOF IN THE INHIBITION OF DNA POLYMERASES,US;WO,False
55404745,US-10722505-B2,Cytarabine,"Substituted 2,4 diamino-quinoline as new anticancer agents",AU;BR;CA;CL;CN;CO;CR;CY;DK;DO;EA;EC;EP;ES;GE;HK;HR;ID;IL;IN;JP;KR;LT;MA;MY;NI;NZ;PE;PH;PL;PT;RS;SG;SI;TH;TN;TR;UA;US;VN;WO,True
55458346,EP-3191475-B1,Cytarabine,"CRYSTALLINE FORMS OF 6-((6, 7-DIMETHOXYQUINAZOLIN-4-YL)OXY) -N,2-DIMETHYLBENZOFURAN-3-CARBOXAMIDE",AU;BR;CA;CL;CN;CY;DK;EA;EP;ES;FI;FR;HK;HR;HU;ID;IL;JP;KR;LT;MO;MX;MY;NL;NO;NZ;PE;PH;PL;PT;RS;SG;SI;SM;TW;UA;US;WO;ZA,True
65656027,WO-2020152462-A1,Cytarabine,PYRROLOBENZODIAZEPINE DERIVATIVES AS INHIBITORS OF NF-KAPPA B FOR THE TREATMENT OF PROLIFERATIVE DISEASES,GB;WO,False
53524389,AU-2015204572-B2,Cytarabine,LXR agonists and uses thereof,AU;CA;EP;HK;US;WO,False
68862780,CN-110583573-B,Cytarabine,一种血虚小鼠模型的构建及评价方法,CN,False
71840071,KR-20200093205-A,Cytarabine,Method for prediction of treatment response in acute myelogenous leukemia using CD markers derived from exosomes,KR;WO,False
58718977,EP-3378495-B1,Cytarabine,"COMPOSITION COMPRISING NOVEL GLUTAMIC ACID DERIVATIVE AND BLOCK COPOLYMER, AND USE THEREOF",EP;JP;US;WO,False
63528919,US-20200247821-A1,Cytarabine,MACROCYCLIC COMPOUNDS THAT INHIBIT MCL-1 PROTEIN,EP;MA;US;WO,False
51210082,AU-2019200688-B2,Cytarabine,Selective glycosidase regimen for immune programming and treatment of cancer,AU;CA;CN;EP;JP;KR;MX;US;WO,False
66101249,EP-3692994-A1,Cytarabine,FORMULATION CONTAINING A-DECARBONIZED-5 ANDROSTANE COMPOUND FOR INCREASING WHITE BLOOD CELL AND USE THEREOF,AU;CA;CN;EP;HK;JP;US;WO,False
65767281,AU-2019217526-A1,Cytarabine,Compositions and methods for treating cancer and immune disorders using Veillonella bacteria,AR;AU;BR;CA;CN;CO;EP;HK;IN;JP;KR;MX;SA;TW;US;WO,False
49551435,US-10745759-B2,Cytarabine,Methods and compositions for the prognosis and treatment of relapsed leukemia,US;WO,False
49816837,US-10744277-B2,Cytarabine,Aerosol delivery device and method of operating the aerosol delivery device,AU;EP;ES;JP;US;WO,True
72141578,US-20200270362-A1,Cytarabine,MSLN TARGETING TRISPECIFIC PROTEINS AND METHODS OF USE,AU;BR;CA;CN;EA;EP;HK;IN;JP;KR;US;WO,False
67128350,TW-I702949-B,Cytarabine,PHARMACEUTICAL COMBINATION FOR TREATING LEUKEMIA AND USE THEREOF IN THE PREPARATION OF A MEDICAMENT FOR TREATING ACUTE MYELOID LEUKEMIA,CN;TW,False
72240068,WO-2020176718-A1,Cytarabine,COMBINATION THERAPIES,AU;CA;CN;EP;HK;JP;US;WO,False
63407234,US-20200281932-A1,Cytarabine,FORMULATIONS OF COPANLISIB,AR;AU;BR;CA;CL;CN;CO;CR;CU;DK;DO;EA;EP;ES;FI;GE;HK;HR;HU;ID;IL;IN;JO;JP;KR;LT;MA;MX;MY;NI;PE;PH;PL;RS;SG;SI;TW;UA;US;UY;VN;WO;ZA,True
50025684,US-20200281930-A1,Cytarabine,HUMAN PAPILLOMA VIRUS AS PREDICTOR OF CANCER PROGNOSIS,AU;CA;EP;HK;IL;US;WO,False
47139740,US-20200289662-A1,Cytarabine,ANTIBODY-ACTIVE AGENT CONJUGATES AND METHODS OF USE,BR;CA;CN;CY;DK;EP;ES;HK;HR;HU;IL;IN;JP;KR;LT;MX;MY;PH;PL;PT;RS;RU;SG;SI;SM;US;WO,True
72424784,US-20200289425-A1,Cytarabine,CARBON DOT LIPOSOMES AND USES THEREOF,US,False
56092544,US-10781471-B2,Cytarabine,NRAS related cancer therapy,US;WO,False
60574611,US-10781197-B2,Cytarabine,Sulfonamide analogues of galiellalactone,CN;EP;JP;KR;SE;US;WO,False
52480556,NZ-756328-A,Cytarabine,Nucleic acids encoding human antibodies to sialyl-lewisa,AU;BR;CA;CN;CY;DK;EP;ES;HK;HR;HU;IL;IN;JP;KR;LT;MO;NZ;PL;PT;RS;RU;SI;SM;US;WO;ZA,True
53794072,EP-3331650-B1,Cytarabine,METHOD OF MANUFACTURING A VIBRATABLE HEAD FOR AN AEROSOL GENERATOR AND VIBRATABLE HEAD FOR AN AEROSOL GENERATOR,CA;EP;ES;JP;US;WO,True
49759055,EP-3076951-B1,Cytarabine,PROCESS FOR THE PRODUCTION OF DRUG FORMULATIONS FOR ORAL ADMINISTRATION,CA;EP;JP;KR;US;WO,False
59337834,US-10792373-B2,Cytarabine,Drug delivery polymers and uses thereof,US;WO,False
46064554,CA-2818813-C,Cytarabine,ANTI-IL-6 ANTIBODIES FOR THE TREATMENT OF ORAL MUCOSITIS,AU;CA;DK;EP;ES;US;WO,True
65995905,AU-2019239952-A1,Cytarabine,"Compounds and methods for IDO and TDO modulation, and indications therefor",AU;CA;CN;EP;JP;US;WO,False
66665790,US-20200323898-A1,Cytarabine,COMPOSITIONS AND METHODS FOR TREATING ACUTE MYELOID LEUKEMIA,US;WO,False
54241187,US-10807944-B2,Cytarabine,HDAC inhibitor compounds and methods of treatment,US;WO,False
37595850,EP-3725299-A1,Cytarabine,A DIRECT DRUG DELIVERY SYSTEM BASED ON THERMALLY RESPONSIVE BIOPOLYMERS,CA;CN;EP;JP;KR;US;WO,False
72833359,WO-2020214783-A1,Cytarabine,IMIDAZOQUINOLINE COMPOUNDS AND PRODRUGS THEREOF,US;WO,False
72832916,US-20200332020-A1,Cytarabine,ANTIBODY FRAGMENTS FOR DETECTING CANCER AND METHODS OF USE,US,False
67062834,US-20200331949-A1,Cytarabine,D-GLYCERO-B-D-HEPTOSE 1-PHOSPHATE (HMP) CONJUGATES AND USE FOR TARGETED IMMUNE MODULATION,CA;EP;US;WO,False
55398243,US-20200330467-A1,Cytarabine,METHOD AND PHARMACEUTICAL COMPOSITIONS FOR THE TREATMENT OF MULTIPLE MYELOMA,US;WO,False
55543068,AU-2016226468-B2,Cytarabine,TGF-beta inhibitors,AR;AU;BR;CA;CL;CN;CO;EA;EP;ES;HK;IL;IN;JP;KR;MX;MY;PE;PH;SG;TN;TW;US;VN;WO;ZA,True
52875228,AU-2015229591-B2,Cytarabine,Anti-EGFRvlll antibodies and uses thereof,AU;BR;CA;CL;CN;CY;DK;EA;EP;ES;HK;HR;HU;ID;IL;IN;JP;KR;LT;MA;ME;MX;MY;NZ;PH;PL;PT;RS;SG;SI;SM;US;VN;WO;ZA,True
47351353,EP-2928466-B1,Cytarabine,USE OF MALEIMIDE DERIVATIVES FOR PREVENTING AND TREATING LEUKEMIA,CA;EP;ES;JP;US;WO,True
66102028,SG-11202008696R-A,Cytarabine,USE OF CALORIC RESTRICTION MIMETICS FOR POTENTIATING CHEMO-IMMUNOTHERAPY FOR THE TREATMENT OF CANCERS,AU;BR;CA;CN;EP;HK;JP;KR;RU;SG;US;WO,False
67063216,GB-2583606-A,Cytarabine,"Indoleamine 2,3-Dioxygenase inhibitors and use of same in medicine",CN;GB;TW;US;WO,False
39032556,EP-2052011-B1,Cytarabine,TARGETED POLYLYSINE DENDRIMER THERAPEUTIC AGENT,AU;CN;DK;EP;ES;IN;PL;US;WO,True
73029366,WO-2020223609-A1,Cytarabine,METHODS AND COMPOSITIONS FOR SENSITIZING CANCER CELLS TO DRUG-INDUCED APOPTOSIS,US;WO,False
73029515,WO-2020223530-A1,Cytarabine,GEMCITABINE PRODRUGS,WO,False
73029700,WO-2020222161-A1,Cytarabine,COMPOSITIONS COMPRISING BACTERIALLY DERIVED INTACT MINICELLS FOR THERANOSTIC APPLICATIONS,US;WO,False
56567730,US-10829484-B2,Cytarabine,"Compounds and methods for kinase modulation, and indications therefor",US;WO,False
73051662,WO-2020227676-A1,Cytarabine,COMPOSITIONS AND METHODS FOR TREATING CANCER,EP;US;WO,False
67219158,EP-3737376-A1,Cytarabine,SELECTIVE HISTONE DEACETYLASE INHIBITORS FOR THE TREATMENT OF HUMAN DISEASE,CA;CN;EP;ES;HK;US;WO,True
73289023,WO-2020232401-A1,Cytarabine,COMBINATION THERAPIES WITH IRE1 SMALL MOLECULE INHIBITORS,US;WO,False
73230939,WO-2020232119-A1,Cytarabine,ANTI-CANCER NUCLEAR HORMONE RECEPTOR-TARGETING COMPOUNDS,AU;BR;CA;CL;CN;EA;EP;HK;IL;IN;JP;KR;MX;SG;US;WO,False
68540787,AU-2019271297-A1,Cytarabine,Methods of modulating antigenicity to enhance recognition by T-cells,AU;CA;EP;JP;US;WO,False
68239059,AU-2019256465-A1,Cytarabine,4&apos;-thio-nucleotide and -nucleoside prodrugs for the treatment of cancer,AU;CA;CN;EP;JP;KR;US;WO,False
73552045,WO-2020242970-A1,Cytarabine,PRESERVATION USING SUGARS,WO,False
79183469,MY-180594-A,Cytarabine,PROTEASOME INHIBITORS,MY,False
73552382,KR-20200136851-A,Cytarabine,Liposome comprising glutathione-S-transferase and protein binding to target cell or target protein and uses thereof,KR;WO,False
67003412,EP-3750892-A1,Cytarabine,"NOVEL 5-CYCLOPROPYL-FURO[3,4-C]PYRIDINE-3,4(1H,5H)-DIONE 1,1&apos; SUBSTITUTED DERIVATIVES AND THEIR USES",EP,False
72144737,US-20200390889-A1,Cytarabine,REMOTELY TRIGGERED THERAPY,US,False
67219188,US-20200390796-A1,Cytarabine,ANTIVIRAL PRODRUGS AND FORMULATIONS THEREOF,CA;EP;HK;US;WO,False
67619749,EP-3753966-A1,Cytarabine,"AMPHIPHILIC BLOCK COPOLYMER, PREPARATION METHOD THEREOF AND NANOMICELLE DRUG-LOADING SYSTEM",CN;EP;HK;JP;US;WO,False
68697839,US-20200399265-A1,Cytarabine,HIGHLY ACTIVE CSF1R INHIBITOR COMPOUND,CN;EP;JP;US;WO,False
67540174,GB-2585119-A,Cytarabine,Fully coated particles,AU;CA;CN;EP;GB;HK;IN;JP;KR;SG;US;WO,False
67846902,US-20210000785-A1,Cytarabine,"KETONE CARBONYL-CONTAINING HYDROPHOBIC ANTITUMOR DRUG AND CONJUGATE THEREOF AS WELL AS NANO PREPARATION CONTAINING CONJUGATE, PREPARATION METHOD THEREFOR, AND APPLICATION THEREOF",CN;EP;US;WO,False
74114829,WO-2021007524-A2,Cytarabine,CLONAL HEMATOPOIESIS IN TUMOR INFILTRATING LEUKOCYTES IN BREAST CANCER AND SECONDARY HEMATOLOGIC MALIGNANCIES,WO,False
62620997,US-20210009577-A1,Cytarabine,KRAS G12C INHIBITORS AND METHODS OF USING THE SAME,AR;AU;BR;CA;CL;CN;CO;CR;CY;DK;EA;EP;ES;HK;HR;HU;ID;IL;IN;JO;JP;KR;LT;MA;MO;MX;MY;NZ;PE;PH;PL;PT;RS;SA;SG;SI;SM;TH;TW;UA;US;UY;VN;WO;ZA,True
74102521,US-20210008118-A1,Cytarabine,METHOD FOR ENHANCING MIGRATION OF STEM CELLS INTO CANCER CELLS,KR;US,False
73782108,US-20210008110-A1,Cytarabine,ACTIVATED LYMPHOCYTIC CELLS AND METHODS OF USING THE SAME TO TREAT CANCER AND INFECTIOUS CONDITIONS,AU;BR;CA;CN;EP;IL;IN;JP;KR;MX;US;WO,False
66174290,US-20210008084-A1,Cytarabine,MEVALONATE PATHWAY INHIBITOR AND PHARMACEUTICAL COMPOSITION THEREOF,CN;EP;KR;US;WO,False
61249625,US-20210008047-A1,Cytarabine,TARGETING MINIMAL RESIDUAL DISEASE IN CANCER WITH RXR ANTAGONISTS,EP;US;WO,False
49769437,US-10894821-B2,Cytarabine,Activatable antibodies having non-binding steric moieties and methods of using the same,US;WO,False
49679895,TW-I716343-B,Cytarabine,PYRROLOBENZODIAZEPINES AND CONJUGATES THEREOF,AU;BR;CA;CN;EP;ES;GB;IN;JP;MX;NZ;TW;US;WO;ZA,True
58661831,CN-112245440-A,Cytarabine,Use of tocotrienol derivatives,CN;WO,False
74239047,KR-20210010608-A,Cytarabine,Thermosponge nanoparticle platform for control of drug release behavior and a pharmaceutical composition comprising the same,KR;WO,False
74239022,KR-20210010226-A,Cytarabine,Biopolymers and metal-organic frameworks conjugated complexes and uses thereof,KR,False
67988047,US-20210023182-A1,Cytarabine,ALKALINE PHOSPHATASE AGENTS FOR TREATMENT OF RADIATION DISORDERS,CA;EP;US;WO,False
68984680,SG-11202012064P-A,Cytarabine,COMBINATION OF POZIOTINIB WITH CYTOTOXIC AGENT AND/OR OTHER MOLECULARLY TARGETED AGENT AND USE THEREOF,AU;BR;CA;CN;EP;HK;ID;IL;IN;JP;KR;MX;MY;PH;RU;SG;TW;US;WO,False
74230566,WO-2021022121-A1,Cytarabine,NITRILOTRIACETIC ACID-CONTAINING LIPIDOID NANOPARTICLES,US;WO,False
67587607,EP-3772513-A1,Cytarabine,SHP2 INHIBITORS,CA;CN;EP;JP;US;WO,False
74498066,US-20210041441-A1,Cytarabine,DISCOVERY OF NOVEL MOLECULES AND REPURPOSED DRUGS FOR RAS FAMILY GTPases,US;WO,False
63581429,US-10918734-B2,Cytarabine,Treatment of high Trop-2 expressing triple negative breast cancer (TNBC) with sacituzumab govitecan (IMMU-132) overcomes homologous recombination repair (HRR) rescue mediated by Rad51,CA;CN;EP;HK;JP;RU;US;WO,False
49486871,US-10925979-B2,Cytarabine,Imageable polymers,CA;CN;EP;GB;HK;JP;US;WO,False
55264653,EP-3177595-B1,Cytarabine,ASYMMETRIC BISAMINOQUINOLINES AND BISAMINOQUINOLINES WITH VARIED LINKERS AS AUTOPHAGY INHIBITORS FOR CANCER AND OTHER THERAPY,EP;ES;US;WO,True
72291163,WO-2021035054-A1,Cytarabine,LYMPHODEPLETION DOSING REGIMENS FOR CELLULAR IMMUNOTHERAPIES,AU;CA;EP;HK;JP;US;WO,False
54767460,EP-3151817-B1,Cytarabine,SULFUR(VI) FLUORIDE COMPOUNDS AND METHODS FOR THE PREPARATION THEREOF,AU;CA;CN;EP;ES;HK;JP;US;WO,True
46457985,EP-2661281-B1,Cytarabine,HYDROPHOBIC MOLECULE-INDUCED BRANCHED POLYMER AGGREGATES AND THEIR USE,CA;CN;EP;JP;US;WO,False
74850852,US-20210071264-A1,Cytarabine,EXPRESSION AND GENETIC PROFILING FOR TREATMENT AND CLASSIFICATION OF DLBCL,US,False
43608847,US-20210069330-A1,Cytarabine,METHODS AND COMPOSITIONS FOR TUMOR RADIOSENSITIZATION,AU;CA;DK;EP;ES;US;WO,True
41077706,EP-2459227-B1,Cytarabine,Prodrugs containing an aromatic amine connected by an amide bond to a carrier,EP;US;WO,False
57286856,US-20210079016-A1,Cytarabine,AMORPHOUS SOLID FORM OF A BET PROTEIN INHIBITOR,AR;TW;US;WO,False
59496017,US-10954305-B2,Cytarabine,Combination of ABCG2 inhibitors with sacituzumab govitecan (IMMU-132) overcomes resistance to SN-38 in Trop-2 expressing cancers,CA;CN;EP;HK;IN;US;WO,False
74884705,WO-2021055705-A1,Cytarabine,BIAMINOQUINOLINES AND NANOFORMULATIONS FOR CANCER TREATMENT,CA;CN;EP;JP;US;WO,False
59225581,US-20210088520-A1,Cytarabine,TREATMENT OF TUMORS INCORPORATING MUTANT ISOCITRATE DEHYDROGENASE,AU;CA;CN;EP;HK;IL;JP;KR;MX;US;WO,False
75035036,CN-112552361-A,Cytarabine,"Cytarabine crystal, cytarabine freeze-dried powder and freeze-drying method",CN,False
66917041,CN-109867668-B,Cytarabine,"一种吡唑[1,5-a]吡啶化合物的晶型及其药物组合物和用途",CN,False
37964159,EP-2824105-B1,Cytarabine,Indolopyridines as Eg5 kinesin modulators,AR;AU;BR;CA;CN;EA;EP;HK;IL;IN;JP;KR;MX;NZ;TW;UA;US;WO;ZA,False
75166809,WO-2021061623-A1,Cytarabine,METHODS FOR PREDICTING AML OUTCOME,US;WO,False
75165005,WO-2021056270-A1,Cytarabine,SENOLYTIC PRODRUGS AND METHODS OF USE THEREOF,CN;US;WO,False
75163508,US-20210093730-A1,Cytarabine,BIOMARKERS FOR ANTIBODY-DRUG CONJUGATE MONOTHERAPY OR COMBINATION THERAPY,US;WO,False
63536771,US-20210093607-A1,Cytarabine,ANTITUMOR NANO-DRUG,CN;EP;US;WO,False
54288492,CA-2991975-C,Cytarabine,NOVEL LINKERS AND THEIR USES IN SPECIFIC CONJUGATION OF DRUGS TO A BIOLOGICAL MOLECULE,CA;CN;JP;WO,False
60972528,EP-3559009-B1,Cytarabine,COMPOSITIONS AND METHODS FOR INHIBITING ARGINASE ACTIVITY,AU;BR;CA;CL;CN;CO;CR;CY;DK;EA;EC;EP;ES;HK;HR;HU;ID;IL;IN;JP;KR;LT;MA;MD;MX;MY;NZ;PE;PH;PL;PT;RS;SG;SI;SM;TW;UA;US;VN;WO,True
63678174,US-20210100810-A1,Cytarabine,COMBINATION THERAPY FOR TREATING CANCER,US;WO,False
69778426,AU-2019339896-A1,Cytarabine,Methods of treating cancer by inhibiting ubiquitin conjugating enzyme E2 K (UBE2K),AU;BR;CA;CN;EP;HK;IL;IN;JP;KR;MA;MX;SG;US;WO,False
69054979,US-10975146-B2,Cytarabine,Interleukin-1 inhibition for combination treatment of pancreatic cancer,US,False
47073068,CA-2841452-C,Cytarabine,"NOVEL BISAMINOQUINOLINE COMPOUNDS, PHARMACEUTICAL COMPOSITIONS PREPARED THEREFROM AND THEIR USE",AU;CA;CN;EP;HK;JP;US;WO,False
75383719,WO-2021072350-A1,Cytarabine,SYNERGISTIC COMBINATION OF CHEMOTHERAPY AND PEPTIDE FOR TREATING CANCER,US;WO,False
56108356,IL-281484-A,Cytarabine,BCMA CHIMERIC ANTIGEN RECEPTORS,AU;BR;CA;CL;CN;CO;CY;DK;EA;EC;EP;ES;HK;HR;HU;ID;IL;IN;JP;KR;LT;MX;NZ;PL;PT;RS;SG;SI;SM;US;WO;ZA,True
75620058,CA-3158622-A1,Cytarabine,COMBINATION THERAPY FOR THE TREATMENT OF SOLID AND HEMATOLOGICAL CANCERS,AU;CA;CN;EP;JP;US;WO,False
69582831,TW-I726206-B,Cytarabine,"NOVEL COMPOUNDS OF CLOFARABINE DERIVATIVES, PRODUCING METHODS AND THE PHARMACEUTICAL COMPOSITION THEREOF.",TW,False
63448882,US-20210128602-A1,Cytarabine,METHODS FOR TREATMENT OR PREVENTION OF LEUKEMIA,US;WO,False
62145860,US-11000601-B2,Cytarabine,"Conjugated biological molecules, pharmaceutical compositions and methods",AU;BR;CA;CN;EP;HK;IL;IN;JP;KR;MO;TW;US;WO;ZA,False
75847451,US-20210137945-A1,Cytarabine,METHOD FOR TREATING A CANCER ASSOCIATED WITH THE ACTIVATION OF GALECTIN-1,US,False
75849106,CA-3159938-A1,Cytarabine,CHIMERIC ANTIGEN RECEPTOR T CELL THERAPY,AU;BR;CA;CN;CO;EA;EP;HK;IL;JP;KR;MX;NZ;US;WO,False
77020926,TW-202118499-A,Cytarabine,USE OF PHARMACEUTICAL COMPOSITION FOR TREATING OF A CANCER ASSOCIATED WITH THE ACTIVATION OF GALECTIN-1,TW,False
68581359,EP-3821949-A1,Cytarabine,PHARMACEUTICAL COMPOSITION FOR USE IN THE TREATMENT OF A CANCER ASSOCIATED WITH THE ACTIVATION OF GALECTIN-1,EP,False
75908433,US-20210145806-A1,Cytarabine,Methods of Treating Brain Cancer and Related Diagnostic Methods,US,False
56069026,US-11014871-B2,Cytarabine,"“Multi-target” compounds with inhibitory activity towards histone deacetylases and tubulin polymerisation, for use in the treatment of cancer",EP;ES;FR;US;WO,True
75980938,WO-2021101258-A2,Cytarabine,APTAMER-BASED TARGETED COMBINATION ANTICANCER DRUG,KR;WO,False
58010371,AU-2017207757-B2,Cytarabine,Cyclic dinucleotides for treating conditions associated with STING activity such as cancer,AU;BR;CA;CL;CN;CO;DK;EA;EP;ES;FI;HK;HR;HU;IL;IN;JP;KR;LT;MO;MX;MY;NZ;PE;PL;PT;RS;SG;SI;SM;US;WO,True
75995489,CN-112851805-A,Cytarabine,一种结合血清白蛋白的蛋白及其用途,CN,False
76150291,KR-20210062449-A,Cytarabine,VASCULAR LEAKAGE BLOCKING EFFECT OF PRIMAQUINE DIPHOSPHATE AND ITS TARGETS USP1,KR,False
76375957,KR-20210063070-A,Cytarabine,Antibody-drug conjugate comprising anti-B7-H3 antibody and its use,KR,False
66751731,US-20210162009-A1,Cytarabine,CHEMOKINE VARIANTS AS IMMUNE STIMULANTS,US;WO,False
60117166,US-20210161855-A1,Cytarabine,5-LIPOXYGENASE ANTAGONISTS,CA;EP;GB;JP;US;WO,False
70612233,AU-2019376078-A1,Cytarabine,CDCP1-targeted therapies,AU;CA;CN;EP;JP;MX;US;WO,False
43085533,US-11028446-B2,Cytarabine,Methods for treatment of oncological disorders using an epimetabolic shifter (coenzyme Q10),AU;BR;CA;CN;EA;EP;HK;ID;IL;IN;JP;KR;MX;SG;US;WO,False
76222231,WO-2021113027-A1,Cytarabine,METHOD AND COMPOSITIONS FOR TREATING GLIOBLASTOMA,EP;WO,False
76210581,US-20210169847-A1,Cytarabine,METHODS OF TREATING CHEMOTHERAPY OR RADIOTHERAPY INDUCED NEUTROPENIA,AU;CA;CN;EP;HK;IL;JP;KR;RU;US;WO,False
58428337,US-20210178027-A1,Cytarabine,DRUG ELUTING POLYMER COMPOSED OF BIODEGRADABLE POLYMERS APPLIED TO SURFACE OF MEDICAL DEVICE,AU;EP;US;WO,False
69723024,US-20210177806-A1,Cytarabine,"COMBINATION PHARMACEUTICAL, PROPHYLACTIC OR SUPPRESSIVE AGENT FOR DEVELOPMENT OF RESISTANCE TO PYRIMIDINE ANTIMETABOLITE, AND METHOD OF TREATING DISEASE",JP;RU;TW;US;WO,False
49486860,US-11040104-B2,Cytarabine,Radiopaque polymers,AU;BR;CA;CL;CN;EP;GB;HK;IL;IN;JP;KR;MX;MY;PH;RU;SG;US;WO;ZA,False
67068170,US-20210196751-A1,Cytarabine,METHODS OF CANCER TREATMENT USING AN ATR INHIBITOR,AU;CA;CN;EP;IL;JP;KR;MX;RU;SG;TW;US;WO,False
68616587,EP-3845249-A1,Cytarabine,"TARGETED NANOPREPARATION OF MANNOSE, AND PREPARATION THEREFOR AND APPLICATION THEREOF",CN;EP;JP;US;WO,False
67928919,EP-3843850-A1,Cytarabine,"PYRAZOLO[3,4-B]PYRIDINE COMPOUNDS AS INHIBITORS OF TAM AND MET KINASES",AR;AU;BR;CA;CL;CN;CO;CR;CU;DO;EA;EC;EP;HK;ID;IL;IN;JP;KR;MA;MX;MY;NI;OA;PE;PH;PY;RU;SG;TW;US;UY;VN;WO,False
66992853,US-20210205407-A1,Cytarabine,Composition Comprising a Therapeutic Agent and a CXCR4 Selective Antagonist and Methods For Using the Same,US;WO,False
67144021,US-20210205260-A1,Cytarabine,MP53 RESCUE COMPONDS AND METHODS OF TREATING A P53 DISORDER,AU;CA;CN;EP;JP;US;WO,False
46603265,CA-2825599-C,Cytarabine,4-METHYL-N-HYDROXYBENZAMIDE COMPOUNDS AS HISTONE DEACETYLASE (HDAC) INHIBITORS,AU;CA;EP;ES;US;WO,True
69570818,WO-2021141605-A1,Cytarabine,FORMULATIONS OF PACLITAXEL WITH POLY(AMINO ACID) BLOCK POLYMERS,EP;WO,False
44673629,US-11072576-B2,Cytarabine,Compositions and methods for glucose transport inhibition,CA;CN;EP;HK;US;WO,False
64400420,US-20210228732-A1,Cytarabine,"ANTIBODIES, PHARMACEUTICAL COMPOSITIONS AND METHODS",US,False
66590111,TW-I734814-B,Cytarabine,TIFA ANTAGONISTS AND THEIR USE FOR TREATING DISEASES,TW,False
57539013,US-20210236593-A1,Cytarabine,METHODS OF SUPPORTING WEIGHT MAINTENANCE BY DECREASING THE ACTIVITY OF FAM46A,CN;EP;JP;US;WO,False
54196553,US-11084828-B2,Cytarabine,Use of the FL118 core chemical structure platform to generate FL118 derivatives for treatment of human disease,US,False
70055481,EP-3860575-A1,Cytarabine,METHOD FOR PREPARING AND DELIVERING BISANTRENE FORMULATIONS,AU;CA;CN;EP;KR;US;WO,False
51061424,EP-2941253-B1,Cytarabine,CATIONIC STEROID ANTIMICROBIAL AGENTS FOR USE IN TREATING CANCER,AU;CA;CN;EP;JP;KR;US;WO,False
77199733,WO-2021155580-A1,Cytarabine,COMBINATION THERAPIES AND BIOMARKERS FOR TREATING CANCER,CN;EP;HK;JP;US;WO,False
67847684,US-20210246120-A1,Cytarabine,METHOD OF PREPARATION AND USE OF PHOSPHOINOSITIDE 3-KINASE INHIBITORS IN TREATING CANCER,AU;CA;CN;EP;US;WO,False
77200764,US-20210251945-A1,Cytarabine,COMPOUNDS AND PHARMACEUTICAL USES THEREOF,AU;CN;EP;HK;ID;IN;JP;KR;MY;TW;US;WO,False
70466782,KR-20210103452-A,Cytarabine,"Bio-Marker Composition for Prediction of Drug for Blood cancer Sensitivity, Estimation Method for Prediction of Drug for Blood cancer Sensitivity using Bio-Marker Composition and Diagnosing Chip for Detection of Bio-Marker Composition for Prediction of Drug for Blood cancer Sensitivity",KR;WO,False
60813701,EP-3342378-B1,Cytarabine,COLLAR FOR USE IN THE HEAT TREATMENT OF THE HUMAN BODY,DE;EP;HK,False
77391235,WO-2021168202-A1,Cytarabine,EGFR INHIBITION TRIGGERS AN ADAPTIVE RESPONSE BY CO-OPTING ANTIVIRAL SIGNALING PATHWAYS IN LUNG CANCER,EP;US;WO,False
58800797,US-11103481-B2,Cytarabine,Combination treatment of cancer,AU;BR;CA;CN;CY;DK;EP;ES;HK;HR;HU;IN;JP;LT;PL;PT;RS;SI;SM;US;WO,True
60041889,US-11103428-B2,Cytarabine,Surfactant free silicone emulsion,EP;JP;KR;US;WO,False
51581146,EP-2968193-B1,Cytarabine,METHODS AND DEVICES FOR PREPARATION OF LIPID NANOPARTICLES,AU;CA;CN;EP;IN;JP;KR;MX;US;WO,False
57178523,US-11111306-B2,Cytarabine,IL-7R-alpha specific antibodies for treating acute lymphoblastic leukemia,AU;CA;EP;US;WO,False
49253396,US-11110087-B2,Cytarabine,Combination therapy of a type II anti-CD20 antibody with a selective Bcl-2 inhibitor,CA;CN;EP;HK;JP;KR;MX;NZ;RU;US;WO,False
77463745,KR-20210109893-A,Cytarabine,"METHOD FOR PREPARING STEROCOMPLEX POLYLACTIC ACID COMPLEX USING OIL IN WATER EMULSION MIXING, METHOD FOR PREPARING COMPOSITION FOR DRUG DELIVERY USING THE SAME AND COMPOSITION FOR DRUG DELIVERY PREPARED THEREBY",KR;US,False
55702140,US-20210276982-A1,Cytarabine,TGF-ß INHIBITORS,EP;US;WO,False
54834485,US-20210275491-A1,Cytarabine,"FAP-ACTIVATED THERAPEUTIC AGENTS, AND USES RELATED THERETO",CA;CN;DK;EP;ES;FI;HK;HR;HU;IL;JP;MO;PL;PT;SI;US;WO,True
77670835,WO-2021183691-A1,Cytarabine,COMBINED INHIBITION OF EGFR AND NRF2 IN THE TREATMENT OF MALIGNANT GLIOMA,EP;US;WO,False
46757329,CA-2828811-C,Cytarabine,MULTIVALENT HETEROMULTIMER SCAFFOLD DESIGN AND CONSTRUCTS,AU;CA;CN;DK;EP;ES;IN;JP;US;WO,True
70731688,EP-3880213-A1,Cytarabine,T CELLS WITH IMPROVED MITOCHONDRIAL FUNCTION,CA;EP;JP;US;WO,False
70333996,SG-11202109441U-A,Cytarabine,METHODS OF ANTI-TUMOR THERAPY,AU;BR;CA;CN;EA;EP;HK;IL;IN;JP;KR;MX;SG;US;WO,False
63165228,US-20210299170-A1,Cytarabine,METHOD FOR IMPROVING ANTICANCER AGENT EFFICACY,AU;BR;CA;CN;EP;HK;IL;JP;KR;MX;RU;US;WO,False
77855106,US-20210299143-A1,Cytarabine,USE OF ANTAGONISTS TO THE NUCLEAR STEROID RECEPTOR TO INHIBIT CORONAVIRUSES,US,False
59258384,IL-285686-A,Cytarabine,Crystalline solid forms of a bet inhibitor,AR;AU;BR;CA;CL;CN;CO;CR;CY;DK;EA;EC;EP;ES;FI;HK;HR;HU;ID;IL;IN;JP;KR;LT;MA;MD;MO;MX;MY;NZ;PE;PH;PL;PT;RS;SG;SI;SM;TW;UA;US;VN;WO,True
45064640,US-11136367-B2,Cytarabine,Multi-level specific targeting of cancer cells,US,False
70853997,EP-3888647-A1,Cytarabine,EZH1/2 DUAL INHIBITOR-CONTAINING PHARMACEUTICAL COMPOSITION TO BE USED AS COMBINATION DRUG,BR;CA;CN;DK;EP;ES;FI;HK;HU;IN;JP;KR;PL;PT;TW;US;WO,True
75674952,US-20210315869-A1,Cytarabine,COMPOUNDS AND METHODS FOR CSK MODULATION AND INDICATIONS THEREFOR,TW;US;WO,False
55752233,EP-3430031-B1,Cytarabine,PEPTIDES WITH ANTI-CANCER ACTIVITY,AU;CA;CN;DK;EP;ES;IN;JP;PL;PT;US;WO,True
61074260,US-20210333279-A1,Cytarabine,IDENTIFICATION AND TREATMENT OF TUMORS CHARACTERIZED BY AN OVEREXPRESSION OF THE NEONATAL FC RECEPTOR,CN;EP;IN;JP;US;WO,False
78221975,US-20210332995-A1,Cytarabine,"PRODUCTS OF MANUFACTURE FOR THE TREATMENT, PREVENTION AND AMELIORATION OF MICROBIAL INFECTIONS",US,False
77177177,US-20210330663-A1,Cytarabine,"PRODUCTS OF MANUFACTURE AND METHODS FOR TREATING, PREVENTING, AMELIORATING OR PREVENTING CORONAVIRUS INFECTION",AU;CA;CN;EP;TW;US;WO,False
78170402,CN-113564122-A,Cytarabine,人诱导性多能干细胞向少突胶质细胞分化的方法，试剂盒以及应用,CN;US;WO,False
76250419,WO-2021222147-A1,Cytarabine,HETEROCYCLIC GCN2 MODULATORS,WO,False
50776651,AU-2021250847-A1,Cytarabine,Compositions and methods to improve the therapeutic benefit of suboptimally administered chemical compounds including substituted hexitols such as dibromodulcitol,AU;CA;EP;US;WO,False
64658910,US-11167034-B2,Cytarabine,Polymeric paste compositions for drug delivery,AU;BR;CA;CN;EP;IN;JP;US;WO,False
59273282,US-20210347911-A1,Cytarabine,ANTI-HER2 COMBINATIONS FOR TREATING TUMORS,AU;BR;CA;CN;EP;IL;JP;KR;MX;US;WO,False
69591246,US-20210346507-A1,Cytarabine,GEMCITABINE PRODRUGS,CN;JP;US;WO,False
70055714,US-20210346319-A1,Cytarabine,Pharmaceutical Compositions of R-(+)-Propranolol in Enantiomeric Excess and Therapeutic Uses Related Thereto,US;WO,False
67302481,US-20210353639-A1,Cytarabine,MAST1 AND USES FOR DIAGNOSING AND TREATING CANCER,US;WO,False
67143800,US-20210361765-A1,Cytarabine,CELL-ASSOCIATING IMMUNOLOGIC ADJUVANTS FOR TREATMENT ENHANCEMENT,CN;JP;TW;US;WO,False
68163749,US-20210361575-A1,Cytarabine,LIPID PRODRUGS FOR USE IN DRUG DELIVERY,CN;EP;JP;US;WO,False
57504734,NZ-738078-A,Cytarabine,Mct4 inhibitors for treating disease,AU;BR;CA;CN;EP;ES;HK;IL;IN;JP;KR;NZ;US;WO,True
51654614,US-20210369645-A1,Cytarabine,METHODS FOR THE TREATMENT OF CANCER USING COENZYME Q10 COMBINATION THERAPIES,AU;BR;CA;CN;EA;EP;ES;HK;IL;IN;JP;KR;MX;NZ;SG;US;WO,True
78509369,DE-102020119332-B3,Cytarabine,OPTISCHES NACHWEISVERFAHREN,DE;WO,False
49223456,AU-2021261860-A1,Cytarabine,"Compositions and methods to improve the therapeutic benefit of indirubin and analogs thereof, including meisoindigo",AU;CA;EP;US;WO,False
57199820,US-11191780-B2,Cytarabine,Extracellular matrix compositions for the treatment of cancer or immunological diseases,AU;CA;CN;EP;HK;JP;KR;US;WO,False
70285961,AU-2020278465-A1,Cytarabine,Boronic ester prodrugs and uses thereof,AU;CA;CN;EP;HK;JP;KR;US;WO,False
76731086,WO-2021252644-A1,Cytarabine,INHIBITORS OF CYSTEINE PROTEASES AND METHODS OF USE THEREOF,AU;BR;CA;CL;CN;CO;DO;EP;GB;HK;ID;IL;IN;JP;KR;MX;TW;US;VN;WO,False
78845904,CA-3181730-A1,Cytarabine,COMBINATION THERAPIES,AU;CA;CN;EP;HK;JP;MX;US;WO,False
60158088,US-20210395385-A1,Cytarabine,EFFICACY OF ANTI-TROP-2-SN-38 ANTIBODY DRUG CONJUGATES FOR THERAPY OF TUMORS RELAPSED/REFRACTORY TO CHECKPOINT INHIBITORS,AU;CA;CN;EP;HK;JP;RU;US;WO,False
63919986,US-20210393654-A1,Cytarabine,TRIAZOLE BISPHOSPHONATE GERANYLGERANYL DIPHOSPHATE SYNTHASE INHIBITORS,EP;US;WO,False
70612181,US-20210393651-A1,Cytarabine,TARGETING THE ONCOGENIC TRANSCRIPTION FACTOR STAT5 WITH MINERALOCORTICOID ANALOGUES,US;WO,False
77022210,WO-2021262874-A1,Cytarabine,USE OF A DHODH INHIBITOR COMPOUND IN COMBINATION CANCER THERAPY,WO,False
79282376,WO-2021258140-A1,Cytarabine,CD83 BINDING PROTEIN CONJUGATES FOR TREATING LYMPHOMA,AU;WO,False
41228791,US-20210401998-A1,Cytarabine,METHODS OF TREATING CYP2D6 ALTERNATIVE METABOLIZERS,US;WO,False
60675176,US-20210401851-A1,Cytarabine,PAR-4 AGONISTS FOR THE TREATMENT OF CANCER,IN;US,False
80778230,SG-10202112977Y-A,Cytarabine,BRIDGE LINKERS FOR CONJUGATION OF CELL-BINDING MOLECULES,SG,False
72239685,EP-3932429-A1,Cytarabine,COMBINATIONAL MEDICATION,AU;CA;CN;EP;HK;JP;TW;US;WO,False
79314905,WO-2022006377-A2,Cytarabine,HETEROCYCLIC INHIBITORS OF RHO GTPASES FOR THE TREATMENT OF DISEASE,WO,False
65526002,US-20220001015-A1,Cytarabine,LYMPHATIC SYSTEM-DIRECTING LIPID PRODRUGS,AU;CA;EP;HK;US;WO,False
70773446,US-20220000864-A1,Cytarabine,MODULATORS OF RAR-RELATED ORPHAN RECEPTORS (RORs),AU;CA;CN;EP;ES;HK;JP;SG;US;WO,True
72427141,EP-3934418-A1,Cytarabine,ADAM17 BINDING MOLECULES AND USES THEREOF,EP;US;WO,False
58668412,EP-3375440-B1,Cytarabine,METHOD FOR TREATING MUCOSITIS,AU;CA;CN;EP;ES;IN;JP;KR;US;WO,True
55264662,EP-3193876-B1,Cytarabine,CRYSTAL FORMS OF GLUTAMINASE INHIBITORS,AU;BR;CA;CN;EA;EP;HK;IL;IN;JP;KR;MX;SG;US;WO,False
79171960,US-20220008511-A1,Cytarabine,TUMOR TREATMENT USING CYTOKINES AND CANCER DRUGS,US,False
68808590,US-20220008292-A1,Cytarabine,POLYMER VIALS WITH SUBSTANTIALLY FLAT BOTTOMS AND INJECTION STRETCH BLOW MOLDING METHODS FOR MAKING THE SAME,CA;CN;EP;JP;US;WO,False
70974427,US-20220017968-A1,Cytarabine,METHODS FOR DETECTING ACUTE MYELOID LEUKEMIA,US;WO,False
62044725,US-20220016259-A1,Cytarabine,COMBINATION THERAPY WITH AN ANTI-CD25 ANTIBODY-DRUG CONJUGATE,AU;BR;CA;CN;EA;EP;HK;IN;JP;KR;MX;US;WO,False
46579265,US-20220023263-A1,Cytarabine,COMPOUNDS FOR THE TREATMENT OF CANCERS ASSOCIATED WITH HUMAN PAPILLOMAVIRUS,AR;AU;BR;CA;CN;EP;IN;JP;KR;MX;RU;TW;US;WO;ZA,False
55911759,AU-2015346487-B2,Cytarabine,Deep sequencing of peripheral blood plasma DNA is reliable for confirming the diagnosis of myelodysplastic syndrome,AU;CN;EP;JP;US;WO,False
70973433,US-20220041578-A1,Cytarabine,"ISOINDOLINE COMPOUND, AND PREPARATION METHOD, PHARMACEUTICAL COMPOSITION, AND APPLICATION OF ISOINDOLINE COMPOUND",AU;CA;CN;EP;HK;US;WO,False
69776732,US-20220040180-A1,Cytarabine,KITS AND METHODS FOR TREATING CANCERS,AR;AU;BR;CA;CN;EP;HK;ID;IL;IN;JP;KR;MX;MY;PH;PY;RU;SG;TW;US;UY;WO,False
47219357,US-11246942-B2,Cytarabine,Meditopes and meditope-binding antibodies and uses thereof,US,False
60326621,US-11246877-B2,Cytarabine,"Nanoparticles for chemotherapy, targeted therapy, photodynamic therapy, immunotherapy, and any combination thereof",CN;EP;JP;US;WO,False
51661826,EP-3193917-B9,Cytarabine,"VACCINE COMPOSITIONS COMPRISING TRYPTOPHAN 2,3-DIOXYGENASE OR FRAGMENTS THEREOF",AU;CA;CN;CY;DK;EP;ES;HR;HU;IL;JP;LT;NZ;PL;PT;SI;US;WO;ZA,True
79282029,US-20220047717-A1,Cytarabine,ANTIBODY-DRUG CONJUGATES COMPRISING ANTI-B7-H3 ANTIBODIES,AU;BR;CA;CN;EA;EP;ID;IL;IN;JP;KR;MX;US;WO,False
76760708,US-11253595-B2,Cytarabine,Treatment for reducing adverse events including chemotherapy discomfort and other conditions,US,False
72234671,EP-3960852-A1,Cytarabine,PEPTIDES FOR THE TREATMENT OF CANCER,EP;US;WO,False
66665152,EP-3586828-B1,Cytarabine,METHOD FOR PREPARING BIODEGRADABLE MICROSPHERES HAVING IMPROVED STABILITY AND STORAGE STABILITY,AU;BR;CA;CN;EP;ES;IN;JP;KR;MX;RU;US;WO;ZA,True
65030185,US-20220062417-A1,Cytarabine,THERAPY,EP;ES;GB;PL;US;WO,True
66247631,US-11266743-B2,Cytarabine,Peptide compositions and methods of use thereof,EP;US;WO,False
58358519,US-11274160-B2,Cytarabine,Antibodies having specificity to Nectin-4 and uses thereof,CN;EP;JP;US;WO,False
80781999,US-11279768-B1,Cytarabine,"Anti-cancer antibodies, combination therapies, and uses thereof",US,False
80775596,WO-2022061120-A1,Cytarabine,"SOLID DISPERSIONS CONTAINING AMORPHOUS NINTEDANIB, THEIR SYNTHESIS AND USE THEREOF",WO,False
80739709,WO-2022060466-A1,Cytarabine,"COMPOUNDS, TARGETS AND PATHWAYS FOR MACROPHAGE MODULATION",CN;EP;HK;US;WO,False
59273309,US-20220089749-A1,Cytarabine,ANTI-EGFR COMBINATIONS FOR TREATING TUMORS,AU;BR;CA;CN;EP;IL;JP;KR;MX;US;WO,False
54264534,US-20220089570-A1,Cytarabine,IMIDE-BASED MODULATORS OF PROTEOLYSIS AND ASSOCIATED METHODS OF USE,AU;BR;CA;CN;EP;HK;IN;JP;KR;MX;RU;US;WO,False
58695598,EP-3373932-B1,Cytarabine,CRYSTALLINE FORM OF A SUBSTITUTED QUINOLINE COMPOUND AND PHARMACEUTICAL COMPOSITIONS THEREOF,EP;ES;JP;US;WO,True
73139401,AU-2020358726-A1,Cytarabine,Combination therapy with immune stimulatory conjugates,AU;CA;WO,False
81078713,US-20220110962-A1,Cytarabine,ANALOGUES OF OLEUROPEIN AND OLEACEIN AND USES THEREOF,US;WO,False
62597501,US-11306311-B2,Cytarabine,Long non-coding RNA in cancer,EP;US;WO,False
81208613,WO-2022081521-A1,Cytarabine,INOSITOL-BISPYROPHOSPHATE-DERIVED COMPOUNDS AND USES THEREOF,WO,False
78820024,WO-2022087402-A1,Cytarabine,LAG-3 ANTAGONIST THERAPY FOR LUNG CANCER,AU;BR;CA;CN;EP;IL;IN;JP;KR;MX;US;WO,False
81289466,WO-2022087375-A1,Cytarabine,NOVEL HETEROCYCLIC COMPOUNDS,WO,False
81289453,WO-2022087371-A1,Cytarabine,NOVEL BICYCLIC COMPOUNDS,WO,False
81291294,WO-2022086892-A1,Cytarabine,INTERLEUKIN 4 (IL4)-INDUCED GENE 1 INHIBITORS AND METHODS OF USE THEREOF,WO,False
71738279,EP-3990476-A1,Cytarabine,FLT3L-FC FUSION PROTEINS AND METHODS OF USE,AR;AU;BR;CA;CL;CN;CO;CR;EA;EP;HK;ID;IL;IN;JP;KR;MX;MY;NZ;PE;PH;TW;UA;US;VN;WO;ZA,False
81383193,WO-2022093763-A1,Cytarabine,METHODS AND COMPOSITIONS FOR DIAGNOSING AND TREATING FRAILTY,WO,False
69726630,US-20220136064-A1,Cytarabine,COMPOSITIONS AND METHODS FOR CANCER DIAGNOSIS AND PROGNOSIS,US;WO,False
71947999,US-20220135982-A1,Cytarabine,COMPOSITIONS FOR SUPPRESSING TRIM28 AND USES THEREOF,US;WO,False
68344955,US-20220135638-A1,Cytarabine,GIP RECEPTOR AGONIST PEPTIDE COMPOUNDS AND USES THEREOF,EP;JP;US;WO,False
40873320,US-11324813-B2,Cytarabine,"Indoleamine 2,3-dioxygenase based immunotherapy",AU;CA;CN;CY;DK;EP;ES;HK;HR;HU;IL;JP;LT;NO;NZ;PL;PT;SI;US;WO;ZA,True
56014963,EP-3288558-B1,Cytarabine,COMBINATIONS OF INHIBITORS OF IRAK4 WITH INHIBITORS OF BTK,AR;CA;CN;EP;GC;JP;TW;US;UY;WO,False
74230291,US-20220143039-A1,Cytarabine,COMBINATION PRODUCT OF A BCL-2/BCL-XL INHIBITOR AND A CHEMOTHERAPEUTIC AGENT AND USE THEREOF IN THE PREVENTION AND/OR TREATMENT OF DISEASES,AU;CN;EP;JP;TW;US;WO,False
56092446,US-11331392-B2,Cytarabine,Biodegradable thermo-responsive polymers and uses thereof,EP;US;WO,False
78827684,WO-2022104150-A1,Cytarabine,TRIPLE COMBINATION TO TREAT B-CELL MALIGNANCIES,US;WO,False
81602670,WO-2022103840-A2,Cytarabine,NPC1 MONOBODIES AND MONOBODY CONJUGATES THEREOF,AU;CA;CN;EP;HK;IN;JP;MX;US;WO,False
60159402,US-20220152006-A1,Cytarabine,TRPV2 Antagonists,AU;BR;CA;CN;EA;EP;ES;GB;HK;HR;HU;JP;PL;RS;SG;SM;US;WO,True
74215869,DE-102019135564-B4,Cytarabine,Verbindung für Smart-Drug-Delivery und pharmazeutisches Kit für duale nuklearmedizinisch-cytotoxische Theranostik,AU;BR;CN;DE;EP;HK;IN;JP;KR;US;WO,False
76575669,US-11339150-B2,Cytarabine,Benzimidazole compounds as HDAC6 inhibitors,US;WO,False
67001932,US-20220162537-A1,Cytarabine,FLUID SYSTEM FOR PRODUCING EXTRACELLULAR VESICLES COMPRISING A THERAPEUTIC OR IMAGING AGENT AND METHOD THEREOF,CA;CN;EP;FR;JP;US;WO,False
75336645,AU-2020356931-A1,Cytarabine,Oligonucleotides with nucleoside analogs,AU;BR;CA;CN;EP;IL;IN;JP;KR;US;WO;ZA,False
81796792,KR-20220069143-A,Cytarabine,Targeting combination of anticancer drugs based on aptamers,KR,False
55400464,US-11345956-B2,Cytarabine,Methods and compositions related to prostate cancer therapeutics,CA;EP;JP;US;WO,False
73172434,BE-1028754-B1,Cytarabine,ANALOGUES DU 5α-hydroxy-6β-[2-(1H-imidazol-4-yl)éthylamino]cholestan-3β-ol ET COMPOSITIONS PHARMACEUTIQUES LE COMPRENANT POUR UTILISATION DANS LE TRAITEMENT DU CANCER,BE,False
75686256,IL-292570-A,Cytarabine,Cd73 inhibitors,AU;BR;CA;CN;DK;EA;EP;ES;FI;HK;HU;IL;IN;JP;KR;MO;MX;NZ;PL;PT;SI;TW;US;WO;ZA,True
73646463,IL-292566-A,Cytarabine,Uses of anti-bcma chimeric antigen receptors,AU;BR;CA;CN;EP;IL;JP;KR;MX;US;WO,False
73476280,IL-292487-A,Cytarabine,Prodrug compositions and methods of treatment,AU;BR;CA;CN;EP;IL;JP;KR;MX;US;WO,False
69005636,IL-291966-A,Cytarabine,Antibodies having specificity for nectin-4 and uses thereof,AU;CA;CN;EP;HK;IL;IN;JP;KR;US;WO,False
73172784,IL-291902-A,Cytarabine,Antibody compositions comprising fc mutations and site-specific conjugation properties,AU;BR;CA;CN;EP;IL;IN;JP;KR;MX;SA;US;WO,False
74885085,AR-121404-A1,Cytarabine,USO DE ANÁLOGOS DE CICLOSPORINA PARA TRATAR CÁNCER,AR;AU;BR;CA;CN;EP;HK;ID;IL;IN;JP;KR;MX;MY;TW;US;VN;WO,False
70464631,US-20220169680-A1,Cytarabine,CELL-PENETRATING PEPTIDE BASED ON INFLUENZA VIRUS M2 PROTEIN,CA;CN;EP;US;WO,False
66664630,KR-102404865-B1,Cytarabine,항종양제,AU;EP;JP;KR;MA;RU;TW;US;WO,False
75538307,AU-2020368305-A1,Cytarabine,Method for predicting a suitable therapy,AU;EP;US;WO,False
81973995,WO-2022125949-A1,Cytarabine,USE OF PSILOCYBIN IN CANCER TREATMENT,US;WO,False
81973771,CA-3201018-A1,Cytarabine,LIPIDOID COMPOSITIONS AND METHODS OF USE THEREOF,AU;CA;CN;EP;IL;JP;US;WO,False
76222302,AU-2020396100-A1,Cytarabine,Modulators of Programmed Death-Ligand-1 and/or Programmed Death-Ligand-2,AU;CA;EP;JP;US;WO,False
81974496,KR-20220082776-A,Cytarabine,Anti-TIGIT Antibody and Use Thereof,KR;WO,False
63579748,US-11364248-B2,Cytarabine,Compounds that inhibit Mcl-1 protein,EP;ES;MA;US;WO,True
82058536,WO-2022133323-A1,Cytarabine,6-AZA-NUCLEOSIDE PRODRUGS AS ANTIVIRAL AGENTS FOR TREATING VIRUS INFECTIONS,EP;US;WO,False
82058524,WO-2022133285-A1,Cytarabine,MOLECULES AND METHODS RELATED TO TREATMNET OF DISORDERS ASSOCIATED WITH JAK-2 SIGNALING DYSFUNCTION,US;WO,False
66676982,US-20220193195-A1,Cytarabine,LYMPHOTOXIN ALPHA FOR USE IN THERAPY OF MYELOID LEUKEMIA,CA;EP;ES;JP;US;WO,True
73288823,US-20220193149-A1,Cytarabine,COMPOSITIONS AND METHODS FOR TARGETING TUMOR-ASSOCIATED EXTRACELLULAR MATRIX COMPONENTS TO IMPROVE DRUG DELIVERY,US;WO,False
82246807,KR-20220088230-A,Cytarabine,Use of conoidine A as anticancer agent against chemoresistant colon cancer,KR,False
55020106,US-11370786-B2,Cytarabine,GLS1 inhibitors for treating disease,AU;BR;CA;CN;CY;DK;EP;ES;HU;IN;JP;LT;NZ;PL;PT;SI;US;WO,True
59273836,US-20220204641-A1,Cytarabine,ANTI-CD20 COMBINATIONS FOR TREATING TUMORS,AU;BR;CA;CN;EP;IL;JP;KR;MX;US;WO,False
62200552,EP-3618813-B1,Cytarabine,IMPROVED EXTENDED RELEASE HIGHLY LOADED DRUG COMPOSITIONS,BR;CA;CN;CO;EP;ES;IL;IN;JP;KR;MX;PE;US;WO,True
73458657,US-20220211861-A1,Cytarabine,DRUG CONJUGATES AND METHODS OF USING SAME,AU;CA;CN;EP;JP;KR;SG;US;WO,False
55521577,EP-3426657-B1,Cytarabine,"2 AMINO N [7 METHOXY 2, 3-DIHYDROIMIDAZO-[1, 2-C]QUINAZOLIN-5-YL]PYRIMIDINE 5 CARBOXAMIDES",AR;CA;CN;EP;GC;JP;TW;US;UY;WO,False
80119513,WO-2022155202-A1,Cytarabine,FUSED HETEROCYCLES AND USES OF SAME,WO,False
73652137,US-20220226239-A1,Cytarabine,"POLYMERIC MICELLE COMPLEXES, FORMULATIONS, AND USES THEREOF",US;WO,False
57609247,TW-I771272-B,Cytarabine,USE OF CLEMIZOLE COMPOUNDS FOR PREVENTION AND TREATMENT OF LIVER CANCER,AU;BR;CA;CN;EP;HK;IL;JP;KR;MX;NZ;TW;US;WO;ZA,False
67386367,US-20220233713-A1,Cytarabine,SONODYNAMIC THERAPY,EP;GB;US;WO,False
61059236,US-11400083-B2,Cytarabine,"CXCR4 antagonists with amino acid skeleton, preparation therefor and biomedical use thereof",CN;US;WO,False
72838401,US-20220241316-A1,Cytarabine,"25-HYDROXYCHOLESTEROL (25HC), CRYAB AGGREGATION INHIBITOR, IS A NOVEL SENOLYTIC",EP;JP;US;WO,False
75273572,EP-4037691-A1,Cytarabine,DEVELOPMENT OF IMAGING AND THERAPEUTIC GLUCOSE ANALOGUES FOR SODIUM DEPENDENT GLUCOSE TRANSPORTERS,CA;EP;US;WO,False
68180020,US-20220249643-A1,Cytarabine,ANTI-NEOPLASTIC COMBINED PHARMACEUTICAL COMPOSITION AND APPLICATION THEREOF,AU;CN;EP;US;WO,False
58763083,US-11413353-B2,Cytarabine,Conjugates comprising self-immolative groups and methods related thereto,AU;CA;CN;DK;EP;ES;FI;HK;HR;HU;IN;JP;KR;LT;PL;PT;RS;SI;SM;TW;US;WO,True
53502386,EP-4043556-A1,Cytarabine,METHODS FOR IMPROVING FUNCTIONALITY IN NK CELL BY GENE INACTIVATION USING SPECIFIC ENDONUCLEASE,AU;CA;EP;JP;US;WO,False
82837932,WO-2022174058-A1,Cytarabine,THIOPHOSPHOPEPTIDES FOR ULTRAFAST TARGETING OF THE GOLGI APPARATUS,US;WO,False
74668730,WO-2022175402-A1,Cytarabine,QUINUCLIDINE-3-ONE DERIVATIVES,WO,False
80445956,US-20220267438-A1,Cytarabine,"TRISPECIFIC ANTIBODY TARGETING BCMA, GPRC5D, AND CD3",AR;AU;BR;CA;CL;CN;CO;CR;DO;EC;EP;HK;ID;IL;IN;JO;JP;KR;MX;MY;PE;TW;US;UY;VN;WO,False
70289822,US-20220267329-A1,Cytarabine,Dihydro-Spiro[Indoline-3:1&apos;-Isoquinolin]-2-Ones and Their Analogues and Derivatives and Methods of Treating Cancer and Other Diseases,US;WO,False
71944351,US-20220265691-A1,Cytarabine,METHODS FOR USE OF GENE EXPRESSION AS AN INDICATOR OF E-SELECTIN INHIBITOR EFFICACY AND CLINICAL OUTCOME FOR MULTIPLE TUMOR TYPES,CN;EP;US;WO,False
83007462,US-20220273649-A1,Cytarabine,5-HETEROARYL-1H-PYRAZOL-3-AMINE DERIVATIVE,AU;CA;CN;EA;EP;HK;ID;JP;KR;MX;MY;TW;US;VN;WO,False
69770809,IL-295067-A,Cytarabine,A pharmaceutical combination for the treatment of a cancer,AU;BR;CA;CL;CN;EA;EP;ES;HK;IL;IN;JP;KR;MX;PL;TW;US;VN;WO;ZA,True
75716356,EP-4051305-A1,Cytarabine,INTRATUMORAL ADMINISTRATION OF IMMUNE CELLULAR THERAPEUTICS,EP;US;WO,False
58720397,US-11440917-B2,Cytarabine,EIF4A-inhibiting compounds and methods related thereto,AU;BR;CA;CL;CN;CO;DK;EA;EP;ES;FI;HK;IL;IN;JP;KR;MX;MY;NZ;PE;PH;SG;TW;US;WO;ZA,True
57211335,US-11447537-B2,Cytarabine,PDL2 compounds,CN;EP;HK;JP;US;WO,False
82742513,WO-2022169634-A9,Cytarabine,COMBINATION THERAPY FOR THE TREATMENT OF CANCER,US;WO,False
78525301,AU-2021271383-A1,Cytarabine,Drug conjugates containing alpha-enolase antibodies and uses thereof,AU;BR;CA;CN;EP;JP;KR;TW;US;WO,False
59743157,US-11452713-B2,Cytarabine,Chemotherapeutic methods for treating low-proliferative disseminated tumor cells,US;WO,False
83398136,WO-2022204378-A2,Cytarabine,IDENTIFICATION OF RNA BIOMARKERS IN COLORECTAL CANCER,WO,False
75143734,IL-295590-A,Cytarabine,Modified binding polypeptides for optimized drug conjugation,AR;AU;BR;CA;CN;CO;EP;HK;ID;IL;IN;JP;KR;MX;MY;PH;TW;US;VN;WO,False
78706474,US-11458204-B2,Cytarabine,Method for improving substitution rate and/or substitution efficiency of hyaluronan-drug conjugates,US,False
65234113,US-11458126-B2,Cytarabine,DHODH inhibitor for use in treating hematologic cancers,EP;HK;IL;KR;US;WO,False
75377672,EP-4067358-A1,Cytarabine,"(S)-1-(5-((PYRIDIN-3-YL)THIO)PYRAZIN-2-YL)-4&apos;H,6&apos;H-SPIRO[PIPERIDINE-4,5&apos;-PYRROLO[1,2-B]PYRAZOL]-4&apos;-AMINE DERIVATIVES AND SIMILAR COMPOUNDS AS SHP2 INHIBITORS FOR THE TREATMENT OF E.G. CANCER",AU;BR;CA;CN;EP;ES;IL;IN;JP;KR;MX;US;WO,True
62109093,US-20220313836-A1,Cytarabine,"CONJUGATION LINKERS, CELL BINDING MOLECULE-DRUG CONJUGATES CONTAINING THE LINKERS, METHODS OF MAKING AND USES SUCH CONJUGATES WITH THE LINKERS",AU;CA;CN;EP;HK;JP;KR;MX;MY;NZ;PH;US;WO;ZA,False
77613762,AU-2021230541-A1,Cytarabine,"Anti-cancer and anti-proliferative compositions, and methods for their use in treating cancer",AU;CA;EP;US;WO,False
55702145,US-11466018-B2,Cytarabine,TGF-β inhibitors,EP;ES;US;WO,True
56235808,US-11464879-B2,Cytarabine,Cellular targeted active ingredient delivery system,AU;BR;CA;CL;CN;DK;EA;EP;ES;FI;HK;HR;HU;ID;IL;IN;JP;KR;LT;MX;MY;NZ;PL;PT;RU;SI;US;WO,True
62791383,US-20220323474-A1,Cytarabine,DRUG COMBINATION TREATMENTS USING BONE-TARGETING THERAPEUTICS FOR BONE AND BONE-RELATED DISEASE,AU;CA;CN;EP;IL;JP;RU;US;WO,False
75674909,AU-2021243671-A1,Cytarabine,GIF receptor agonist peptide compounds and uses thereof,AR;AU;BR;CA;CL;CN;CO;EC;EP;HK;ID;IL;IN;JP;KR;MX;MY;PE;PH;TW;US;VN;WO,False
85460398,TW-202239969-A,Cytarabine,METHODS AND KITS FOR IDENTIFYING SUBJECTS RESPONSIVE TO ARGININE DEPRIVATION THERAPY,TW,False
57544123,US-11471467-B2,Cytarabine,Ruthenium complexes for treating cancer which comprises cancer stem cells,AU;CA;EP;ES;JP;MX;US;WO,True
54697624,US-11471422-B2,Cytarabine,"Stealth, targeted nanoparticles (STN) for oral drug delivery",CA;EP;IN;US;WO,False
75529812,EP-4074317-A1,Cytarabine,PHOSPHORUS DERIVATIVES AS NOVEL SOS1 INHIBITORS,AR;AU;BR;CA;CL;CN;CO;CR;DO;EA;EC;EP;GE;HK;ID;IL;IN;JO;JP;KR;MX;MY;PE;PH;TW;US;VN;WO,False
81851645,WO-2022221686-A1,Cytarabine,INHIBITORS OF CYSTEINE PROTEASES AND METHODS OF USE THEREOF,WO,False
73652433,US-20220332839-A1,Cytarabine,USE OF PRG4 TO TREAT CANCER,CN;EP;JP;US;WO,False
67875252,US-20220340975-A1,Cytarabine,METHOD OF TREATMENT AND PRONOSTIC OF ACUTE MYELOID LEUKEMIA,EP;US;WO,False
72337989,US-20220339291-A1,Cytarabine,ANTIBODY-DRUG CONJUGATES THAT TARGET DLK1 AND USES THEREOF,AU;BR;CA;CN;EP;HK;IL;IN;JP;KR;MX;NZ;RU;SG;TW;US;WO,False
73583134,US-20220339160-A1,Cytarabine,ADENOSINE RECEPTOR ANTAGONIST,CN;EP;JP;US;WO,False
85793145,TW-202241455-A,Cytarabine,COMBINATION THERAPY BY USING AKR1C3-ACTIVATED COMPOUND WITH IMMUNE CHECKPOINT INHIBITOR,TW,False
83851257,JP-2022165557-A,Cytarabine,"ASSISTIVE METHOD FOR DETERMINING EFFECTIVENESS OF AGENT AGAINST CHILDHOOD LEUKEMIA, AND ASSISTIVE METHOD AND KIT FOR DETERMINING PROGNOSIS AFTER ADMINISTRATION OF AGENT TO SUBJECT SUFFERING CHILDHOOD LEUKEMIA",JP,False
81598080,WO-2022229907-A1,Cytarabine,ANTIMICROBIAL AND ANTICANCER AGENTS,AU;CA;CN;EP;IL;IN;JP;KR;US;WO,False
83846453,WO-2022226637-A1,Cytarabine,METHOD FOR ALLOWING IMMUNE CELLS INFILTRATION IN TUMORS,AU;CA;CN;EP;HK;IL;JP;KR;MX;US;WO,False
75980932,US-20220347168-A1,Cytarabine,LUNG TARGETED ANTICANCER THERAPIES WITH LIPOSOMAL ANNAMYCIN,AU;BR;CA;CN;EP;HK;IL;JP;KR;MX;US;WO,False
81750766,WO-2022235585-A1,Cytarabine,ANTI-CANCER NUCLEAR HORMONE RECEPTOR-TARGETING COMPOUNDS,AR;AU;CA;CN;EP;IL;JP;TW;US;WO,False
76550539,WO-2022243679-A2,Cytarabine,METHODS AND KITS FOR PREDICTING THE EFFICACY OF MIDOSTAURIN FOR THE TREATMENT OF CANCER,EP;GB;US;WO,False
75848741,US-20220370623-A1,Cytarabine,Nanoparticles Comprising Prodrugs Stabilized by Albumin for Treatment of Cancer and Other Diseases,CA;CN;EP;IN;JP;US;WO,False
74192713,US-20220370434-A1,Cytarabine,METHODS AND COMPOSITIONS FOR TREATING CANCER,AU;CN;EP;US;WO,False
64396553,US-11510915-B2,Cytarabine,Anti-tumor effect potentiator using novel biphenyl compound,AU;DK;EP;ES;FI;HU;JP;KR;MA;PL;PT;RU;TW;US;WO,True
84228338,WO-2022251677-A1,Cytarabine,MACROLIDE COMPOUNDS,AU;CA;CN;EP;HK;JP;US;WO,False
82019774,WO-2022249060-A1,Cytarabine,TRIAZOLO-PYRIMIDINE ANALOGUES FOR TREATING DISEASES CONNECTED TO THE INHIBITON OF WERNER SYNDROME RECQ HELICASE (WRN),AR;AU;BR;CA;CL;CN;CO;CR;DO;EA;EC;EP;HK;ID;IL;IN;JO;JP;KR;MX;MY;PE;PH;PY;RU;TW;US;UY;VN;WO;ZA,False
78332185,IL-297650-A,Cytarabine,Methods of treating abnormal cell growth,AU;BR;CA;CN;EP;HK;ID;IL;JP;KR;MX;US;WO,False
75714863,US-20220387345-A1,Cytarabine,ANTI-CANCER COMPOUNDS ACTING AS NON-PGP SUBSTRATE,CN;EP;US;WO,False
82358535,WO-2022264124-A2,Cytarabine,MICROSPHERES WITH FLOW THROUGH VOIDS AS EMBOLIC AND DRUG DELIVERY AGENTS,CN;EP;US;WO,False
77275295,EP-4108675-A1,Cytarabine,PREPARATION AND USE OF IMMUNOSTIMULATORY COUPLING COMPLEX WHICH IS DELIVERED AND ACTIVATED IN TARGETED MANNER,AU;CA;CN;EP;JP;KR;US;WO,False
77391233,EP-4106879-A1,Cytarabine,IDENTIFICATION OF AN EGFR-BIN3 PATHWAY THAT ACTIVELY SUPPRESSES INVASION AND REDUCES TUMOR SIZE IN GLIOBLASTOMA,EP;US;WO,False
66751792,US-11541120-B2,Cytarabine,Phosphonium-based ionic drug conjugates,US;WO,False
77490522,EP-4111202-A1,Cytarabine,METHODS OF TREATING CANCER,CA;CN;EP;IL;JP;US;WO,False
58661389,EP-3370734-B1,Cytarabine,ANTISENSE OLIGO FOR USE IN TREATING ACUTE MYELOID LEUKEMIA,AU;CA;EP;ES;WO,True
75716034,US-20230019094-A1,Cytarabine,NOVEL COMPOUND AND PHARMACEUTICAL COMPOSITION FOR PREVENTION OR TREATMENT OF CANCER COMPRISING SAME,AU;BR;CA;CN;EP;IL;IN;JP;KR;MX;RU;US;WO,False
76103778,US-20230017359-A1,Cytarabine,"METHOD FOR ASSOCIATING WITH EXPRESSION LEVEL OF AKR1C3 ENZYME VIA CONTENT OF PROSTAGLANDIN, AND USE OF SCREENING FOR DRUG ADMINISTRATION",AU;BR;CA;CN;EP;IL;JP;KR;TW;US;WO,False
57504869,US-11560352-B2,Cytarabine,P62-ZZ small molecule modulators,AU;CA;CN;EP;HK;JP;US;WO,False
77771488,EP-4121546-A1,Cytarabine,"ETOPOSIDE GLYCOSIDES, METHODS OF MAKING, AND USES THEREOF AS AN ANTI-CANCER DRUG",CN;EP;US;WO,False
84978822,WO-2023004364-A2,Cytarabine,"SELF-ASSEMBLING NANOMATERIAL FOR THE DETECTION, IMAGING, OR TREATMENT OF CANCER",WO,False
76330577,US-20230025865-A1,Cytarabine,COMPOSITIONS AND METHODS FOR SYSTEMIC DELIVERY OF Bcl-2 AND Bcl-xL ANTAGONISTS,CN;HK;US;WO,False
76129612,US-20230021879-A1,Cytarabine,SYNTHESIS OF 3 -RNA OLIGONUCLEOTIDES,AU;CA;CN;EP;IL;IN;JP;KR;MX;US;WO,False
77520789,IL-298855-A,Cytarabine,COMBINATION THERAPY WITH DEOXYURIDINE TRIPHOSPHATASE INHIBITORS,AU;BR;CA;CN;EA;EP;ES;HK;IL;IN;JP;US;WO,True
85087859,WO-2023009424-A1,Cytarabine,COMPOSITIONS AND METHODS FOR TREATING CONDITIONS RELATED TO THE HEPATOPANCREATIC ANATOMICAL REGION,US;WO,False
77168189,WO-2023006954-A1,Cytarabine,ASENAPINE FOR USE IN CANCER,WO,False
59982459,US-20230031954-A1,Cytarabine,TETRACYCLINE COMPOUNDS AND METHODS OF TREATMENT,AU;BR;CA;CL;CN;CO;EA;EP;HK;ID;IL;JP;KR;MA;MX;MY;NZ;SG;US;VN;WO,False
60267345,AU-2022287584-A1,Cytarabine,Methods of treating acute myeloid leukemia and multiple myeloma using natural killer cells,AU;BR;CA;CN;CO;EA;EP;HK;ID;IL;IN;JP;KR;MX;NZ;SG;US;VN;WO;ZA,False
85156395,WO-2023014882-A1,Cytarabine,"2,4 DNP AND PRODRUGS THEREOF FOR TREATMENT OF CANCER",US;WO,False
69232734,US-20230040928-A1,Cytarabine,ANTIBODIES HAVING SPECIFICITY TO HER4 AND USES THEREOF,EP;US;WO,False
56842796,US-20230039076-A1,Cytarabine,ALBUMIN VARIANTS AND CONJUGATES,AU;BR;CA;CN;EP;IL;IN;JP;MX;US;WO,False
76992603,US-20230046317-A1,Cytarabine,"Inhibitors of Glutathione S-Transferases (GSTS) and NAD(P)H:Quinone Oxidoreductase 1 (NQO1), Pharmaceutical Compositions, and Uses in Managing Cancer",CA;US;WO,False
70861420,EP-4136262-A1,Cytarabine,PROGNOSIS METHOD OF ACUTE MYELOID LEUKAEMIA,EP;US;WO,False
62077101,EP-3529254-B1,Cytarabine,PRODRUGS OF CLOFARABINE,CA;CN;EP;JP;US;WO,False
79687860,AU-2021314329-A1,Cytarabine,Polymorophs of 5-aza-4&apos;-thio-2&apos;-deoxycytidine,AU;BR;CA;CN;EP;IN;JP;KR;MX;US;WO,False
57609132,IL-256383-B2,Cytarabine,Btla fusion protein agonists and uses thereof,AU;BR;CA;CN;EA;EP;IL;JP;KR;MX;SG;US;WO,False
78270233,EP-4139319-A1,Cytarabine,BENZYLOXY PHOSPH(ON)ATE COMPOUNDS,CN;EP;JP;US;WO,False
85323448,WO-2023028205-A1,Cytarabine,SELECTIVE ISONITRILE INHIBITORS OF CYTOCHROME P450 SUBTYPES,EP;US;WO,False
78374080,EP-4144371-A1,Cytarabine,COMBINATION DRUG FOR TREATING KIDNEY CANCER,AU;CA;CN;EP;HK;ID;RU;US;WO,False
51580982,EP-3524618-B1,Cytarabine,GLA DOMAINS AS TARGETING AGENTS,AU;BR;CA;CN;CY;DK;EP;ES;FI;HK;HR;HU;IL;IN;JP;MX;MY;NZ;PE;PL;PT;RU;SA;SG;US;WO;ZA,True
83457230,WO-2023034854-A1,Cytarabine,CRYSTALLINE INHIBITORS OF CYSTEINE PROTEASES AND METHODS OF USE THEREOF,EP;TW;US;WO,False
70480438,US-20230073499-A1,Cytarabine,COMPOUNDS FOR USE IN THE TREATMENT OF LEUKEMIA,IT;US;WO,False
69468483,US-20230085602-A1,Cytarabine,PDAC TREATMENT REGIMEN,EP;US;WO,False
83995601,WO-2023044171-A1,Cytarabine,INHIBITORS OF CYSTEINE PROTEASES AND METHODS OF USE THEREOF,WO,False
85603445,WO-2023043830-A1,Cytarabine,COMBINATION THERAPIES TO TREAT VIRAL INFECTIONS,WO,False
69723868,US-20230090111-A1,Cytarabine,CXCL8 INHIBITOR AND PHARMACEUTICAL COMPOSITION THEREOF FOR USE IN THE TREATMENT OF CANCER-RELATED FATIGUE,AU;CA;EP;HK;IL;JP;RU;US;WO,False
76864800,US-20230087844-A1,Cytarabine,USE OF N2-QUINCLINE OR ISOQUINOLINE SUBSTITUTED PURINE DERIVATIVES IN CANCER TREATMENT,CN;HK;US;WO,False
62789082,JP-7247092-B2,Cytarabine,キナーゼ阻害剤としての置換された縮合ヘテロアリール化合物及びその用途,AU;CA;CN;EP;JP;KR;US;WO,False
77398617,IL-300423-A,Cytarabine,LONG ACTING ANTICANCER COMPOSITIONS,CN;EP;HK;IL;US;WO,False
54196421,CA-2943815-C,Cytarabine,SUBSTITUTED INDOLE MCL-1 INHIBITORS,AU;CA;CN;EP;HK;JP;US;WO,False
78080162,CA-3231728-A1,Cytarabine,NOVEL COMPOUNDS,CA;CN;EP;HK;IN;JP;US;WO,False
50278472,EP-2896401-B1,Cytarabine,TARGETED DRUG DELIVERY SYSTEM FOR POORLY SOLUBLE DRUG,EP;KR;US;WO,False
85804756,WO-2023060283-A2,Cytarabine,ANTI-TROP2 ANTIBODY COMBINATION THERAPIES AND METHODS OF USE THEREOF,EP;US;WO,False
78845924,EP-4164647-A1,Cytarabine,PH-RESPONSIVE LIPIDOID NANOPARTICLES FOR INTRACELLULAR MRNA DELIVERY,CN;EP;HK;JP;US;WO,False
65001508,US-20230123695-A1,Cytarabine,GLYCAN COMPOSITIONS AND METHODS OF USE,CN;EP;HK;JP;US;WO,False
60813629,US-11633484-B2,Cytarabine,Method for improving the oral bioavailability of a drug,AR;CA;CN;EP;JP;KR;TW;US;WO,False
76959087,EP-4168068-A1,Cytarabine,"ATOMIC LAYER DEPOSITION COATED PHARMACEUTICAL PACKAGING AND IMPROVED SYRINGES AND VIALS, E.G. FOR LYOPHILIZED/COLD-CHAIN DRUGS/VACCINES",CA;CN;EP;JP;KR;US;WO,False
60478256,EP-3464317-B1,Cytarabine,AMINOSTEROID DERIVATIVES AND PROCESS FOR PRODUCING SAME,CA;EP;US;WO,False
80222149,US-20230130403-A1,Cytarabine,METHODS OF TREATMENT WITH S1P RECEPTOR MODULATORS,US,False
63170399,AU-2018222735-B2,Cytarabine,Use of TGF alpha for the treatment of diseases and disorders,AU;CA;EP;HK;WO,False
77924410,IL-301361-A,Cytarabine,METHODS FOR TREATING MULTIPLE MYELOMA,AU;BR;CA;CN;EP;HK;IL;JP;KR;MX;MY;US;WO,False
78080599,IL-301354-A,Cytarabine,SIALIC-ACID LIGAND DECORATED THERAPEUTICS,AU;CA;CN;EP;HK;ID;IL;IN;JP;KR;MX;US;WO,False
86158720,WO-2023076993-A1,Cytarabine,METHODS OF TREATING LYMPHOMA WITH A PHAGOCYTE HAVING A CHIMERIC ANTIGEN RECEPTOR,US;WO,False
81208690,AU-2021359844-A1,Cytarabine,CRYSTALLINE POLYMORPHIC FORMS OF STING AGONISTS ASSOCIATED WITH METAL IONS CAPABLE OF MODULATING AN IMMUNE RESPONSE,AU;CA;CN;EP;JP;KR;US;WO,False
86242087,WO-2023081927-A2,Cytarabine,TREATING CHEMORESISTANT FORMS OF LEUKEMIA AND OTHER CANCERS THAT OVEREXPRESS RNA BINDING PROTEIN FXR1,US;WO,False
84919641,US-20230142647-A1,Cytarabine,METHOD OF TREATING CANCER OR A BLOOD DISORDER,CA;CN;EP;US;WO,False
54346071,AU-2020201153-B2,Cytarabine,Antibody drug conjugates (ADC) that bind to 191P4D12 proteins,AU;BR;CA;CN;CY;DK;EA;EP;ES;FR;HK;HR;HU;ID;IL;IN;JP;KR;LT;LU;MO;MX;NL;NO;PH;PL;PT;RS;SI;SM;TW;UA;US;WO,True
77079223,US-20230150960-A1,Cytarabine,COMPOSITIONS AND METHODS OF USING CYANINE DYES TO TARGET CANCER AND MITOCHONDRIA,US;WO,False
86325180,WO-2023091464-A1,Cytarabine,USP9X INHIBITORS,CA;EP;US;WO,False
77890727,US-20230158088-A1,Cytarabine,"COMPOSITIONS FOR MODULATING GUT MICROFLORA POPULATIONS, ENHANCING DRUG POTENCY AND TREATING VIRAL INFECTIONS, AND METHODS FOR MAKING AND USING SAME",US;WO,False
73449178,US-20230158037-A1,Cytarabine,"SUBSTITUTED 4-AMINOISOINDOLINE-1,3-DIONE COMPOUNDS AND SECOND ACTIVE AGENTS FOR COMBINED USE",AU;BR;CA;CL;CN;EA;EP;HK;HR;IL;JP;KR;MX;MY;PL;RS;SA;SM;TH;US;WO,False
86501160,US-20230165978-A1,Cytarabine,Composition and A Method For Diagnosing And Treating Bacterial Infection,US,False
80950775,IL-301840-A,Cytarabine,"METHODS AND COMPOSITIONS FOR INCREASING UPTAKE, INTERNALIZATION, AND/OR RETENTION OF SMALL MOLECULE LIGANDS",AU;CA;EP;IL;JP;US;WO,False
78411889,US-11666539-B2,Cytarabine,Synthetic lipid-like materials for brain delivery,AU;BR;CA;CN;EP;IL;IN;JP;KR;MX;US;WO,False
56542051,EP-3250213-B1,Cytarabine,COMPOSITIONS CONTAINING ARSENIC FOR USE IN METHODS OF TREATMENT,AU;BR;CA;CN;DK;EP;ES;HK;IL;IN;JP;KR;MX;NZ;PL;SG;US;WO;ZA,True
81209363,AU-2021359826-A1,Cytarabine,DOSING REGIMENS FOR CYCLIN‑DEPENDENT KINASE 7 (CDK7) INHIBITORS,AU;CA;EP;US;WO,False
59274430,US-11672866-B2,Cytarabine,Osteotropic nanoparticles for prevention or treatment of bone metastases,US;WO,False
85037069,WO-2023107712-A1,Cytarabine,SOLUBLE β-GLUCANS FOR INDUCING TRAINED IMMUNITY,WO,False
85036944,WO-2023107473-A1,Cytarabine,IDENTIFYING MONOCLONAL GAMMOPATHIES IN A HIGH-RISK POPULATION FOR HEMATOLOGICAL MALIGNANCIES,WO,False
75870656,US-20230181753-A1,Cytarabine,NEW METHOD TO TREAT CUTANEOUS T-CELL LYMPHOMAS AND TFH DERIVED LYMPHOMAS,CA;CN;EP;JP;KR;US;WO,False
81709660,AU-2021381324-A1,Cytarabine,METHODS OF TREATING DISEASES AND DISORDERS,AU;CA;CN;EA;EP;HK;IL;JP;KR;MX;US;WO,False
44915022,CA-2797868-C,Cytarabine,COMPOSITIONS AND METHODS OF IDENTIFYING TUMOR SPECIFIC NEOANTIGENS,AU;BR;CA;CN;DK;EP;ES;HU;IN;JP;KR;PL;PT;US;WO,True
84567939,US-20230193262-A1,Cytarabine,Nucleic acid molecules capable of modulating target gene expression and uses thereof,KR;US,False
80218321,US-20230190948-A1,Cytarabine,PEPTIDE-LINKED DRUG DELIVERY SYSTEM,AU;CA;CN;EP;HK;IL;JP;KR;MX;TW;US;WO,False
78526146,US-20230190933-A1,Cytarabine,"Immunologically Active Peptide-Biliverdin Conjugate, Preparation Method Therefor and Application Thereof",US;WO,False
77768315,US-20230190876-A1,Cytarabine,PHARMACEUTICAL COMPOSITION FOR CANCER TREATMENT COMPRISING FUSION PROTEIN INCLUDING IL-2 PROTEIN AND CD80 PROTEIN AND ANTICANCER DRUG,AU;BR;CA;CL;CN;EP;HK;ID;IL;IN;JP;KR;MX;RU;TW;US;VN;WO;ZA,False
84981483,DE-102021133942-A1,Cytarabine,FAP-adressierendes Pharmazeutikum für die Therapie und Diagnose von Krebserkrankungen,AU;BR;CA;CN;DE;EP;HK;IN;JP;KR;US;WO,False
78957699,WO-2023117768-A1,Cytarabine,COMBINATION OF DRUGS FOR THE TREATMENT OF CANCER,EP;WO,False
68540859,AU-2023203541-A1,Cytarabine,Anti-cancer nuclear hormone receptor-targeting compounds,AU;BR;CA;CN;EA;EP;HK;ID;IN;JP;KR;MA;MX;MY;OA;PH;SG;US;VN;WO,False
68984309,AU-2019288813-B2,Cytarabine,Methods and compositions for inhibition of dihydroorotate dehydrogenase,AU;BR;CA;CN;EP;ES;HK;IL;IN;JP;KR;MX;SG;US;WO;ZA,True
78844846,IL-302807-A,Cytarabine,GCN2 AND PERK KINASE INHIBITORS AND METHODS OF USE THEREOF,AR;AU;BR;CA;CL;CN;CO;EP;HK;ID;IL;IN;JP;KR;MX;MY;PE;TW;US;WO,False
57218943,IL-291017-B1,Cytarabine,Benzolactam compounds as protein kinase inhibitors,AU;CA;CN;DK;EP;ES;FI;HK;HR;HU;ID;IL;IN;JP;KR;LT;MA;MO;MX;MY;NZ;PH;PL;PT;RU;SA;SG;SI;TH;TW;US;VN;WO,True
43732866,EP-3061445-B1,Cytarabine,HIGHLY CONCENTRATED PHARMACEUTICAL FORMULATIONS,AR;AU;BR;CA;CL;CN;CO;CR;CY;DK;DO;EA;EC;EP;ES;FI;GT;HK;HR;HU;ID;IL;IN;JP;KR;LT;MA;MX;MY;NZ;PE;PH;PL;PT;RS;SG;SI;SM;TN;TW;UA;US;VN;WO;ZA,True
85227277,WO-2023141087-A1,Cytarabine,COMBINATION THERAPY WITH A MUTANT IDH INHIBITOR,TW;WO,False
49765712,US-11713293-B2,Cytarabine,Substituted biaryl sulfonamides and the use thereof,AU;CA;CN;DK;EP;ES;IN;JP;KR;MX;NZ;SG;US;WO;ZA,True
61028182,EP-4223369-A1,Cytarabine,IMMUNOMODULATOR COMPOUNDS AND METHODS OF USE,AR;AU;BR;CA;CL;CN;CO;CR;CY;DK;EA;EC;EP;ES;HK;HR;HU;ID;IL;IN;JP;KR;LT;MA;MD;MO;MX;MY;PE;PH;PL;PT;RS;SG;SM;TH;TW;UA;US;VN;WO,True
87552814,WO-2023150260-A2,Cytarabine,"COMPOUNDS THAT TARGET TEM8, COMPOSITIONS, AND METHODS",WO,False
87521695,US-20230250428-A1,Cytarabine,Method and composition for early detection of malignancies,US,False
59930755,AU-2023204685-A1,Cytarabine,BCL-W POLYPEPTIDES AND MIMETICS FOR TREATING OR PREVENTING CHEMOTHERAPY-INDUCED PERIPHERAL NEUROPATHY AND HEARING LOSS,AU;CA;EP;ES;JP;US;WO,True
87559293,US-20230257825-A1,Cytarabine,BREAST CANCER BIOMARKERS AND METHODS OF USE,US,False
60042779,US-20230257428-A1,Cytarabine,METHODS OF TREATMENT USING CHLOROTOXIN CONJUGATES,AU;CA;EP;US;WO,False
76686508,US-20230256108-A1,Cytarabine,A DRUG CONJUGATE AND APPLICATIONS THEREOF,CN;US;WO,False
64572480,US-11730736-B2,Cytarabine,Anticancer agents,AU;BR;CA;CN;EP;HK;IL;JP;KR;MX;RU;SG;TW;US;WO;ZA,False
80491492,US-20230263798-A1,Cytarabine,COMPOSITIONS AND METHODS FOR TREATING THERAPY RESISTANT CANCER,US;WO,False
81289415,EP-4232078-A1,Cytarabine,ATTENUATED CANCER CELLS AND METHODS RELATED THERETO,CN;EP;US;WO,False
80787287,WO-2023161427-A1,Cytarabine,VIRAL COMBINATION THERAPY,TW;WO,False
81383580,EP-4238571-A1,Cytarabine,APPLICATION OF THYMIDINE DERIVATIVE IN PREPARATION OF DRUGS,CN;EP;HK;TW;US;WO,False
87883097,WO-2023165603-A1,Cytarabine,DNA-PK INHIBITOR AND COMBINATION USE THEREOF,WO,False
79729411,US-20230277631-A1,Cytarabine,DIAGNOSTIC METHODS FOR CANCER USING AXL DECOY RECEPTORS,AU;CA;CN;EP;JP;KR;MX;US;WO,False
81232272,AU-2021423664-A1,Cytarabine,LIGASE FUSION PROTEINS AND APPLICATIONS THEREOF,AU;CN;EP;JP;KR;US;WO,False
87935924,WO-2023172899-A2,Cytarabine,"COMPOSITIONS AND METHODS FOR DETECTING, PREDICTING RISK OF DEVELOPING, AND TREATING LEPTOMENINGEAL DISEASE",US;WO,False
80247350,US-20230287510-A1,Cytarabine,"COMPOSITIONS, PANELS, AND METHODS FOR CHARACTERIZING CHRONIC LYMPHOCYTIC LEUKEMIA",US;WO,False
77519101,EP-4243805-A1,Cytarabine,COMBINATION THERAPIES FOR TREATING CORONAVIRUS INFECTION,EP;WO,False
88024440,WO-2023178202-A2,Cytarabine,BIFUNCTIONAL SMALL MOLECULES TO TARGET THE SELECTIVE DEGRADATION OF CIRCULATING PROTEINS,AU;BR;CN;EP;IL;IN;JP;KR;MX;US;WO,False
88024435,WO-2023178179-A2,Cytarabine,BI-FUNCTIONAL MOLECULES TO DEGRADE CIRCULATING PROTEINS,AU;BR;CN;EP;HK;IL;IN;JP;KR;MX;US;WO,False
88023777,WO-2023177366-A1,Cytarabine,USE OF ACTIVE INGREDIENT USED AGAINST VIRAL DISEASES WITH PRESSURIZED METERED DOSE INHALER IN THE TREATMENT OF COVID-19 AND OTHER VIRAL LUNG DISEASES,WO,False
68165835,US-11766446-B2,Cytarabine,Treatment of aging-associated conditions by DNA degradation,EP;US;WO,False
62196074,AU-2017363321-B2,Cytarabine,Novel recombinant Klotho proteins and compositions and methods involving the same,AU;BR;CA;CN;EP;JP;KR;MX;US;WO,False
80820312,IL-305418-A,Cytarabine,ANGIOPOIETIN-LIKE 3 (ANGPTL3) IRNA COMPOSITIONS AND METHODS OF USE THEREOF,AR;AU;BR;CA;CN;EA;EP;HK;IL;IN;JP;KR;MX;TW;US;WO;ZA,False
74759274,EP-4251211-A1,Cytarabine,USE OF MULTI-SPECIFIC HUMAN ALBUMIN NANOPARTICLES DECORATED WITH ANTIBODY FRAGMENTS AND LOADED WITH CYTOTOXICS,EP;ES;PL;US;WO,True
86397954,US-20230310627-A1,Cytarabine,COMBINATION THERAPY WITH ANTI-TROP-2 ANTIBODIES AND PARP INHIBITORS,TW;US;WO,False
67902442,US-11781189-B2,Cytarabine,Method for determining the presence or absence of minimal residual disease (MRD) in a subject who has been treated for a disease,CN;EP;ES;HK;JP;KR;US;WO,True
79317470,US-20230322822-A1,Cytarabine,ARYL PHOSPHOROUS OXIDE COMPOUNDS AND USE THEREOF,AU;CA;CN;EP;JP;KR;US;WO,False
83049623,AU-2022226605-A1,Cytarabine,COMPOSITIONS AND METHODS TO IMPROVE THE THERAPEUTIC BENEFIT OF SUBOPTIMALLY ADMINISTERED COMPOUNDS AND THERAPIES FOR THE TREATMENT OF DISEASES,AU;CA;EP;IL;US;WO,False
42288116,US-11786543-B2,Cytarabine,Compositions comprising decitabine and tetrahydrouridine and uses thereof,US,False
81974508,EP-4261225-A1,Cytarabine,ANTI-PD-1 ANTIBODY AND USES THEREOF,CN;EP;HK;JP;KR;US;WO,False
80247060,US-20230330123-A1,Cytarabine,A NON-AQUEOUS SUSPENSION OF ANTICANCER AGENT,EP;IN;US;WO,False
70554222,US-11795198-B2,Cytarabine,Fusion protein composition(s) comprising masked type I interferons (IFNA and IFNB) for use in the treatment of cancer and methods thereof,AU;CA;CN;EP;JP;KR;US;WO,False
60009758,CA-3037728-C,Cytarabine,"4,6-INDAZOLE COMPOUNDS AND METHODS FOR IDO AND TDO MODULATION, AND INDICATIONS THEREFOR",AU;BR;CA;CN;CO;EP;HK;ID;IL;IN;JP;KR;MX;MY;PH;RU;TW;US;VN;WO,False
57796966,CA-3007462-C,Cytarabine,"COMPOUNDS AND METHODS FOR KINASE MODULATION, AND INDICATIONS THEREFOR",AU;BR;CA;CN;CO;EP;ES;ID;IL;IN;JP;KR;MX;MY;PH;RU;SG;US;WO,True
49916710,CA-2878640-C,Cytarabine,MULTIVALENT HETEROMULTIMER SCAFFOLD DESIGN AND CONSTRUCTS,AU;CA;CN;DK;EP;ES;HK;IN;JP;US;WO,True
82059539,EP-4262813-A1,Cytarabine,"DRUGS, THERAPEUTIC COMBINATIONS AND METHODS FOR PREVENTING VIRAL AND MICROBIAL INFECTIONS AND THEIR SEQUELAE",AR;AU;CA;CL;CN;EP;HK;IL;MX;TW;US;WO,False
88418737,WO-2023201432-A1,Cytarabine,COMPOSITION FOR THE INHIBITION OF NRF2 AND USES THEREOF IN CANCER THERAPY,US;WO,False
83847212,AU-2021443620-A1,Cytarabine,COMBINATION THERAPY BY USING AKR1C3-ACTIVATED COMPOUND WITH IMMUNE CHECKPOINT INHIBITOR,AU;BR;CA;CN;EP;IL;JP;KR;US;WO,False
64051695,US-11801240-B2,Cytarabine,Combination therapies and uses thereof,AU;BR;CA;CL;CN;CO;EA;EP;HK;IL;IN;JP;KR;MA;MX;MY;PH;SG;US;VN;WO,False
82158418,EP-4267138-A1,Cytarabine,PRODRUGS OF PHARMACEUTICAL AGENTS,EP;JP;US;WO,False
68733477,EP-4022623-B1,Cytarabine,METHOD AND KIT TO PREDICT CELL DEATH IN RESPONSE TO BIOTIC AND/OR ABIOTIC STIMULI,EP;ES;IT;WO,True
80323204,US-20230348378-A1,Cytarabine,SMALL MOLECULE ALBUMIN BINDERS,CA;CN;HK;MO;US;WO,False
79556060,US-20230346831-A1,Cytarabine,METHODS FOR TREATING METASTATIC CANCER USING LOW DOSE CARBON MONOXIDE,US;WO,False
83932458,US-20230346272-A1,Cytarabine,ELECTROCHEMICAL SENSOR FOR SIMULTANEOUS DETECTION AND MEASUREMENT OF MULTIPLE PHARMACEUTICALS,EP;JP;US;WO,False
80775695,US-20230355832-A1,Cytarabine,SYSTEM AND METHOD FOR INTEGRATED ENDOLUMINAL EMBOLIZATION AND LOCALIZED DRUG DELIVERY,EP;US;WO,False
83396341,AU-2022243527-A1,Cytarabine,ORAL CAPSULE OF PARP INHIBITOR AND PREPARATION METHOD THEREOF,AU;BR;CA;CN;EP;HK;ID;JP;KR;MX;MY;US;VN;WO;ZA,False
82235888,EP-4276112-A1,Cytarabine,ANTI-FGFR3 ANTIBODY AND USE THEREOF,AU;CA;CN;EP;JP;KR;US;WO,False
74104190,US-20230372499-A1,Cytarabine,DENDRIMER COMPOSITIONS AND METHODS FOR DRUG DELIVERY,AU;CA;CN;EP;HK;ID;IL;IN;JP;MY;PH;US;VN;WO,False
65724060,US-11826399-B2,Cytarabine,Chlorotoxin agents and uses thereof,US,False
84981181,US-20230382915-A1,Cytarabine,GCN2 AND PERK KINASE INHIBITORS AND METHODS OF USE THEREOF,AR;AU;BR;CA;CL;CN;CO;EA;EP;HK;ID;IL;IN;JP;KR;MX;PE;TW;US;WO,False
81193388,US-20230381183-A1,Cytarabine,USE OF FOLIC ACID AND FOLATE MODIFICATION IN INDUCING B-CELL IMMUNE TOLERANCE AND TARGETING mIgM-POSITIVELY-EXPRESSED B-CELL LYMPHOMA,CN;EP;JP;US;WO,False
88968643,KR-20230163312-A,Cytarabine,Glycopolymer and Library Comprising the Same,KR,False
88876454,CA-3257620-A1,Cytarabine,SYSTEM AND METHOD FOR A CRYPTO CURRENCY SYSTEM USING POLLUTION REDUCTION ACTIVITIES,CA;EP;US;WO,False
88919900,CA-3257248-A1,Cytarabine,ALLOGENEIC HYPOIMMUNE BIOMIMETIC NANOVESICLE FOR THE TREATMENT OF CANCER,CA;CN;EP;JP;US;WO,False
84041739,US-11833204-B2,Cytarabine,Visible light-activatable nanoparticles for cancer immunotherapy and use thereof,KR;US,False
89025631,WO-2023235522-A1,Cytarabine,COMPOSITIONS AND METHODS FOR SELECTIVE DEPLETION OF EGFR TARGET MOLECULES,WO,False
89118882,WO-2023239747-A2,Cytarabine,METHODS OF MODULATING ATXN2 EXPRESSION,EP;US;WO,False
81208800,US-20230398150-A1,Cytarabine,SPECIFIC TARGETING OF TUMOR-INFILTRATING REGULATORY T CELLS (TREGS) USING ICOS AND IL-1R,US;WO,False
84141811,AU-2022277689-A9,Cytarabine,METHODS AND COMPOSITIONS FOR TREATING HEMATOLOGICAL MALIGNANCIES,AU;BR;CA;CN;EP;HK;JP;MX;US;WO,False
67478550,US-20230405022-A1,Cytarabine,LIPID-LIKE NANOCOMPLEXES AND USES THEREOF,AU;BR;CA;CN;EP;HK;IL;IN;JP;KR;MX;US;WO,False
65021450,US-11850230-B2,Cytarabine,"Composition for preventing or treating TNF-related diseases, containing novel derivative as active ingredient, and method for inhibiting TNF activity by using same",AU;BR;CA;CN;EP;HK;IN;JP;KR;MX;NZ;RU;TH;US;WO;ZA,False
52000693,EP-3748358-B1,Cytarabine,CELLULAR-BASED METHOD FOR DETERMINING THE POTENCY OF DEFIBROTIDE,AU;BR;CA;CN;DK;EP;ES;FI;HK;IL;IN;JP;KR;MX;NZ;PL;PT;RU;SG;US;WO;ZA,True
56014940,US-20230414702-A1,Cytarabine,COMPOUNDS AND PHARMACEUTICAL USE THEREOF IN THE TREATMENT OF CANCER,DK;EP;ES;US;WO,True
52628937,IL-276423-B1,Cytarabine,COMPOSITIONS COMPRISING COENZYME Q10 FOR USE IN THE TREATMENT OF CANCER,AU;CA;CN;EA;EP;ES;HK;HU;IL;IN;JP;KR;MX;NZ;SG;US;WO,True
70852409,US-11858958-B2,Cytarabine,Blank liposome with ginsenoside Rg3 or its analog as membrane materials and preparations and uses thereof,AU;CA;CN;EP;US;WO,False
65957002,US-11857635-B2,Cytarabine,"Linker compound, polyethylene glycol-linker conjugate and derivative thereof and polyethylene glycol-linker-drug conjugate",US;WO,False
54478716,EP-3365010-B1,Cytarabine,CYTOTOXIC IMMUNOSTIMULATING PARTICLES AND USES THEREOF,AU;CA;EP;JP;US;WO,False
89381519,WO-2024006942-A1,Cytarabine,METHODS FOR TREATING INFLAMMATORY CONDITIONS OF THE EYE WITH AN IGF-1R LIGAND CONJUGATED TO A DISEASE- MODIFYING AGENT,AU;CN;EP;HK;IN;JP;KR;US;WO,False
81289633,US-20240000977-A1,Cytarabine,METHODS AND KITS FOR DIAGNOSING AND TREATING CANCERS,AU;EP;JP;US;WO,False
84028869,AU-2022271791-A1,Cytarabine,COMBINATIONS FOR TREATMENT OF CANCER,AU;CA;CN;EP;JP;KR;US;WO,False
83155559,EP-4301859-A1,Cytarabine,ENHANCED TARGETING USING ANTIBODY-OLIGONUCLEOTIDE CONJUGATES,CN;EP;JP;US;WO,False
58464701,EP-3943508-B1,Cytarabine,DUAL FUNCTION ANTIBODIES SPECIFIC TO GLYCOSYLATED PD-L1 AND METHODS OF USE THEREOF,AU;CA;CN;EP;ES;JP;KR;MX;TW;US;WO,True
82403347,WO-2024008943-A1,Cytarabine,REGIMEN FOR ENZYMATIC DESENSITISATION,EP;US;WO,False
66333375,US-20240009271-A1,Cytarabine,METHODS OF TREATING METASTATIC CANCERS USING AXL DECOY RECEPTORS,AU;CA;CN;EP;HK;JP;KR;MX;RU;US;WO,False
80350565,US-20240009252-A1,Cytarabine,COMPOSITIONS AND METHODS OF TREATMENT COMPRISING TUMOR-TARGETING BACTERIA AND CHEMOTHERAPY OR IMMUNOTHERAPY AGENT,US;WO,False
70849628,US-11873281-B2,Cytarabine,Conjugates of cell binding molecules with cytotoxic agents,CA;EP;TW;US,False
47506842,US-11872311-B2,Cytarabine,Metal bisphosphonate nanoparticles for anti-cancer therapy and imaging and for treating bone disorders,EP;JP;US;WO,False
58410405,US-20240018257-A1,Cytarabine,ANTIBODIES SPECIFIC TO HUMAN POLIOVIRUS RECEPTOR (PVR),AU;BR;CA;CN;CO;EP;ES;HK;IL;IN;JP;KR;MX;NZ;RU;SG;US;WO,True
89578332,US-11878018-B1,Cytarabine,Phosphorylation of Syntaxin 17 by TBK1 controls autophagy initiation,US,False
56194623,EP-3310378-B1,Cytarabine,ANTI-CLL-1 ANTIBODIES AND METHODS OF USE,AR;CN;EP;GC;HK;JP;MO;TW;US;WO,False
80353918,US-20240024347-A1,Cytarabine,PRODRUGS OF 6-MERCAPTOPURINE,US;WO,False
89707389,WO-2024026505-A2,Cytarabine,DISRUPTION OF TELOCYTE ACTIVITY,MX;US;WO,False
65719100,US-20240033284-A1,Cytarabine,METHOD OF ADMINISTRATION AND TREATMENT,US,False
67907266,AU-2019234580-B2,Cytarabine,"IL-13 receptor alpha 2 targeted, zetakine directed T cell immunotherapy",AU;BR;CA;CN;EA;EP;HK;IL;IN;JP;KR;MX;SG;US;WO,False
81458430,US-20240041945-A1,Cytarabine,"METHOD FOR CONSTRUCTING STRICTLY ANAEROBIC SALMONELLA, CONSTRUCTED STRICTLY ANAEROBIC SALMONELLA AND APPLICATION THEREOF",EP;HK;KR;US;WO,False
55264664,EP-4321171-A2,Cytarabine,SIRP ALPHA-ANTIBODY FUSION PROTEINS,CA;EP;ES;HK;US;WO,True
40796111,US-20240050632-A1,Cytarabine,SELF-EXPANDING DEVICES AND METHODS THEREFOR,AU;CA;CN;DK;EP;ES;HK;IL;PT;US;WO,True
89942330,WO-2024040228-A2,Cytarabine,CD83 BINDING PROTEINS,WO,False
51689967,AU-2024200650-A1,Cytarabine,Therapeutic benefit of suboptimally administered chemical compounds,AU;CN;EP;JP;KR;US;WO,False
58213341,US-11913043-B2,Cytarabine,Cell-targeted cytotoxic constructs,CA;DK;EP;US;WO,False
65016617,US-11912775-B2,Cytarabine,Anti-human CCR1 monoclonal antibody,AU;CA;CN;EP;HK;IN;JP;KR;TW;US;WO,False
73553943,US-11911374-B2,Cytarabine,Methods and uses for treating cancer,AU;BR;CA;CN;EP;HK;IL;JP;KR;MX;RU;US;WO,False
88097433,WO-2024044780-A1,Cytarabine,INTERLEUKIN-18 VARIANTS AND USES THEREOF,WO,False
83575239,US-20240066141-A1,Cytarabine,"LINKERS, CONJUGATES AND APPLICATIONS THEREOF",AU;CN;EP;JP;KR;US;WO,False
61906846,IL-292352-B2,Cytarabine,METHODS FOR CRYOGENIC STORAGE,AU;BR;CA;CN;EA;EP;HK;IL;JP;KR;MX;SG;US;WO,False
58517926,MY-201637-A,Cytarabine,NATURAL KILLER CELLS AND ILC3 CELLS AND USES THEREOF,AU;BR;CA;CN;CO;EA;EP;HK;IL;IN;JP;KR;MX;MY;NZ;SG;TW;US;VN;WO,False
53042088,EP-3065713-B1,Cytarabine,"NANOSCALE CARRIERS FOR THE DELIVERY OR CO-DELIVERY OF CHEMOTHERAPEUTICS, NUCLEIC ACIDS AND PHOTOSENSITIZERS",CN;EP;JP;US;WO,False
88143854,WO-2024056782-A1,Cytarabine,"SULFONE-SUBSTITUTED PYRIDO[3,4-D]PYRIMIDINE DERIVATIVES FOR THE TREATMENT OF CANCER",CN;EP;WO,False
90244899,US-20240091372-A1,Cytarabine,ANTI-DOPPEL ANTIBODY DRUG CONJUGATES,US,False
67478878,US-20240091232-A1,Cytarabine,NOVEL USES,US,False
85506954,AU-2022343102-A1,Cytarabine,DIAGNOSTIC METHODS FOR CANCER USING EPHRINB2 EXPRESSION,AU;CA;CN;EP;JP;KR;US;WO,False
71409570,AU-2020297422-B2,Cytarabine,Aminopyrimidine amide autophagy inhibitors and methods of use thereof,AR;AU;BR;CA;CL;CN;CO;EA;EP;ES;HK;ID;IL;IN;JP;KR;MA;MX;MY;NZ;PE;PH;TW;US;WO,True
88412325,WO-2024064024-A1,Cytarabine,"((4-OXO-3,4-DIHYDROQUINAZOLIN-8-YL)METHYL)AMINE DERIVATIVES AS P13K INHIBITORS FOR THE TREATMENT OF CANCER",TW;WO,False
82549079,US-20240103011-A1,Cytarabine,LIQUID BIOPSY YIELD ENHANCEMENT,EP;US;WO,False
79281581,US-20240101562-A1,Cytarabine,"NOVEL COMPOUND, AND PHARMACEUTICAL COMPOSITION FOR PREVENTING OR TREATING RESISTANT CANCER, COMPRISING SAME",AU;BR;CA;CN;EP;HK;JP;KR;US;WO,False
90360567,US-20240100178-A1,Cytarabine,EGFR TARGETING PEPTIDE CONJUGATE,US,False
82260744,US-20240100037-A1,Cytarabine,COMPOSITION FOR INHIBITING GROWTH OF CANCER STEM CELLS,KR;US;WO,False
83508390,EP-4345101-A1,Cytarabine,AZOLE DERIVATIVES AS SHP2 INHIBITORS,AU;BR;CA;CN;EP;JP;KR;US;WO,False
90479116,WO-2024073600-A1,Cytarabine,COMPOSITIONS AND METHODS FOR MARCO INHIBITION AND IMPROVED DRUG DELIVERY,US;WO,False
90479362,WO-2024073476-A2,Cytarabine,COMPOSITIONS AND METHODS FOR TREATING CANCER BY REDUCING THE EXPRESSION AND/OR ACTIVITY OF PLA2G10,WO,False
82549904,US-20240108734-A1,Cytarabine,METHODS FOR TREATING AND AMELIORATING CANCER,EP;JP;US;WO,False
73139458,EP-4349413-A2,Cytarabine,COMBINATION THERAPIES FOR TREATING MYELODYSPLASTIC SYNDROMES AND ACUTE MYELOID LEUKEMIA,AU;CA;CN;EA;EP;ES;HK;ID;IL;JP;KR;MO;MX;MY;PH;PL;TW;US;VN;WO;ZA,True
52425505,EP-3227322-B1,Cytarabine,CD44V6-DERIVED CYCLIC PEPTIDES FOR TREATING CANCERS AND ANGIOGENESIS RELATED DISEASES,AU;BR;CA;CL;CN;CO;EA;EP;GB;ID;IL;IN;JP;KR;MX;MY;PH;SG;US;VN;WO,False
39315133,US-11958855-B2,Cytarabine,Aurora kinase inhibitors for inhibiting mitotic progression,AR;AT;AU;BR;CA;CL;CN;CR;CY;DK;EA;EP;ES;GE;HK;HR;ID;IL;IN;JP;KR;MA;MX;MY;NO;NZ;PH;PL;PT;RS;SG;SI;TW;UA;US;VN;WO;ZA,True
88600430,WO-2024081345-A1,Cytarabine,BENZOPYRIMIDIN-4(3H)-ONES AS PI3K INHIBITORS,WO,False
88558350,WO-2024079462-A1,Cytarabine,METHOD OF USING RADIOTHERAPY PARAMETERS FOR CLINICAL STUDIES ON ORAL MUCOSITIS,WO,False
90668855,WO-2024078612-A1,Cytarabine,"LINKER-PAYLOAD COMPOUND, CONJUGATES AND APPLICATIONS THEREOF",AU;CN;EP;JP;KR;US;WO,False
88511406,WO-2024088865-A1,Cytarabine,TREATMENT OF PROSTATE CANCER BY PROMOTING PDE4D7,CN;EP;JP;WO,False
71948695,US-20240139285-A1,Cytarabine,IMMUNOMODULATOR ANTIBODY DRUG CONJUGATES AND USES THEREOF,CN;EP;HK;JP;US;WO,False
88964972,CA-3269350-A1,Cytarabine,IMPROVING EFFICACY AND DURABLE RESPONSE OF IMMUNOTHERAPY,AU;CA;CN;EP;HK;IL;JP;KR;US;WO,False
85603271,AU-2022346534-A1,Cytarabine,NOVEL PROTEIN AND PHARMACEUTICAL COMPOSITION COMPRISING SAME FOR PREVENTION OR TREATMENT OF CANCER,AU;BR;CA;CN;EP;JP;KR;MX;RU;US;WO,False
82654982,US-20240148688-A1,Cytarabine,METHODS FOR TREATING AND AMELIORATING CANCER,AU;CA;CN;EP;JP;US;WO,False
57145063,EP-3359180-B1,Cytarabine,STABILIZED BCL9 PEPTIDES FOR TREATMENT OF ABERRANT WNT SIGNALING,AU;CA;CN;EP;JP;US;WO,False
91033410,WO-2024102649-A1,Cytarabine,USE OF CYCLIN E1 STATUS AS A PREDICTIVE BIOMARKER FOR TREATING CANCER WITH WEE1 INHIBITORS,AU;BR;CA;CN;EP;HK;IL;JP;KR;MX;RU;TW;US;WO,False
80248004,US-20240159744-A1,Cytarabine,"COLON CANCER DIAGNOSIS OR DETECTION COMPOSITION FOR PREDICTING RESPONSE TO DRUG, AND COMPOSITION FOR PREVENTING OR TREATING COLON CANCER",EP;KR;US;WO,False
80951850,US-20240158794-A1,Cytarabine,NUCLEOSIDE CONTAINING siRNAS FOR TREATING VIRAL DISEASES,CA;CN;EP;JP;US;WO,False
88697801,US-20240174761-A1,Cytarabine,BISPECIFIC ANTIBODIES AGAINST CD3 AND CD20 FOR TREATING RICHTER&apos;S SYNDROME,BR;CN;EP;HK;IL;JP;US;WO,False
84029441,US-20240174659-A1,Cytarabine,COMPOUNDS AND METHODS FOR YAP/TEAD MODULATION AND INDICATIONS THEREFOR,AU;CA;CN;EP;JP;US;WO,False
79553500,TW-202421108-A,Cytarabine,PHARMACEUTICAL COMPOSITION WHICH IS FOR PREVENTING OR TREATING CANCER AND CONTAINS NAPHTHOQUINONE-BASED COMPOUND AND IMMUNE CHECKPOINT INHIBITOR AS ACTIVE INGREDIENT,AU;BR;CA;CN;EP;IL;IN;JP;KR;RU;TW;US;WO,False
86059594,IL-312343-A,Cytarabine,"COMPOSITIONS AND METHODS FOR TREATMENT OF HYPERPROLIFERATIVE, INFLAMMATORY, AND IMMUNOLOGICAL DISEASES, AND INFECTIONS",AU;CA;EP;IL;WO,False
67064953,US-11998584-B2,Cytarabine,Conjugate of a tubulysin analog with branched linkers,AU;BR;CA;CL;CN;EA;EP;HK;ID;IL;JP;KR;MX;MY;NZ;PH;SG;US;VN;WO;ZA,False
89663632,WO-2024118760-A1,Cytarabine,PEPTIDE-LINKED DRUG DELIVERY SYSTEM,WO,False
91324876,WO-2024118667-A1,Cytarabine,EIF4A1 INHIBITORS WITH ANTITUMOR ACTIVITY,CA;EP;WO,False
84537338,EP-4382104-A1,Cytarabine,DYCLONINE FOR USE IN THE TOPICAL TREATMENT OF HAND-FOOT SYNDROME,EP;WO,False
84829812,EP-4385518-A1,Cytarabine,KIT FOR COMBINATION THERAPY OF TUMOR DISEASES AND/OR INFECTIONS,EP;JP;US;WO,False
83639700,US-20240200074-A1,Cytarabine,METHOD AND COMPOSITIONS FOR PREVENTING TUMOR DEVELOPMENT AND METASTASIS,US;WO,False
66101751,US-20240199738-A1,Cytarabine,MONOCLONAL ANTIBODIES AND CONJUGATES AGAINST PROSTAGLANDIN F2 RECEPTOR INHIBITOR AND USES THEREOF,CN;EP;HK;JP;US;WO,False
67988988,US-20240197731-A1,Cytarabine,"THERAPEUTIC COMPOSITIONS, COMBINATIONS, AND METHODS OF USE",AU;BR;CA;CN;DK;EP;ES;FI;HK;JP;KR;MX;MY;TW;US;WO,True
83978065,EP-4387980-A1,Cytarabine,INHIBITORS OF CYSTEINE PROTEASES AND METHODS OF USE THEREOF,EP;US;WO,False
61619805,IL-265333-B1,Cytarabine,ANTIBODY SPECIFICALLY BINDING TO PD-1 AND FUNCTIONAL FRAGMENT THEREOF,AU;BR;CA;CL;CN;CO;DO;EA;EC;EP;HK;ID;IL;JP;KR;MX;MY;NZ;PE;PH;TN;US;VN;WO;ZA,False
91667476,US-20240216319-A1,Cytarabine,TUMOR SUPPRESSANT AND PAIN RELIEF COMPOSITION FOR ORAL ADMINISTRATION,US,False
78829873,US-20240216316-A1,Cytarabine,DIHOMO-GAMMA LINOLENIC ACID (DGLA) IS A NOVEL SENOLYTIC,AU;CA;EP;US;WO,False
83848741,US-20240216289-A1,Cytarabine,LIPIDOID NANOPARTICLES FOR THE TREATMENT OF DISEASES AND DISORDERS,CN;EP;US;WO,False
74759272,AU-2021389027-A9,Cytarabine,MULTI-SPECIFIC HUMAN ALBUMIN NANOPARTICLES DECORATED WITH ANTIBODY FRAGMENTS AND LOADED WITH CYTOTOXICS,AU;CA;CN;EP;ES;JP;KR;PL;US;WO,True
73043291,EP-4190173-B1,Cytarabine,METABOLIC CANCER THERAPY,AU;CA;CN;EP;ES;JP;KR;MX;PL;US;WO,True
85603630,EP-4401780-A1,Cytarabine,"AMORPHOUS PHOTOSENSITIZING PARTICLES, METHODS FOR THE PREPARATION THEREOF, AND METHODS FOR THE USE THEREOF",CA;CN;EP;HK;JP;US;WO,False
87074131,AU-2023205038-A1,Cytarabine,SMARCA2/4 INHIBITION AS A STRATEGY TO TREAT TUMORS THAT HARBOR ABERRANT BAF ASSEMBLIES,AU;CA;EP;US;WO,False
84324524,US-20240254564-A1,Cytarabine,METHODS FOR PREDICTING AND TREATING CHEMORESISTANCE IN SMALL CELL LUNG CANCER PATIENTS,US;WO,False
84028766,US-20240254220-A1,Cytarabine,COMBINED THERAPY USING ANTI-CD300C ANTIBODY,AU;CA;CN;EP;JP;KR;US;WO,False
63040122,US-20240261245-A1,Cytarabine,METHODS OF TREATING CANCERS HAVING A DEREGULATED NRF2/KEAP1 PATHWAY,US;WO,False
92263373,WO-2024167952-A1,Cytarabine,OXIDATIVELY CLEAVABLE ORGANOPHOSPHATE DRUGS,WO,False
78161431,US-20240270780-A1,Cytarabine,PROTEOLYSIS TARGETING COMPOUND WITH TISSUE TARGETING CAPABILITY AND USE THEREOF,CN;US;WO,False
64566309,US-20240269252-A1,Cytarabine,COMPOSITIONS FOR INDUCING AN IMMUNE RESPONSE,US;WO,False
85674193,CN-115844869-B,Cytarabine,Application of sulforaphane in reversing drug resistance of cytarabine-resistant leukemia cells and pharmaceutical composition,CN,False
90361737,WO-2024173761-A1,Cytarabine,COMBINATIONS COMPRISING MEK INHIBITORS FOR USE IN THE TREATMENT OF CANCER,WO,False
92420596,WO-2024173072-A2,Cytarabine,NOVEL POLY(A)-SPECIFIC RIBONUCLEASE (PARN) NUCLEASE ACTIVITY INHIBITORS AND METHODS OF USE THEREOF,WO,False
92422172,WO-2024169991-A1,Cytarabine,COMPOSITIONS AND METHODS OF GAMMA-DELTA T CELL EXTRACELLULAR VESICLE-BASED TUMOR VACCINES,CN;HK;WO,False
92383406,CN-118530282-A,Cytarabine,一种肝靶向环磷酸酯前药结构的改进,CN,False
84424763,US-20240285634-A1,Cytarabine,COMPOUND AND METHOD FOR TREATING CHEMOTHERAPY-ASSOCIATED GASTROINTESTINAL SIDE EFFECTS,CN;EP;HK;JP;KR;TW;US;WO,False
58518368,NZ-742480-A,Cytarabine,Combination therapy for treating malignancies,AU;BR;CA;CL;CN;CY;DK;EA;EP;ES;HK;HR;HU;IL;JP;KR;LT;MA;MD;MX;NZ;PL;PT;RS;SG;SI;SM;TH;UA;US;WO;ZA,True
69777220,IL-281377-B1,Cytarabine,NANOPARTICLE FORMULATIONS AND METHODS OF USE FOR ALPHA CONNEXIN C-TERMINAL PEPTIDES,AU;BR;CN;EP;HK;IL;IN;JP;KR;US;WO,False
67908477,IL-277267-B1,Cytarabine,IL-13 RECEPTOR ALPHA 2 (IL13RA2) CHIMERIC ANTIGEN RECEPTOR FOR TUMOR SPECIFIC T CELL IMMUNOTHERAPY,AU;BR;CA;CN;EA;EP;HK;IL;IN;JP;KR;MX;SG;US;WO,False
86497784,EP-4424316-A1,Cytarabine,ANTITUMOR PHARMACEUTICAL COMPOSITION COMPRISING AZVUDINE AND CHEMOTHERAPEUTIC AGENT,CN;EP;JP;KR;TW;US;WO,False
84424761,US-20240293413-A1,Cytarabine,COMPOUND AND METHOD FOR TREATING CHEMOTHERAPY-RELATED GASTROINTESTINAL SIDE EFFECTS,CN;EP;HK;JP;KR;TW;US;WO,False
92590420,WO-2024182311-A2,Cytarabine,COMBINATIONS FOR TREATMENT OF PARKINSON&apos;S DISEASE AND OTHER PRIMARY AND SECONDARY PARKINSONIAN DISORDERS,CA;EP;JP;US;WO,False
73551319,JP-2024123001-A,Cytarabine,"SUBSTITUTED 1-OXO-ISOINDOLINE-5-CARBOXAMIDE COMPOUND, COMPOSITION OF THE SAME, AND TREATMENT METHOD BY THE SAME",AR;AU;BR;CA;CL;CN;CO;EA;EP;HK;IL;IN;JP;KR;MO;MX;MY;NZ;PE;SG;TH;TW;US;WO;ZA,False
84387779,EP-4426329-A2,Cytarabine,AMELIORATION AND TREATMENT OF INFARCTION DAMAGE,EP;JP;US;WO,False
67253932,US-20240301083-A1,Cytarabine,METHODS OF TREATING CANCERS AND ENHANCING EFFICACY OF T CELL REDIRECTING THERAPEUTICS,AR;AU;BR;CA;CL;CN;DK;DO;EA;EP;ES;FI;HK;ID;IL;JO;JP;KR;LT;MA;MO;MX;MY;NZ;PH;SG;TW;UA;US;UY;WO,True
77711390,US-20240299554-A1,Cytarabine,PRODRUGS WITH 1-(DISULFANYL)ALKYLOXY-CARBONYL UNITS,CN;EP;NL;US;WO,False
84545925,US-20240299553-A1,Cytarabine,INDOCARBOCYANINE LIPID DERIVATIVES FOR IN VIVO CARGO DELIVERY,EP;US;WO,False
92755884,WO-2024192115-A1,Cytarabine,COMPOSITIONS AND METHODS FOR THE TREATMENT OF CANCER,CA;CN;EP;JP;KR;WO,False
85601731,WO-2024188937-A1,Cytarabine,COMBINATIONS OF ATR KINASE INHIBITORS AND PARP INHIBITORS TO TREAT HYPER-PROLIFERATIVE CONDITIONS E.G. CANCER,WO,False
85706785,AU-2023224042-A1,Cytarabine,COMBINATION FORMULATION OF CEDAZURIDINE,AU;BR;CA;CN;EP;HK;IL;IN;JP;KR;MX;MY;RU;TH;TW;US;VN;WO,False
92804578,US-20240316226-A1,Cytarabine,RADIOPHARMACEUTICAL CONJUGATE COMPOUND FOR DIAGNOSIS AND/OR THERAPEUTIC USES THEREOF,CA;EP;US;WO,False
83047587,US-20240316079-A1,Cytarabine,USE OF AKR1C3-ACTIVATED COMPOUND,AU;BR;CA;CN;EP;IL;JP;KR;TW;US;WO,False
66664263,AU-2018375183-B2,Cytarabine,Methods of treatment with asparaginase,AU;BR;CA;CN;EP;HK;IL;JP;KR;MX;SG;US;WO,False
85507420,US-20240325334-A1,Cytarabine,COMPOSITION FOR GENERATING NITROGEN MONOXIDE,KR;US;WO,False
45879022,US-12109219-B2,Cytarabine,Cannabinoid receptor modulators,US;WO,False
86731416,US-20240336979-A1,Cytarabine,METHODS OF ANALYSIS OF 17Q22 POLYMORPHISMS ASSOCIATED WITH CANCER AND USES THEREOF,US,False
85087304,US-20240335427-A1,Cytarabine,SMALL MOLECULE INHIBITION OF DEUBIQUITINATING ENZYME JOSEPHIN DOMAIN CONTAINING 1 (JOSD1) AS A TARGETED THERAPY FOR LEUKEMIAS WITH MUTANT JANUS KINASE 2 (JAK2),AU;CA;EP;US;WO,False
88730953,AU-2023269214-A1,Cytarabine,TREATING DISEASES AND DISORDERS WITH IRAK4-MODIFYING COMPOUNDS,AU;BR;CA;CN;EP;HK;IL;JP;KR;MX;MY;US;WO,False
93017219,WO-2024215771-A1,Cytarabine,SUBSTITUTED PHENYL ETHYNYL PYRIMIDINES AS POTENT INHIBITORS OF ALPHAVIRUSES,US;WO,False
90923906,WO-2024215754-A1,Cytarabine,KRAS MODULATING COMPOUNDS,AR;AU;CA;CN;EP;HK;IN;JP;KR;TW;US;WO,False
63678004,US-20240343697-A1,Cytarabine,ISOXAZOLE HYDROXAMIC ACIDS AS HISTONE DEACETYLASE 6 INHIBITORS,EP;JP;US;WO,False
63852540,US-20240342306-A1,Cytarabine,"STEM CELL-NANO DRUG DELIVERY SYSTEM COMPLEX, USE THEREOF AND METHOD FOR PREPARING THE SAME",US,False
86383159,AU-2023256670-A1,Cytarabine,KRAS G12D MODULATING COMPOUNDS,AR;AU;BR;CA;CL;CN;CO;CR;DO;EP;HK;ID;IL;IN;JP;KR;MX;MY;PE;TW;US;VN;WO,False
93059780,KR-20240151659-A,Cytarabine,Biomarkers for evaluating of response and predicting the prognosis of lung cancer therapy,KR;WO,False
86947523,EP-4450092-A1,Cytarabine,MODIFIED OLIGONUCLEOTIDE-DRUG CONJUGATE AND USE THEREOF,AU;CN;EP;IN;JP;KR;US;WO,False
84981015,EP-4448107-A1,Cytarabine,"DRUG DELIVERY SYSTEMS BASED ON ENDOPEROXIDES USEFUL IN DIAGNOSIS AND THERAPY, AND METHODS THEREOF",EP;JP;US;WO,False
67180827,EP-3801771-B1,Cytarabine,ANTI-CD99 DIABODY OR IGG ANTIBODY AND USES THEREOF,CA;EP;JP;KR;US;WO,False
65520446,EP-3749302-B1,Cytarabine,"OXYPHENISATIN ACETATE, OXYPHENISATIN AND BISACODYL FOR TREATING TRIPLE-NEGATIVE BREAST CANCER",EP;US;WO,False
93151986,WO-2024217563-A1,Cytarabine,"LYSINE ACETYLTRANSFERASE 6A (KAT6A) INHIBITOR, COMBINATIONS AND USES THEREOF",AR;AU;CA;CN;EP;HK;IL;IN;JP;KR;MX;TW;WO,False
86895947,EP-4455590-A1,Cytarabine,RAPID FREEZE-DRYING METHOD,EP;WO,False
93257414,WO-2024226573-A2,Cytarabine,MASP-2 DIRECTED CANCER TREATMENT METHODS,US;WO,False
57326428,MA-55046-B1,Cytarabine,UTILISATION DE DÉRIVÉS D&apos;INDOLE N-SUBSTITUÉS COMME MODULATEURS DES RÉCEPTEURS DES PGE2,AU;BR;CA;CL;CN;CO;CR;CY;DK;EA;EP;ES;FI;HK;HR;HU;ID;IL;IN;JP;KR;LT;MA;MX;MY;NZ;PE;PH;PL;PT;RS;SA;SG;SI;TH;TW;UA;US;VN;WO,True
73288945,AU-2020273695-B2,Cytarabine,Antibody against claudin 18A2 and use thereof,AU;BR;CA;CN;EP;HK;IN;JP;KR;RU;US;WO,False
93333418,WO-2024229332-A1,Cytarabine,ANTI-CANCER TREATMENTS AND METHODS OF USE THEREOF,WO,False
91274889,WO-2024229105-A1,Cytarabine,"ANTI-HUMAN M-CADHERIN (CDH15) ANTIBODIES, CONJUGATES, AND USES THEREOF FOR DELIVERY OF GENETIC PAYLOADS TO MUSCLE CELLS",AU;CA;CN;EP;JP;KR;MX;WO,False
86242171,US-20240368246-A1,Cytarabine,MULTIMERIC T-CELL MODULATORY POLYPEPTIDES AND METHODS OF USE THEREOF,EP;US;WO,False
88836156,AU-2023272108-A1,Cytarabine,METHODS FOR ABLATING MYELOID DERIVED SUPPRESSOR CELLS USING NEO-201 ANTIBODY,AU;BR;CA;CN;EP;HK;JP;MX;US;WO,False
71603128,US-12139491-B2,Cytarabine,Diketopiperazine derivatives as calcium ATPase inhibitor for enhancing anticancer activity,AU;BR;CA;CN;EP;JP;KR;RU;US;WO,False
93431022,WO-2024233509-A1,Cytarabine,QUANTITATIVE MONITORING OF DRUG RELEASE BY ENZYME-RESPONSIVE POLYMERIC NANOPARTICLE,WO,False
63708452,US-20240377412-A1,Cytarabine,METHODS OF ASSESSING ANTIBODY-DRUG CONJUGATES,AR;AU;BR;CA;CN;EA;EP;HK;IL;IN;JP;KR;MX;SG;TW;US;WO,False
85253921,US-20240376138-A1,Cytarabine,"Crystal Forms, Preparation Method And Application Of Aryl Phosphine Oxide Compound",CN;EP;US;WO,False
84141593,AU-2022278242-B2,Cytarabine,PHARMACEUTICAL COMPOSITION FOR TREATING OR PREVENTING DISORDER ASSOCIATED WITH ADMINISTRATION OF ANTICANCER AGENT,AU;BR;CA;CN;CO;EP;HK;IN;JP;KR;MX;RU;TW;US;WO,False
75161729,US-12144791-B2,Cytarabine,"KRAS agonists, pharmaceutical compositions, and uses in managing cancer",US,False
91585861,WO-2024243485-A1,Cytarabine,CDK2 INHIBITORS AND USES THEREOF,WO,False
93590384,WO-2024243343-A2,Cytarabine,COMPOUNDS THAT RE-ACTIVATE MUTANT P53,AU;CN;EP;WO,False
93590252,WO-2024242903-A1,Cytarabine,ANTIBODIES TARGETING S100 PROTEINS AND USES THEREOF,AU;CN;EP;HK;JP;KR;WO,False
85780454,US-20240390868-A1,Cytarabine,PRODUCTION SYSTEM AND METHOD FOR PRODUCING NANOPARTICLES,CN;US;WO,False
61309130,US-12156863-B2,Cytarabine,Combination cancer therapy with pentaaza macrocyclic ring complex and ascorbate compound,AU;CA;CN;EP;HK;JP;US;WO,False
93658659,WO-2024249889-A1,Cytarabine,GENETIC SEQUENCE/SMALL MOLECULE-CARBOHYDRATE CONJUGATES FOR ENHANCED LUNG-SPECIFIC TARGETING,WO,False
93658472,WO-2024249812-A2,Cytarabine,EGF VARIANTS AND METHODS OF USE THEREOF,WO,False
92754457,WO-2024189607-A4,Cytarabine,METHODS AND BIOAVAILABLE HIGHLY PERMEABLE COMPOUNDS FOR DISEASES TREATMENT,IN;US;WO,False
85780920,US-20240398943-A1,Cytarabine,METHODS OF TREATING CANCER AND THE PHARMACEUTICAL COMPOSITIONS THEREOF,AU;BR;CA;CN;EP;HK;IL;IN;JP;KR;MX;RU;US;WO,False
85804658,US-20240398831-A1,Cytarabine,COMPOSITIONS COMPRISING SMALL MOLECULE REGULATORS OF TUMOR IMMUNITY AND METHODS OF USING SAME,CN;EP;HK;JP;US;WO,False
59363277,EP-4086250-B1,Cytarabine,MULTIFUNCTIONAL INHIBITORS OF MEK/PI3K AND MTOR/MEK/PI3K BIOLOGICAL PATHWAYS AND THERAPEUTIC METHODS USING THE SAME,AU;CA;CN;EP;ES;JP;US;WO,True
93796467,WO-2024254543-A2,Cytarabine,RECOMBINANT ANCESTRAL VARIANT ASPARAGINASES AND USES IN MANAGING CANCER,WO,False
93794613,WO-2024254465-A2,Cytarabine,METHODS FOR PROMOTING EXPANSION OF HUMAN CD34+ CELLS IN VIVO AND FOR PROMOTING NEURAL REGENERATION,WO,False
87071066,AU-2023283727-A1,Cytarabine,BENZOPYRIMIDIN-4(3H)-ONES AS PI3K INHIBITORS,AU;CA;CN;EP;HK;IL;IN;JP;KR;MX;TW;US;WO,False
87563690,EP-4475894-A1,Cytarabine,PEGYLATED ANTIBODY HYDROXYL-BEARING DRUG CONJUGATE,AU;CA;CN;EA;EP;JP;KR;MX;US;WO,False
87570938,WO-2024256696-A1,Cytarabine,NEW INJECTABLE PHARMACEUTICAL DEPOT COMPOSITIONS,WO,False
92501779,WO-2024177907-A4,Cytarabine,METHODS OF TREATING CANCER AND/OR CHEMOTHERAPY RELATED CONDITIONS USING NON-NATURALLY OCCURRING MELANOCORTIN ANALOGS,WO,False
91958975,WO-2025002410-A1,Cytarabine,G-CSF DIMER FOR USE IN THE TREATMENT OR PREVENTION OF CHEMOTHERAPY OR RADIOTHERAPY INDUCED NEUTROPENIA,AU;CA;EP;JP;WO,False
66625434,US-12187743-B2,Cytarabine,Heterocyclic compounds as immunomodulators,AR;AU;BR;CA;CL;CN;CO;CR;CY;DK;EA;EC;EP;ES;FI;HK;HR;HU;ID;IL;IN;JO;JP;KR;LT;MA;MD;MO;MX;MY;PE;PH;PL;PT;RS;SA;SG;SI;SM;TH;TW;US;VN;WO;ZA,True
56978603,US-12186385-B2,Cytarabine,Immune complex,US;WO,False
94171518,WO-2025007955-A1,Cytarabine,ECTONUCLEOTIDE PYROPHOSPHATASE/PHOSPHODIESTERASE 1 (ENPP1) INHIBITOR COMBINATIONS AND USES THEREOF,CN;EP;HK;JP;WO,False
92840945,WO-2024193570-A9,Cytarabine,"COMBINATION OF ANTIBODY-DRUG CONJUGATE AND CANCER THERAPY, AND USE THEREOF",CN;EP;US;WO,False
78851235,US-20250011880-A1,Cytarabine,USE OF A TRANSCRIPTOMIC SIGNATURE BASED ON HERVs EXPRESSION TO CHARACTERIZE NEW ACUTE MYELOID LEUKEMIA SUBTYPES,EP;HK;US;WO,False
93940215,US-20250009900-A1,Cytarabine,OXAZAPHOSPHORINE ANTIBODY DRUG CONJUGATES AND METHODS OF USE,CN;EP;JP;US;WO,False
80787180,US-20250009743-A1,Cytarabine,METHODS OF TREATING CANCERS USING STING AGONISTS,AU;CA;CN;EP;JP;US;WO,False
94216465,WO-2025015152-A1,Cytarabine,METHODS OF TREATING HEMATOLOGIC CANCER,EP;JP;WO,False
82939808,US-20240417437-A1,Cytarabine,Linker Polypeptides,AU;BR;CA;CN;EP;HK;IL;JP;KR;MX;US;WO,False
93936166,WO-2024263573-A1,Cytarabine,COMBINATION THERAPY METHODS FOR TREATING TP53-Y220C MUTANT AND TP53 WILDTYPE LEUKEMIAS,EP;JP;WO,False
91923748,WO-2024261723-A1,Cytarabine,RHENIUM COMPLEXES COMPRISING A LIGAND WITH A DISTAL INVERTED TRIGONAL PYRAMIDAL STRUCTURAL MOTIF AND USE THEROF,WO,False
76744702,US-20240424015-A1,Cytarabine,Low-Molecular-Weight HE800 Exopolysaccharide Derivatives with Anti-Cancer Properties and Uses Thereof,CA;CN;EP;JP;US;WO,False
71945935,US-12180286-B2,Cytarabine,Anti-peripheral lymph node addressin antibodies and uses thereof,AU;CA;CN;EP;HK;IL;JP;KR;MX;SG;US;WO,False
91961824,WO-2025006720-A1,Cytarabine,KRAS MODULATING COMPOUNDS,AR;AU;CA;CN;EP;IN;JP;KR;TW;US;WO,False
93940153,WO-2025006456-A2,Cytarabine,COMPOSITIONS AND METHODS FOR TREATING CANCER,AU;CA;CN;EP;JP;KR;TW;WO,False
87280574,WO-2025012080-A1,Cytarabine,HUMANIZED ANTI-CD7 ANTIBODY,AU;CA;CN;EP;IL;IN;JP;KR;MX;WO,False
87245662,WO-2025012029-A1,Cytarabine,THERAPEUTIC COMBINATION COMPRISING 4-(4-METHYL-PIPERAZIN-1-YL)-N-{6-[2-(4-TRIFLUOROMETHYL-BENZYLOXY)-ETHOXY]-1H-INDAZOL-3-YL}-BENZAMIDE AND AN ANTINEOPLASTIC AGENT,WO,False
75888270,US-12202818-B2,Cytarabine,Compounds and methods for CD73 modulation and indications therefor,AU;CA;CN;EP;HK;JP;TW;US;WO,False
66994181,EP-3727379-B1,Cytarabine,"CRYSTALLINE MONO-SODIUM SALT OF N-(5-(3-CYANOPYRAZOLO[1,5-A]PYRIDIN-5-YL)2-METHOXYPYRIDIN-3-YL)-2,4-DIFLUORO-BENZENESULFONAMIDE",EP;JP;US;WO,False
94282745,WO-2025019834-A2,Cytarabine,SYNTHETIC LETHAL GENE REPAIR FOR CANCER THERAPY,WO,False
94282530,WO-2025019468-A1,Cytarabine,LIPID NANOPARTICLES AND USES THEREOF,EP;WO,False
92214457,WO-2025019361-A1,Cytarabine,SCD1 INHIBITORS FOR TREATING HEMATOLYMPHOID NEOPLASMS,JP;WO,False
87419036,WO-2025016899-A1,Cytarabine,SPIROCYCLIC COMPOUNDS FOR THE TREATMENT OF CANCER,WO,False
86240449,US-20250025500-A1,Cytarabine,PHOSPHATASE INHIBITORS AS NK CELLS MODULATORS FOR THE TREATMENT OF CANCER,CA;US;WO,False
87517409,WO-2025021997-A1,Cytarabine,NEW MAP4K1 INHIBITORS,EP;WO,False
88708845,WO-2025021035-A1,Cytarabine,"PHOSPHOLIPID DERIVATIVES, THEIR LIPOSOMES AND USE THEREOF",CN;WO,False
93431803,WO-2024229569-A9,Cytarabine,INVERSE AGONISTS OF RAR RELATED ORPHAN RECEPTORS (RORS),AU;CA;CN;EP;JP;WO,False
86540274,US-20250034211-A1,Cytarabine,C-TERMINAL EXTENDED P53 ACTIVATOR CROSSLINKED PEPTIDOMIMETIC MACROCYCLES AGAINST MDM2/MDMX,CN;EP;JP;US;WO,False
86774825,US-20250032413-A1,Cytarabine,ULTRASONICALLY-ENHANCED CONTINUOUS AND LARGE-SCALE PRODUCTION METHOD FOR NANO-FORMULATIONS,CN;EP;JP;US;WO,False
87576084,AU-2023306440-A1,Cytarabine,ANTI-TROP2 ANTIBODY AND CONJUGATE THEREOF,AR;AU;BR;CA;CN;EA;EP;HK;ID;IL;JP;KR;MA;MX;MY;US;WO,False
88100011,EP-4499047-A1,Cytarabine,AMORPHOUS SOLID DISPERSIONS AND PHARMACEUTICAL COMPOSITIONS COMPRISING THE SAME,CN;EP;JP;TW;US;WO,False
94396046,WO-2025029980-A1,Cytarabine,INHIBITION OF HYPOXIA SIGNALING PATHWAY BY PLK1 INHIBITOR,CN;EP;JP;WO,False
60203338,US-12220420-B2,Cytarabine,Combination therapy for cancer treatment,AU;BR;CA;CL;CN;EA;EP;IL;JP;KR;MX;NZ;SG;TH;US;WO,False
88243569,EP-4504263-A1,Cytarabine,"ANTI-SIGLEC-3 ANTIBODIES, PHARMACEUTICAL COMPOSITIONS COMPRISING THE SAME, AND USES THEREOF",CN;EP;TW;US;WO,False
94534813,WO-2025033367-A1,Cytarabine,COMBINATION THERAPY FOR ANTITUMOR AGENT,WO,False
87567557,AU-2023317788-A1,Cytarabine,COMBINATION THERAPY OF CDK7 INHIBITORS WITH OTHER ANTI-CANCER THERAPIES,AU;BR;CA;CN;EP;HK;ID;IL;IN;JP;KR;MX;MY;RU;US;VN;WO,False
89381514,AU-2023299291-A1,Cytarabine,TREATING AUTOIMMUNE DISEASES WITH INSULIN-LIKE GROWTH FACTOR 1 RECEPTOR LIGAND CONJUGATED TO AN AGENT,AU;CN;EP;HK;IN;JP;KR;US;WO,False
81290849,KR-20250022727-A,Cytarabine,MITOCHONDIRA COMPRISING ANTI-CANCER DRUG AND USE THEREOF,CN;EP;JP;KR;TW;US;WO,False
92542647,WO-2025038395-A1,Cytarabine,BENZOPYRIDINONES AND BENZOPYRIMIDINONES AS PI3K INHIBITORS,AU;CA;CN;EP;IL;IN;JP;KR;TW;WO,False
60578913,US-20250059301-A1,Cytarabine,Fusion Protein Construct,CN;EP;JP;KR;US;WO,False
89535658,AU-2023305694-A1,Cytarabine,"LINKERS, CONJUGATES AND APPLICATIONS THEREOF",AU;CN;EP;JP;KR;US;WO,False
72751420,US-12233168-B2,Cytarabine,Localization of payload delivery systems to tumor sites via beacon cell targeting,EP;US;WO,False
92746737,WO-2025043187-A1,Cytarabine,FIXED DOSE COMBINATIONS OF CEDAZURIDINE AND AZACITIDINE,AU;CA;CN;EP;ID;IN;JP;KR;MX;MY;RU;TW;VN;WO,False
82568710,EP-4516785-A1,Cytarabine,HALOGEN-SUBSTITUTED ISOINDOLINE COMPOUND AND USE THEREOF,AU;BR;CA;CL;CN;EA;EP;IL;JP;KR;MX;US;WO,False
88519861,EP-4514858-A2,Cytarabine,MUTANT AND MISLOCALIZED CELL SURFACE NUCLEOPHOSMIN 1 AS A DIAGNOSTIC AND THERAPEUTIC TARGET OF HUMAN DISEASE,CN;EP;JP;US;WO,False
94820405,WO-2025049677-A1,Cytarabine,USE OF NANOPARTICLES IN THERAPEUTIC AND IMAGING METHODS,WO,False
94819889,WO-2025047993-A1,Cytarabine,ANTI-DOPPEL ANTIBODY DRUG CONJUGATES,AU;CA;CN;EP;IL;IN;JP;KR;WO,False
88016465,WO-2025046272-A1,Cytarabine,METHODS OF TREATING CANCER USING FUTIBATINIB AND PEMBROLIZUMAB,EP;JP;TW;WO,False
67219929,US-12247019-B2,Cytarabine,Inhibitors of dihydroceramide desaturase for treating disease,AU;CA;CN;EP;JP;KR;US;WO,False
92882996,WO-2025054530-A1,Cytarabine,PYRIMIDINE-CONTAINING POLYCYCLIC DERIVATIVES AS KRAS G12D MODULATING COMPOUNDS,AR;AU;CA;CL;CN;CO;CR;DO;EP;ID;IL;IN;KR;MX;MY;PE;TW;US;VN;WO,False
92895753,WO-2025054347-A1,Cytarabine,KRAS G12D MODULATING COMPOUNDS,EP;TW;US;WO,False
56544441,US-20250084059-A1,Cytarabine,CRYSTALLINE FORMS OF C21H22Cl2N4O2,AU;CA;CN;EP;ES;HK;IN;JP;MX;NZ;SG;US;WO,True
73289478,EP-4524131-A1,Cytarabine,"SMALL MOLECULES FOR TREATING CANCER, INHABITING CHEMOKINE ACTIVITY AND/OR INDUCING CELL DEATH",AU;BR;CA;CN;EP;ES;HK;IL;IN;JP;KR;MX;RU;US;WO,True
83688566,AU-2023343523-A1,Cytarabine,ISOLATED TARGETED DELIVERY SYSTEM FOR THE TREATMENT OF GLIOMA,AU;CA;CN;EP;HK;JP;US;WO,False
88098275,EP-4527849-A1,Cytarabine,"HLA-INDEPENDENT ANTIGEN BINDERS, SUCH AS T-CELL RECEPTORS, AGAINST PD-L1",EP;WO,False
71077078,EP-3893913-B1,Cytarabine,TRANSFERRIN RECEPTOR TARGETING PEPTIDES,AU;CA;CN;EP;IL;JP;US;WO,False
92973384,WO-2025064750-A1,Cytarabine,COMBINATION THERAPY WITH A PARG INHIBITOR,AU;CA;CN;EP;WO,False
95072128,WO-2025064690-A1,Cytarabine,"HIGH AFFINITY ANTIBODIES RECOGNIZING CORE 2 O-GLYCANS OF VARIANT MUC5AC ANTIGEN, COMPOSITIONS CONTAINING AND USES THEREOF",AU;CA;CN;EP;WO,False
95155271,AU-2023335831-A1,Cytarabine,COMPOSITIONS AND METHODS FOR NON-GENOTOXIC CONDITIONING,AU;CA;CN;EP;HK;JP;US;WO,False
87847861,AU-2023329055-A1,Cytarabine,CANCER TREATMENT COMPRISING AN ANTI-MSLN/CD137 ANTIBODY AND A CHEMOTHERAPEUTIC,AU;CA;CN;EP;JP;TW;US;WO,False
95283919,WO-2025076313-A1,Cytarabine,COMBINATION ADMINISTRATION OF BONE MARROW AND ANTI-CERAMIDE ANTIBODIES,AU;CA;CN;EP;IL;WO,False
93150494,WO-2025076010-A1,Cytarabine,SITE-SELECTIVE CONJUGATION OF A PHARMACEUTICAL AGENT TO AN ANTIBODY USING AN AFFINITY PEPTIDE,US;WO,False
89068489,WO-2025074343-A2,Cytarabine,PRODRUGS OF HUMAN DIHYDROOROTATE DEHYDROGENASE (hDHODH) INHIBITORS,AU;CA;CN;EP;IL;KR;WO,False
82483143,EP-4537102-A1,Cytarabine,THERAPY ASSESSMENT FOR HEMATOPOIETIC CANCER,CA;EP;JP;US;WO,False
74040093,EP-3986438-B1,Cytarabine,P53 ACTIVATOR PEPTIDOMIMETIC MACROCYCLES,EP;US;WO,False
95396508,WO-2025081096-A1,Cytarabine,"A BIOCOMPATIBLE SYSTEM FOR LOCALIZED AND SUSTAINED DRUG DELIVERY, METHODS OF MAKING, AND METHODS OF USE THEREOF",AU;CA;CN;EP;WO,False
95396438,WO-2025080590-A1,Cytarabine,CO-CRYSTALLIZATION OF ACTIVES WITH SACCHARIDE-BASED MOLECULAR FRAMEWORKS,CN;EP;WO,False
72941203,US-12280065-B2,Cytarabine,Pharmaceutical compounds and therapeutic methods,EP;US;WO,False
58558265,EP-3324856-B1,Cytarabine,SHEAR-THINNING COMPOSITIONS AS AN INTRAVASCULAR EMBOLIC AGENT,EP;US;WO,False
95449330,WO-2025085538-A1,Cytarabine,ALARMIN BINDING MOLECULES AND TREATMENT OF CANCER,WO,False
87340705,EP-4543923-A1,Cytarabine,TREATMENT METHODS FOR SECOND LINE THERAPY OF CD19-TARGETED CAR T CELLS,CN;EP;JP;KR;US;WO,False
95516404,WO-2025090796-A1,Cytarabine,CARBOHYDRATE LIGANDS AND USES THEREOF,EP;WO,False
88697555,WO-2025087879-A2,Cytarabine,SUPPRESSING THE PI3KGAMMA/AKT SIGNALLING PATHWAY FOR THE TREATMENT OF ACUTE MYELOID LEUKEMIA,EP;WO,False
62977181,IL-319363-A,Cytarabine,CEREBLON LIGANDS AND BIFUNCTIONAL COMPOUNDS COMPRISING THE SAME,AU;BR;CA;CN;CO;EP;HK;IL;IN;JP;KR;MO;MX;RU;US;WO,False
89381402,EP-4547258-A1,Cytarabine,NANOPARTICLES AND TEMPLATE DIRECTED RIG-I AGONIST PRECURSOR COMPOSITIONS AND USES THEREOF FOR CANCER THERAPY,EP;HK;JP;US;WO,False
95581290,WO-2025097009-A1,Cytarabine,ANTIBODIES AND IMMUNOCONJUGATES FOR INDIVIDUALIZED THERAPY,CA;EP;WO,False
92801245,WO-2025096061-A1,Cytarabine,CDK2 INHIBITORS AND USES THEREOF,WO,False
95580871,WO-2025094990-A1,Cytarabine,MEDICAMENT FOR TREATING CANCER COMPRISING OPTICALLY ACTIVE AZABICYCLO RING DERIVATIVE,AU;CN;EP;ID;IN;JP;KR;MX;MY;RU;TW;US;VN;WO,False
54241267,US-20250145617-A1,Cytarabine,"SIGMA-2 RECEPTOR LIGAND DRUG CONJUGATES AS ANTITUMOR COMPOUNDS, METHODS OF SYNTHESIS AND USES THEREOF",AU;CA;CN;EP;ES;IN;JP;NZ;US;WO,True
95562524,US-20250144254-A1,Cytarabine,ALBUMIN CONJUGATES AND RADIOPHARMACEUTICAL COMPOSITION THEREOF,AU;CA;EP;US;WO,False
95696579,WO-2025101551-A1,Cytarabine,PROSTATE-SPECIFIC MEMBRANE ANTIGEN (PSMA)-BINDING PEPTIDES AND METHOD OF USE,WO,False
89897365,WO-2025098995-A1,Cytarabine,HEXOSAMINE BIOSYNTHETIC PATHWAYS&apos;S INHIBITORS FOR USE IN THE TREATMENT OF CANCER,EP;IT;WO,False
85222520,US-20250154170-A1,Cytarabine,FUSED PYRIMIDINES AS KRAS INHIBITORS,CN;EP;US;WO,False
95743540,WO-2025106924-A1,Cytarabine,METHODS OF ENHANCING ENGINEERED IMMUNE CELL CYTOTOXICITY,AU;CA;CN;KR;TW;WO,False
95743337,WO-2025106547-A1,Cytarabine,"ANTI-CANINE PD-1 ANTIBODIES, COMPOSITIONS CONTAINING, AND THERAPEUTIC OR DIAGNOSTIC USE THEREOF",WO,False
87470615,US-20250170090-A1,Cytarabine,METHOD FOR PREVENTING OR TREATING DISEASE OR DISORDER ASSOCIATED WITH ANTINEOPLASTIC AGENT,CN;EP;HK;JP;KR;TW;US;WO,False
56740579,IL-298041-B1,Cytarabine,"ANTI-BCMA ANTIBODIES, BISPECIFIC ANTIGEN BINDING MOLECULES THAT BIND BCMA AND CD3, AND USES THEREOF",AR;AU;BR;CA;CL;CN;CO;CR;CY;DK;EA;EC;EP;ES;FI;FR;HR;HU;ID;IL;IN;JO;JP;KR;LT;LU;MA;MO;MX;MY;NI;NL;NZ;PE;PH;PL;PT;RS;SI;SV;TH;TW;UA;US;UY;VN;WO;ZA,True
69159806,IL-282972-B2,Cytarabine,COMBINATION OF SMALL MOLECULE CD-47 INHIBITORS WITH OTHER ANTI-CANCER AGENTS,AU;BR;CA;CN;EA;EP;HK;ID;IL;IN;JP;KR;MO;MX;MY;PH;SG;US;WO,False
70284811,US-12319737-B2,Cytarabine,NK engager molecules and methods of use thereof,AU;CA;CN;EP;HK;IL;IN;JP;KR;RU;US;WO,False
87472545,US-20250177301-A1,Cytarabine,TRIPLEX NANOPARTICLES,US;WO,False
89848494,EP-4566632-A1,Cytarabine,MSLN ANTIBODY-DRUG CONJUGATE,AU;BR;CA;CN;CO;EA;EP;ID;IL;IN;JP;KR;MX;MY;PE;RU;TW;WO,False
88024098,US-20250188059-A1,Cytarabine,NOVEL COMPOUND AND USE THEREOF FOR INHIBITING CHECKPOINT KINASE 2,CN;EP;KR;TW;US;WO,False
89662324,EP-4568943-A1,Cytarabine,"VISIBLE LIGHT SENSITIVE PHOTOREMOVABLE PROTECTING GROUPS, PREPARATION PROCESS THEREOF, PHOTOACTIVATABLE CONJUGATES COMPRISING THEM AND USES THEREOF",EP;US;WO,False
67059131,US-12337065-B2,Cytarabine,Compositions for treating viral infections and methods for same,IL;IN;MX;US;WO,False
89942273,EP-4572795-A2,Cytarabine,METHODS AND COMPOSITIONS FOR TREATING CANCER WITH CANCER-BINDING ADJUVANTS,EP;US;WO,False
94383871,WO-2025137370-A1,Cytarabine,SALT FORMS OF AN AXL INHIBITOR,CN;US;WO,False
96138752,WO-2025136820-A1,Cytarabine,"POLY-ANTIGEN CYTOKINE-RECEPTOR COMPLEXES (PACCS), COMPOSITIONS, AND METHODS OF USE",WO,False
96136072,WO-2025129332-A1,Cytarabine,METHOD OF PROGNOSIS AND MONITORING OF CANCER PATIENT AND OF DETERMINING IMMUNOLOGICAL STATUS OF A SUBJECT,AU;CA;WO,False
86100191,US-20250205217-A1,Cytarabine,METHODS OF IMPROVING CANCER IMMUNOTHERAPY,US;WO,False
91033345,KR-20250099146-A,Cytarabine,PRMT5 저해제와 DNA 손상 유도 물질의 약학적 조합물,KR;US;WO,False
96216808,WO-2025140358-A1,Cytarabine,A PHARMACEUTICAL COMPOSITION OF ANTI-FGFR3 ANTIBODY DRUG CONJUGATE AND APPLICATIONS THEREOF,AU;IL;RU;WO,False
81448739,US-20250213523-A1,Cytarabine,COMBINATION OF HDAC INHIBITORS AND STATINS FOR USE IN THE TREATMENT OF PANCREATIC CANCER,CN;EP;US;WO,False
85783664,US-20250213474-A1,Cytarabine,COMPOSITIONS AND METHODS FOR METAL CONTAINING FORMULATIONS CAPABLE OF MODULATING IMMUNE RESPONSE,AU;CA;CN;EP;JP;KR;US;WO,False
75436743,US-12350310-B2,Cytarabine,Treatment and prevention of nephrotoxin-induced kidney injuries,AU;CA;CN;EP;ES;HK;JP;KR;TW;US;WO,True
88188794,EP-4581014-A1,Cytarabine,ULK INHIBITORS AND METHODS OF USE THEREOF,AU;BR;CA;CN;EP;HK;JP;TW;US;WO,False
87564824,US-20250222046-A1,Cytarabine,"COMPOSITION FOR PREVENTION OR TREATMENT OF CANCER USING COMBINED THERAPY, COMPRISING LACTOBACILLUS PLANTARUM STRAIN AND ANTICANCER DRUG",CN;EP;JP;KR;TW;US;WO,False
67619085,AU-2019221544-B2,Cytarabine,Methods and compositions for targeting Treg cells,AU;BR;CA;CN;EP;JP;MX;US;WO,False
88204441,EP-4584254-A1,Cytarabine,ISOQUINOLONES AS PI3K INHIBITORS,AU;CA;CN;EP;HK;IL;IN;JP;KR;MX;TW;US;WO,False
60992891,EP-3487882-B1,Cytarabine,"ANTI- GPRC5D ANTIBODIES, BISPECIFIC ANTIGEN BINDING MOLECULES THAT BIND GPRC5D AND CD3, AND USES THEREOF",AR;AU;BR;CA;CL;CN;CO;CR;DK;EA;EC;EP;ES;FI;FR;HK;HR;HU;ID;IL;IN;JP;KR;LT;MA;MD;MO;MX;MY;NI;NL;NO;NZ;PE;PH;PL;PT;RS;SG;SI;SM;TH;TW;US;UY;VN;WO;ZA,True
96387169,WO-2025150571-A1,Cytarabine,CANCER TREATMENT AGENT CONTAINING CLK INHIBITOR AS ACTIVE INGREDIENT,CN;KR;WO,False
96386678,WO-2025150072-A1,Cytarabine,A STABLE ORAL PRO-DISPERSION FORMULATION AND IMPLEMENTATIONS THEREOF,AU;IN;WO,False
85803746,US-20250230244-A1,Cytarabine,METHODS AND COMPOSITIONS COMPRISING B7-H3 BINDING POLYPETIDES,CN;EP;US;WO,False
72837044,US-12364682-B2,Cytarabine,Use of tegaserod in preparation of anti-tumor drug,CN;US;WO,False
94733047,WO-2025155971-A1,Cytarabine,ANTI-ACTIVIN RECEPTOR 1C (ALK-7) RECEPTOR ANTIBODIES,WO,False
96472080,WO-2025155827-A1,Cytarabine,SMALL-MOLECULE MODULATORS OF LYMPHOCYTE-SPECIFIC PROTEIN TYROSINE KINASE AND CASEIN KINASE 1A,WO,False
94536256,WO-2025154021-A1,Cytarabine,IMPROVED GIP RECEPTOR AGONIST PEPTIDE COMPOUNDS AND USES THEREOF,WO,False
94536278,WO-2025154020-A1,Cytarabine,IMPROVED GIP RECEPTOR AGONIST PEPTIDE COMPOUNDS AND USES THEREOF,WO,False
81306804,US-20250235567-A1,Cytarabine,AGENTS FOR TREATMENT OF ENDOMETRIOSIS AND OTHER BENIGN GYNECOLOGICAL NEOPLASMS,AU;CA;CN;EP;JP;KR;US;WO,False
94478513,US-20250235456-A1,Cytarabine,METHODS OF USE FOR AZA-QUINAZOLINE COMPOUNDS,TW;US;WO,False
90482885,EP-4591873-A1,Cytarabine,"COMBINED THERAPY OF LACTOBACILLUS PLANTARUM STRAIN, AND CANCER TREATMENT METHOD USING SAME",CN;EP;JP;KR;TW;US;WO,False
86497650,US-20250241923-A1,Cytarabine,A DUAL SELECTIVE PI3K DELTA AND GAMMA INHIBITORS AND/OR A SALT-INDUCIBLE KINASE 3 INHIBITOR FOR TREATING SOLID TUMORS,AU;CA;CN;EP;IN;JP;KR;TW;US;WO,False
96733019,KR-20250117064-A,Cytarabine,PHARMACEUTICAL COMPOSITION FOR PREVENTING OR TREATING OF CHOLANGIOCARCINOMA COMPRISING AMURENSIN G AS AN ACTIVE INGREDIENT,KR,False
90476520,EP-4593963-A1,Cytarabine,CANNABINOID ANALOGS AND METHODS OF USE FOR TREATMENT AND PREVENTION OF CANCER,EP;US;WO,False
94768575,WO-2025166124-A1,Cytarabine,ULK INHIBITORS AND METHODS OF USE THEREOF,AR;AU;CA;TW;WO,False
89834067,WO-2025163179-A1,Cytarabine,BMNPS AND NANOASSEMBLIES THEREOF,EP;WO,False
59065954,US-20250250253-A1,Cytarabine,"SALT FORMS AND POLYMORPHS OF (R)-1-(4-(6-(2-(4-(3,3-DIFLUOROCYCLOBUTOXY)-6-METHYLPYRIDIN-2-YL)ACETAMIDO) PYRIDAZIN-3-YL)-2-FLUOROBUTYL)-N-METHYL-1H-1,2,3-TRIAZOLE-4-CARBOXAMIDE",AU;BR;CA;CN;EP;HK;IL;IN;JP;KR;MX;NZ;RU;SG;US;WO;ZA,False
96631052,CN-120464705-A,Cytarabine,一种弥漫性中线胶质瘤鞘内化疗的药物筛选方法及应用,CN,False
66819957,EP-4600271-A2,Cytarabine,"BIOACTIVE MOLECULE CONJUGATE, PREPARATION METHOD AND USE THEREOF",CA;CN;DK;EP;ES;FI;HK;HR;JP;KR;LT;PL;PT;RS;SI;US;WO,True
83693134,EP-4602049-A1,Cytarabine,SOS1 INHIBITORS,CA;CN;EP;WO,False
88315575,EP-4601746-A1,Cytarabine,TRICYCLIC COMPOUNDS AND THEIR USES,AR;AU;BR;CA;CL;CN;DO;EP;HK;ID;IL;IN;JO;JP;KR;MX;MY;PE;RU;TW;US;UY;VN;WO,False
96773552,WO-2025175175-A1,Cytarabine,SUBSTITUTED TETRAHYDROBENZOTHIOPHENE AND TETRAHYDROPYRIDOTHIOPHENE DERIVATIVES AS POTENTIAL ANTIVIRAL AGENTS,WO,False
96773558,WO-2025175132-A1,Cytarabine,METHODS FOR SELECTING TRIPLE-NEGATIVE BREAST CANCER PATIENTS FOR TARGETED THERAPY USING TUMOR-SPECIFIC TOTAL MRNA EXPRESSION,WO,False
96740056,WO-2025175003-A1,Cytarabine,COMPOUNDS AND METHODS FOR TREATING CHEMOTHERAPY-INDUCED PAIN,AU;CA;CN;US;WO,False
57885083,US-12398172-B2,Cytarabine,Therapeutic oligonucleotides,AU;CA;EP;IL;US;WO,False
90738547,EP-4604947-A2,Cytarabine,COMPOSITIONS AND METHODS FOR PREVENTING CARDIOMYOPATHY,EP;WO,False
96877912,AR-133135-A1,Cytarabine,COMPUESTOS QUE MODULAN KRAS,AR;EP;TW;US;WO,False
96847851,WO-2025179213-A1,Cytarabine,TARGETING TROP-2 IN DIFFUSE PLEURAL MESOTHELIOMA,WO,False
89252458,US-20250270202-A1,Cytarabine,"SUBSTITUTED 4-AMINOISOINDOLINE COMPOUND, PREPARATION METHOD THEREFOR, PHARMACEUTICAL COMPOSITION THEREOF, AND USE THEREOF",CN;EP;US;WO,False
90832030,EP-4608874-A2,Cytarabine,ANTI-ADAM10 ANTIBODIES AND USES IN TREATMENT OF CANCER,EP;US;WO,False
78725617,EP-4232463-B1,Cytarabine,INTERLEUKIN-2-FC FUSION PROTEINS AND METHODS OF USE,AR;AU;CA;CL;CN;CO;CR;DK;DO;EA;EP;ES;FI;HK;HR;ID;IL;IN;JP;KR;LT;MX;MY;PE;PL;PT;SI;TW;US;VN;WO;ZA,True
62976077,US-20250276084-A1,Cytarabine,HYDROPHILIC LINKERS AND CONJUGATES THEREOF,AU;CA;CN;DK;EP;ES;IN;JP;KR;US;WO,True
97445354,MY-210234-A,Cytarabine,A MICROSPHERE COMPRISING A CHEMOTHERAPEUTIC DRUG AND A RADIOACTIVE AGENT AND THE METHOD OF PREPARATION THEREOF,MY,False
92500926,AU-2024226274-A1,Cytarabine,PHARMACEUTICAL FOR TREATING OR PREVENTING CHEMOTHERAPY-INDUCED PERIPHERAL NEUROPATHY,AU;CA;CN;EP;ID;JP;KR;TW;US;WO,False
72926031,US-12410188-B2,Cytarabine,Adenosine receptor antagonist,CN;EP;JP;US;WO,False
90931543,EP-4611756-A1,Cytarabine,METHODS OF TREATING ACUTE LEUKEMIA,CN;EP;HK;JP;WO,False
96991522,WO-2025188680-A1,Cytarabine,USE OF PLK1 INHIBITOR IN COMBINATION OF GEMCITABINE OR CARBOPLATIN IN TREATING OVARIAN CARCINOMA,WO,False
97064608,WO-2025194038-A1,Cytarabine,ANTIBODY COMPOSITIONS AND METHODS FOR TARGETING EXTRACELLULAR NUCLEOSOME PROTEINS,AU;WO,False
97064559,WO-2025193927-A1,Cytarabine,USE OF MITHRAMYCIN ANALOGUE FOR THE TREATMENT OF CANCER,WO,False
95024811,WO-2025191109-A1,Cytarabine,COMBINATIONS COMPRISING BRD9 BIFUNCTIONAL COMPOUNDS AND THEIR USE IN THE TREATMENT OF CANCER,WO,False
88839161,EP-4619104-A1,Cytarabine,BICYCLIC HETEROCYCLES AND THEIR USE AS WRN INHIBITORS,CN;EP;JP;US;WO,False
97140182,WO-2025199203-A1,Cytarabine,COMPOSITIONS AND METHODS FOR TREATING TP53-MUTATED MYELOID NEOPLASMS,WO,False
97140138,WO-2025199151-A1,Cytarabine,"SMALL MOLECULE CEREBLON BINDERS THAT INDUCE THE DEGRADATION OF PROTEINS (KDM4B, VCL) RELEVANT TO CANCER",WO,False
86611515,US-20250295765-A1,Cytarabine,DRUG COMBINATION FOR TREATING NON-SMALL CELL LUNG CANCER,CN;EP;HK;ID;US;VN;WO,False
57530816,IL-259228-B1,Cytarabine,Control of cellular redox levels,AR;AU;BR;CA;CN;EA;EP;HK;IL;IN;JP;MX;MY;NZ;SG;WO,False
97219156,WO-2025207836-A1,Cytarabine,METHODS FOR SELECTING CANCER PATIENTS FOR IMMUNOTHERAPY USING SUBCLONAL MUTATION ANALYSIS,WO,False
95446553,WO-2025207755-A1,Cytarabine,QUINOLIZINONES AS PI3K INHIBITORS,TW;WO,False
97218609,WO-2025207274-A1,Cytarabine,SYNTHETIC SMALL MOLECULE DERIVATIVES TO ENHANCE ANTI-TUMOR IMMUNITY,WO,False
95284440,WO-2025202361-A1,Cytarabine,ANTI-GPC1 ANTIBODIES AND USES THEREOF,AU;CA;IL;TW;WO,False
66846839,US-20250304612-A1,Cytarabine,THERAPEUTIC AGENT FOR BLOOD CANCER,AU;BR;CA;CN;EP;ID;IL;IN;JP;KR;MX;PH;RU;TH;US;VN;WO,False
76999593,US-20250302977-A1,Cytarabine,ANTIBODY-DRUG CONJUGATES COMPRISING HUMANIZED ANTIBODIES TARGETING UROKINASE TYPE PLASMINOGEN ACTIVATOR RECEPTOR ASSOCIATED PROTEIN (UPARAP),AU;BR;CA;CN;EP;HK;ID;IL;IN;JP;KR;MX;NZ;US;WO;ZA,False
92842289,AU-2024238667-A1,Cytarabine,ENGINEERED IMMUNE CELLS EXPRESSING ANTI-U5 SNRNP200 ANTIBODIES AND USES THEREOF,AU;CA;EP;US;WO,False
97268107,WO-2025212653-A1,Cytarabine,METHODS INCLUDING BH3 PROFILING OF CAR T CELLS,WO,False
95517068,WO-2025212360-A1,Cytarabine,ISOQUINOLONES AS PI3K INHIBITORS,TW;WO,False
58240435,US-20250312461-A1,Cytarabine,LYMPH DIRECTING PRODRUGS,AU;CA;CN;EP;HK;JP;NZ;US;WO,False
85988543,US-20250312327-A1,Cytarabine,"COMPOSITION FOR COMBINATION THERAPY, COMPRISING 2,3,5-SUBSTITUTED THIOPHENE COMPOUND",EP;JP;KR;US;WO,False
97376143,KR-20250146947-A,Cytarabine,PHARMACEUTICAL COMPOSITION SET FOR COMBINED THERAPY FOR CANCER PREVENTION OR TREATMENT,KR;WO,False
91379629,EP-4632383-A1,Cytarabine,"NOVEL BIOMARKERS FOR DIAGNOSING AND PREDICTING PROGNOSIS OF CHOLANGIOCARCINOMA, AND USE THEREOF",EP;WO,False
92840953,EP-4631511-A1,Cytarabine,PROBIOTIC AND USE THEREOF,EP;JP;KR;US;WO,False
91484425,EP-4635955-A2,Cytarabine,COMPOUND AND USE THEREOF,CN;EP;TW;US;WO,False
97404462,WO-2025222157-A1,Cytarabine,SUBSTITUTED PYRAZOLE AND ISOXAZOLE DERIVATIVES AND METHODS OF USE THEREOF,WO,False
97382968,US-20250326859-A1,Cytarabine,"ANTI-CANCER ANTIBODIES, COMBINATION THERAPIES, AND USES THEREOF",US,False
86396256,US-20250326834-A1,Cytarabine,COMBINATION THERAPY OF CLAUDIN 18.2 ANTAGONIST AND PD-1/PD-L1 AXIS INHIBITOR,AU;BR;CA;CN;EP;HK;JP;KR;MX;RU;TW;US;WO,False
88519854,US-20250325717-A1,Cytarabine,ANTI-NUCLEOPHOSMIN 1 ANTIBODY AND ANTIBODY CONJUGATE COMBINATION THERAPIES,CN;EP;JP;US;WO,False
61830620,AU-2025242182-A1,Cytarabine,COMPOUNDS AND METHODS FOR THE TARGETED DEGRADATION OF ANDROGEN RECEPTOR,AU;BR;CA;CN;CO;CY;DK;EP;ES;FI;HK;HR;HU;IL;IN;JP;KR;LT;MO;MX;PL;PT;RS;RU;SI;SM;US;WO,True
67874498,EP-4640714-A2,Cytarabine,METHODS FOR ASSESSING RISK OF DEVELOPING A VIRAL DISEASE USING A GENETIC TEST,AU;CA;DE;DK;EP;ES;FI;HK;HR;SI;US;WO;ZA,True
91587445,EP-4638443-A1,Cytarabine,TRANSIENT RECEPTOR POTENTIAL VANILLOID 6 INHIBITORS,AU;CA;CN;EP;JP;KR;US;WO,False
84547205,EP-4637829-A1,Cytarabine,ISOLATED TARGETED DELIVERY SYSTEM FOR THE TREATMENT OF OVARIAN CANCER,CA;EP;HK;US;WO,False
97491021,WO-2025227007-A1,Cytarabine,METHODS AND COMPOSITIONS FOR INHIBITION OF DIHYDROOROTATE DEHYDROGENASE,WO,False
92907427,IL-323415-A,Cytarabine,"Trop2 conjugated biological molecules, pharmaceutical compositions and methods",AU;CA;CN;EP;HK;IL;IN;JP;KR;RU;TW;WO,False
97562393,WO-2025231299-A1,Cytarabine,TCR T CELL THERAPY TARGETING HA-1,WO,False
96094629,WO-2025229399-A1,Cytarabine,IN VIVO HEMATOPOIETIC STEM CELL GENE EDITING,WO,False
97561212,WO-2025228390-A1,Cytarabine,"A HYDROPHILIC LINKER, ANTIBODY DRUG CONJUGATE AND USE THEREOF",TW;WO,False
88519558,US-20250346895-A1,Cytarabine,GENETIC SEQUENCE-CARBOHYDRATE CONJUGATES FOR ENHANCED LIVER- AND KIDNEY-SPECIFIC TARGETING,CA;CN;EP;JP;US;WO,False
63676935,US-20250345450-A1,Cytarabine,ANTIBODY-MEDIATED CONDITIONING WITH IMMUNOSUPPRESSION TO ENABLE ALLOGENEIC TRANSPLANTATION,US;WO,False
92907562,AU-2024244840-A1,Cytarabine,SITE-SPEICFIC ORTHOGONAL BIOCONJUGATE MODALITY AND APPLICATION THEREOF,AU;CN;EP;JP;KR;WO,False
70476481,AU-2020271836-B2,Cytarabine,Condensed azines for EP300 or CBP modulation and indications therefor,AU;BR;CA;CN;CO;EP;HK;ID;IL;IN;JP;KR;MX;MY;RU;SG;TW;US;WO,False
92147597,EP-4649139-A1,Cytarabine,METHODS FOR EXPANDING IMMUNE CELLS AND RELATED COMPOSITIONS AND USES THEREOF,EP;HK;WO,False
74569548,EP-4014047-B1,Cytarabine,OGDH INHIBITORS FOR USE IN THE TREATMENT OF CANCER,EP;US;WO,False
66625250,US-20250353829-A1,Cytarabine,BICYCLIC CARBOXAMIDES AND METHODS OF USE THEREOF,AU;BR;CA;CN;DK;EA;EP;ES;HK;IL;IN;JP;KR;MX;SG;US;WO,True
69104399,AU-2025259981-A1,Cytarabine,"CD70 and venetoclax, a BCL-2 inhibitor, combination therapy for treating acute myeloid leukemia",AU;BR;CA;CN;DK;EA;EP;ES;FI;HK;HU;IL;IN;JP;KR;LT;MO;MX;PL;PT;SG;TW;US;UY;WO;ZA,True
73659497,AU-2021330879-B2,Cytarabine,DEVELOPMENT OF DRUG THERAPEUTIC AGENT CONTAINING ADAPTOR AND USE THEREOF,AU;CA;CN;EP;HK;IN;JP;KR;US;WO,False
90737992,KR-102891610-B1,Cytarabine,Metal Organic Framework Conjugated with antibody and anticancer composition comprising thereof,KR;WO,False
93588838,WO-2025241452-A1,Cytarabine,AN ANTIBODY-DRUG CONJUGATE CONTAINING AN EXTRA FUNCTIONAL COMPOUND FOR ENHANCED TREATMENT OF REFRACTORY DISEASES,AU;CA;CN;EP;HK;JP;KR;MY;TW;US;WO,False
91620918,AU-2024280314-A1,Cytarabine,GCN2 AND PERK KINASE MODULATORS AND METHODS OF USE THEREOF,AU;CA;CN;EP;HK;JP;TW;US;WO,False
93257447,AU-2024264049-A1,Cytarabine,BIFUNCTIONAL SMALL MOLECULES TO TARGET THE SELECTIVE DEGRADATION OF CIRCULATING PROTEINS,AU;CA;CN;EP;HK;IL;IN;JP;KR;MX;WO,False
72751520,AU-2020271855-B2,Cytarabine,Heterocyclic compounds as kinase inhibitors for therapeutic uses,AU;CA;CN;EP;HK;JP;KR;MO;TW;US;WO,False
91971042,EP-4654959-A1,Cytarabine,COMPOUNDS AND METHODS FOR YAP/TEAD MODULATION AND INDICATIONS THEREFOR,AU;CA;CN;EP;JP;US;WO,False
54545079,EP-3212228-B1,Cytarabine,MARAVIROC ALONE OR IN COMBINATION THERAPY FOR THE TREATMENT OF CANCER,EP;HK;JP;US;WO,False
97871509,WO-2025250689-A1,Cytarabine,COMBINATION THERAPY WITH ANGIOGENESIS PROTEIN AND IMMUNE CHECKPOINT INHIBITOR WITH/WITHOUT CHEMOTHERAPEUTICS,WO,False
93658829,AU-2024279572-A1,Cytarabine,METHODS FOR TREATING IGF-1R-RELATED CANCERS WITH AN INSULIN-LIKE GROWTH FACTOR 1 RECEPTOR LIGAND CONJUGATED TO A CYTOTOXIC AGENT,AU;CN;EP;JP;KR;WO,False
93658826,AU-2024279391-A1,Cytarabine,METHODS FOR TREATING IGF-1R-RELATED PEDIATRIC CANCERS WITH AN INSULIN-LIKE GROWTH FACTOR 1 RECEPTOR LIGAND CONJUGATED TO A CYTOTOXIC AGENT,AU;CN;EP;JP;KR;WO,False
92147222,EP-4660193-A1,Cytarabine,"INDOLE COMPOUND DECOMPOSING IKZF2, AND USE THEREOF",CN;EP;JP;KR;US;WO,False
96141205,WO-2025255233-A1,Cytarabine,COMPOUNDS CONTAINING FUSED TRICYCLIC RINGS AS PI3K INHIBITORS,TW;WO,False
97960102,WO-2025252168-A1,Cytarabine,PHARMACEUTICAL COMBINATION CONTAINING BCL-2/BCL-XL INHIBITOR AND USE THEREOF,WO,False
91282471,US-12496466-B2,Cytarabine,Simulation-based drug treatment planning,CN;EP;JP;US;WO,False
92746324,EP-4663688-A2,Cytarabine,CROSSLINKERS,AU;CA;CN;DK;EP;ES;FI;HK;HR;IL;IN;KR;LT;MX;PL;PT;RS;RU;SI;SM;WO,True
93255679,EP-4663205-A1,Cytarabine,"POLYMER-DRUG CONJUGATE, INTERMEDIATE THEREOF, AND USE THEREOF",AU;BR;CA;CN;EP;JP;KR;MX;RU;WO,False
98051521,WO-2025259866-A2,Cytarabine,"COMBINATION OF CHEMOTHERAPY, CANCER CELL VACCINE AND ADOPTIVE CELL THERAPY",WO,False
91699884,WO-2025257167-A1,Cytarabine,METHODS FOR THE TREATMENT OF CHEMOTHERAPY-INDUCED CARDIOTOXICITY IN A SUBJECT IN NEED THEREOF,WO,False
87520022,US-20250381202-A1,Cytarabine,PRODRUG KIT FOR MULTI-PRONGED CHEMOTHERAPY,AU;BR;CA;CN;EP;IN;JP;KR;MX;US;WO,False
81769955,AU-2021390123-B2,Cytarabine,DEVELOPMENT OF NEW TUMOR ENGAGER THERAPEUTIC DRUG AND USE THEREOF,AU;CA;CN;EP;IN;JP;KR;US;WO,False
89383048,US-20250387505-A1,Cytarabine,ANTI-FGFR3 ANTIBODY CONJUGATE AND MEDICAL USE THEREOF,AU;BR;CA;CN;CO;EP;HK;ID;IL;JP;KR;MX;MY;RU;US;VN;WO,False
91603393,US-20250387438-A1,Cytarabine,"USE OF CHRISTENSENELLA SP. OR COMPOSITION COMPRISING SAME IN PREVENTION OR TREATMENT OF TUMORS, AND DRUG COMPRISING SAME",CN;EP;US;WO,False
98213805,KR-20250180155-A,Cytarabine,"ANTI-CLDN18.2 ANTIBODY, ANTI-CLDN18.2 ANTIBODY-DRUG CONJUGATE AND USES THEREOF",KR;WO,False
92501542,EP-4670727-A1,Cytarabine,ANTI-CANCER ADJUVANT COMPRISING LACTOBACILLUS PLANTARUM STRAIN,CN;EP;JP;KR;WO,False
-1,AU-722912-C,Cytarabine,Compositions comprising conjugates of cis-docosahexaenoic acid and docetaxel,AT;AU;CA;DE;DK;EP;ES;JP;US;WO,True
-1,AU-1997722912-C,Cytarabine,,AU,False
-1,HK-1013259-B,Cytarabine,VESICLES WITH CONTROLLED RELEASE OF ACTIVES,AT;AU;BG;BR;CA;CN;DE;DK;EP;ES;FI;GR;HK;HU;IL;JP;KR;NO;NZ;PL;PT;RO;RU;US;WO;ZA,True
-1,AU-2001236920-A1,Cytarabine,Compositions and methods for enhancing drug delivery across biological membranes and tissues,AU;CA;EP;JP;MX;US;WO,False
-1,AU-2001259671-A1,Cytarabine,Media milling,AT;AU;CA;CN;DE;EP;ES;HK;JP;NZ;US;WO,True
-1,AU-2001275423-A1,Cytarabine,Encapsulation of polynucleotides and drugs into targeted liposomes,AU;CA;CN;EP;HK;JP;MX;TW;US;WO,False
-1,AU-2000275771-A1,Cytarabine,Thionin as an Antineoplastic and Immunostimulant,AU;EP;JP;NZ;US;WO,False
-1,AU-2002258405-A1,Cytarabine,Compositions based on proanthocyanadin-catechin synergies for prevention and treatment of cancer,AU;US;WO,False
-1,AU-2002302190-A1,Cytarabine,Bcl-2 DNAzymes,AU;BR;CA;EP;IL;IN;JP;KR;MX;US;WO,False
-1,AU-2001241730-A1,Cytarabine,Emulsions as solid dosage forms for oral administration,AU;CA;EP;JP;WO,False
-1,AU-2002350622-A1,Cytarabine,Kit for the preparation of a pharmaceutical composition,AU;CA;EP;JP;MX;RU;US;WO,False
-1,HK-1060058-A,Cytarabine,METHODS OF TREATMENT OF A BCL-2 DISORDER USING BCL-2 ANTISENSE OLIGOMERS,HK,False
-1,AU-1999765625-C,Cytarabine,,AU,False
-1,IN-2003MN00005-A,Cytarabine,FUSED CYCLIC COMPOUNDS AS MODULATORS NUCLEAR HORMONE RECEPTOR FUNCTION,AR;AU;BR;CA;CN;CZ;EP;HK;HU;IL;IN;JP;KR;MX;MY;NO;NZ;PE;PL;RU;TR;UY;WO,False
34115613,CA-2534456-A1,Cytarabine,METHODS AND KITS FOR PREDICTING THE LIKELIHOOD OF SUCCESSFUL TREATMENT OF CANCER,CA;EP;JP;US;WO,False
-1,IN-2003MU00497-A,Cytarabine,AN IMPLANTABLE MEDICAL DEVICE AND PROCESS OF PREPARATION THEREOF,IN,False
8307613,AU-779867-B2,Cytarabine,Method and in vitro kit for selecting a drug for chemotherapy,AU;CA;EP;WO,False
-1,IN-2004MN00606-A,Cytarabine,METHOD FOR THE HEMOCOMPATIBLE COATING OF BIOLOGICAL AND/OR ARTIFICIAL SURFACES OF MEDICAL DEVICE AND MEDICAL DEVICE OBTAINED THEREOF,AT;AU;BR;CA;CN;DE;DK;EA;EP;ES;IL;IN;JP;KR;MX;NZ;PL;PT;SI;US;WO;ZA,True
-1,HK-1065960-A,Cytarabine,CONJUGATE OF HYDROXYALKYL STARCH AND AN ACTIVE AGENT,AT;AU;BG;BR;CA;CN;CZ;DE;EP;ES;HK;HU;IN;IS;JP;KR;MX;NO;NZ;PL;RU;US;VN;WO;YU;ZA,True
34375418,AU-2004274013-A1,Cytarabine,Use of Chk1 inhibitors to control cell proliferation,AU;CA;CN;EP;IL;IN;JP;KR;MX;NO;RU;US;WO,False
27364921,CA-2278106-C,Cytarabine,TISSUE FACTOR METHODS AND COMPOSITIONS FOR COAGULATION AND TUMOR TREATMENT,AT;AU;BR;CA;CN;CY;DE;EP;ES;IL;JP;KR;MX;NO;NZ;PT;RU;US;WO,True
101098389,US-20050096381-A1,Cytarabine,Derivatives of isoflavones,AU;EP;IL;US;WO,False
-1,MT-P2613-B,Cytarabine,SULFONYLPYRROLIDINE MODULATORS OF ANDROGEN RECEPTOR FUNCTION AND METHOD,EP;MT;US;WO,False
-1,IN-2004CN01726-A,Cytarabine,&quot; RHAMNOSE BINDING PROTEIN&quot;,IN,False
-1,HK-1080868-A,Cytarabine,"NOVEL COMPOUNDS, COMPOSITIONS AS CARRIERS FOR STEROID/NON-STEROID ANTI-INFLAMMATORY, ANTINEOPLASTIC AND ANTIVIRAL ACTIVE MOLECULES",AR;AT;AU;CN;DE;EP;ES;HK;HR;IL;IN;IS;JP;NO;PL;RS;US;WO,True
-1,AU-2000782994-C,Cytarabine,,AU,False
-1,HK-1087024-A,Cytarabine,SELECTIVE CYTOKINE INHIBITORY DRUGS FOR TREATING MYELODYSPLASTIC SYNDROME,AU;BR;CA;CN;EP;HK;IL;JP;KR;MX;NZ;US;WO;ZA,False
-1,AU-2000784361-C,Cytarabine,,AU,False
-1,IN-2006KN01370-A,Cytarabine,"ARTHROPOD REPELLENT PHARMACOPHORE MODELS, COMPOUNDS IDENTIFIED AS FITTING THE PHARMACOPHORE MODELS, AND METHODS OF MAKING AND USING THEREOF",IN,False
-1,IN-2006KN01695-A,Cytarabine,ELECTRICAL DEVICES AND ANTI-SCARRING AGENTS,AU;CA;CN;EP;HK;IL;IN;JP;US;WO,False
-1,IN-2006MN01434-A,Cytarabine,COMBINATION OF RADIO WAVES AND PHARMACOLOGICALLY ACTIVE SUBSTANCES,CA;CN;DE;EP;IN;JP;US;WO,False
-1,IN-2006CN01808-A,Cytarabine,METHODS AND COMPOSITIONS OF NOVEL TRIAZINE COMPOUNDS,AU;CA;CN;HK;IL;IN;JP;KR;NO;RU;US;ZA,False
-1,HK-1060280-B,Cytarabine,REDUCING SIDE EFFECTS OF CHEMOTHERAPY IN CANCER PATIENTS,AT;AU;CA;CN;DE;EP;HK;JP;US;WO,False
-1,IN-2005MU01013-A,Cytarabine,NOVEL DOSAGE FORM,IN,False
-1,HK-1024876-B,Cytarabine,CONJUGATES USEFUL IN THE TREATMENT OF PROSTATE CANCER,AR;AT;AU;BG;BR;CA;CN;CO;CZ;DE;DK;DZ;EA;EE;EP;ES;HK;HR;HU;ID;IL;IS;JP;KR;MY;NO;NZ;PE;PL;PT;SI;SK;TR;TW;WO;YU,True
-1,IN-2007DN00775-A,Cytarabine,MITOTIC KINESIN INHIBITORS,AU;CA;CN;EP;IN;JP;US;WO,False
-1,IN-2005CN02380-A,Cytarabine,BIOREDUCTIVELY-ACTIVATED PRODRUGS,AU;CA;CN;EP;GB;IN;JP;US;WO,False
-1,IN-2007DN00456-A,Cytarabine,ASSAYS AND METHODS USING BIOMARKERS,AT;AU;BR;CA;CN;DK;EP;ES;HK;IL;IN;JP;KR;MX;NZ;PL;RU;US;WO;ZA,True
-1,IN-2007CN00014-A,Cytarabine,HUMAN MONOCLONAL ANTIBODIES TO FC GAMMA RECEPTOR 1(CD64),AU;CA;EP;IN;JP;US;WO,False
-1,IN-2006DN00488-A,Cytarabine,SPECIFIC HUMAN ANTIBODIES,AU;BR;CA;CN;EP;HK;IL;IN;JP;KR;MX;RU;WO,False
-1,IN-2006DN07090-A,Cytarabine,METHOD FOR TREATING MULTIPLE SCLEROSIS.,AR;AU;BR;CA;CN;EP;HK;IL;IN;JP;KR;MX;MY;NO;RU;SG;SV;TW;US;WO;ZA,False
-1,IN-2007DN03357-A,Cytarabine,METHOD AND COMPOSITION FOR ENHANCING ANTI-ANGIOGENIC THERAPY,AU;CA;CN;EP;IL;IN;US;WO,False
-1,IN-2007CN01594-A,Cytarabine,ANTIVIRAL OLIGONUCLEOTIDES,AU;CA;CN;EP;IL;IN;JP;MX;WO,False
-1,IN-2006DN06436-A,Cytarabine,INHIBITORS OF AKT ACTIVITY,AT;AU;CA;CN;DE;EP;IN;JP;US;WO,False
-1,IN-2005MU01012-A,Cytarabine,NOVEL DRUG DELIVERY SYSTEM,IN,False
-1,IN-2005DN04203-A,Cytarabine,TETRACYCLIC BENZAMIDE DERIVATIVES AND METHODS OF USE THEREOF,AU;BR;CA;CN;EP;IN;JP;KR;PL;RU;US;WO,False
-1,AU-1999767965-C,Cytarabine,,AU,False
-1,IN-2007CN03309-A,Cytarabine,METHOD OF CONJUGATING AMINOTHIOL CONTAINING MOLECULES TO VEHICLES,AU;BR;CA;CN;EA;EP;HK;IL;IN;JP;KR;MT;MX;US;WO;ZA,False
-1,IN-212127-B,Cytarabine,"A 1-(1,2-DISUBSTITUTED PIPERIDINYL)-4-(FUSED IMIDAZOLE)-PIPERIDINE DERIVATIVES.",IN,False
-1,IN-2005DN05240-A,Cytarabine,PHOSPHONATE COMPOUNDS[WO0139724A2],AT;AU;BR;CA;CN;CY;DE;DK;EP;ES;HK;IN;JP;KR;MX;PT;RU;US;WO,True
-1,IN-2008MN00298-A,Cytarabine,METHOD FOR ENCAPSULATING THERAPEUTIC SUBSTANCES IN CELLS,AU;BR;CA;CN;DE;DK;EP;ES;IL;IN;JP;KR;PL;PT;RU;US;WO,True
-1,IN-215478-B,Cytarabine,A PHARMACEUTICAL COMPOSITION FOR TREATING SOLID TUMORS AND A METHOD OF PREPARING SAME THEREOF,IN,False
-1,IN-2007CN04748-A,Cytarabine,GITR BINDING MOLECULES AND USES THEREFOR,AU;CA;CN;DK;EP;ES;HK;IN;JP;PT;US;WO,True
-1,IN-2007CN04576-A,Cytarabine,METHODS AND COMPOSITIONS FOR THE DELIVEERY OF BIOLOGICALLY ACTIVE AGENTS,AU;CA;CN;EP;IN;JP;US;WO,False
-1,IN-2007KN04380-A,Cytarabine,STABLE EMULSION COMPOSITION,IL;IN;MX,False
-1,IN-208589-B,Cytarabine,PROCESS FOR PREPARATION OF SELF MICRO/NANO EMULSIFYING SYSTEMS AND COMPOSITIONS THEREOF,IN,False
-1,IN-2008MN01121-A,Cytarabine,PYRIDOPYRAZINE DERIVATIVES AND USE THEREOF AS MODULATORS OF THE SIGNAL TRANSDUCTION PATHS,AR;AU;BR;BY;CA;CN;EP;ES;HK;IL;IN;JP;KR;NO;NZ;PL;RU;SG;TW;UA;US;WO;ZA,True
-1,IN-2008DN04185-A,Cytarabine,"METHOD FOR DIAGNOSING, PROGNOSING AND TREATING GLIOMA",AU;BR;CA;CN;EP;IL;IN;JP;KR;MX;RU;US;WO,False
-1,IN-2008MN01119-A,Cytarabine,NOVEL PYRIDOPYRAZINES AND THEIR USE AS MODULATORS OF KINASES,AR;AU;BR;BY;CA;CN;EP;HK;IL;IN;JP;KR;MX;NO;NZ;RU;TW;WO,False
-1,IN-2008CN01061-A,Cytarabine,PHARMACEUTICAL COMPOSITIONS OF SILICON-CONTAINING SUBSTITUTED ADENOSINE NUCLOSIDE AMIDE ANALOGS,CA;EP;IN;JP;US;WO,False
-1,MX-2008003626-A,Cytarabine,SULPHONYLPYRROLE HYDROCHLORIDE SALTS AS HISTONE DEACETYLASES INHIBITORS,AR;AU;BR;CA;CN;EA;EP;HK;IL;IN;JP;KR;MX;NO;NZ;TW;US;WO;ZA,False
-1,IN-2008DN05980-A,Cytarabine,ANTIBODIES TO OX-2/CD200 AND USES THEREOF,AU;BR;CA;CN;DK;EP;ES;HK;HU;IL;IN;JP;KR;MX;NZ;PL;PT;RU;SG;SI;TW;US;WO,True
13099707,US-20080274097-A1,Cytarabine,BOOSTER FOR THERAPY OF DISEASES WITH ULTRASOUND AND PHARMACEUTICAL LIQUID COMPOSITION CONTAINING THE SAME,AT;CA;DE;EP;JP;US,False
-1,IN-2005DN00090-A,Cytarabine,A COMPOSITION COMPRISING AN ANTIBODY OR FRAGMENT,AU;BR;CA;CN;EP;HK;IL;IN;JP;KR;MX;PL;RU;WO,False
39639220,WO-2008135232-A1,Cytarabine,USE AND COMPOSITIONS OF PURINE DERIVATIVES FOR THE TREATMENT OF PROLIFERATIVE DISORDERS,WO,False
40002615,WO-2008141189-A1,Cytarabine,GHRELIN MODULATING COMPOUNDS AND COMBINATIONS THEREOF,WO,False
27102340,EP-1328267-B1,Cytarabine,METHOD OF TREATING CANCER USING DITHIOCARBAMATE DERIVATIVES,AT;AU;CA;DE;EP;JP;US;WO,False
39759818,US-20080293711-A1,Cytarabine,Chemokine receptor modulators,US;WO,False
36121397,US-20080292585-A1,Cytarabine,"Azonafide Derivatives, Methods for Their Production and Pharmaceutical Compositions Therefrom",AU;CA;EP;HK;IN;US;WO,False
39682752,WO-2008147534-A1,Cytarabine,METHOD FOR THE TREATMENT OF NEUTROPENIA BY ADMINISTRATION OF A MULTI-PEGYLATED GRANULOCYTE COLONY STIMULATING FACTOR (G-CSF) VARIANT,WO,False
41571027,CA-2688486-A1,Cytarabine,"SESQUITERPENE FORMULATIONS, KITS AND METHODS OF USE THEREOF",CA;EP;US;WO,False
36060599,US-20080305082-A1,Cytarabine,"1,4-Bis-N-Oxide-5,8- Dihydroxyanthracenedione Compounds and the Use Thereof",US;WO,False
-1,IN-2008CN01698-A,Cytarabine,PYRAZOLOPYRIMIDINES AS PROTEIN KINASE INHIBITORS,AR;AT;AU;BR;CA;CN;EC;EP;HK;IL;IN;JP;KR;MY;NO;PE;RU;TW;US;WO;ZA,False
-1,HK-1089368-B,Cytarabine,WATER-SOLUBLE SHPS AS NOVEL ALKYLATING AGENTS,CA;CN;EP;HK;JP;US;WO,False
-1,IN-2008KN03882-A,Cytarabine,HETEROBICYCLIC PYRAZOLE COMPOUNDS AND METHODS OF USE,AR;AU;BR;CA;CL;CN;CO;CR;EC;EP;HK;IL;IN;JP;KR;MA;MX;MY;NO;RU;TW;US;VN;WO;ZA,False
-1,IN-2008CN03839-A,Cytarabine,"DE-N-ACETYL SIALIC ACID ANTIGENS, ANTIBODIES THERETO, AND METHODS OF USE IN CANCER THERAPY",AU;BR;CA;CR;EC;EP;HK;IN;JP;KR;MX;WO,False
-1,IN-2008CN07229-A,Cytarabine,SUBSTITUTED PIPERIDINES THAT INCREASE P53 ACTIVITY AND THE USES THEREOF,AR;AU;BR;CA;CN;CO;EP;HK;IL;IN;JP;KR;MX;MY;NO;PE;TW;US;WO;ZA,False
-1,IN-2009KN01558-A,Cytarabine,NOVEL COMPOUNDS AND METHODS FOR THEIR PRODUCTION,AU;BR;CA;CN;EP;ES;IN;JP;KR;MX;US;WO,True
-1,IN-2006MU01872-A,Cytarabine,SOLID SOLUTIONS OF PHARMACEUTICAL ACTIVES,IN,False
-1,IN-2008DN09328-A,Cytarabine,2-HETEROCYCLOAMINO-4-IMIDAZOLYLPYRIMIDINES AS AGENTS FOR THE INHIBITION OF CELL PROLIFERATION,AR;CL;CN;EP;HK;IN;JP;TW;US;UY;WO,False
-1,IN-2006MU01736-A,Cytarabine,NOVEL IMPROVED COMPOSITIONS FOR CANCER THERAPY,IN,False
-1,IN-2009DN02008-A,Cytarabine,EFFICIENT SYNTHESIS OF CHELATORS FOR NUCLEAR IMAGING AND RADIOTHERAPY: COMPOSITIONS AND APPLICATIONS,AU;BR;CA;CN;DK;EP;ES;HK;HU;IL;IN;JP;KR;NO;PL;PT;RU;SI;TR;US;WO;ZA,True
-1,IN-2009DN00336-A,Cytarabine,4-HYDROXYTHIOBENZAMIDE DERIVATIVES OF DRUGS,AU;BR;CA;CN;DK;EP;ES;HK;IL;IN;JP;KR;MX;NO;NZ;PL;PT;RU;SI;UA;WO,True
-1,HK-1125370-A,Cytarabine,INDOLOPYRIDINES AS EG5 KINESIN MODULATORS,AU;BR;CA;CN;EA;EP;HK;IL;IN;JP;KR;MX;NZ;US;WO;ZA,False
-1,IN-2008CN06389-A,Cytarabine,"PYRAZOLO [1,5-A]PYRMIDINES AS CDK INHIBITORS",AR;AU;BR;CA;CN;EC;EP;HK;IL;IN;JP;KR;MX;MY;NO;PE;RU;TW;US;WO;ZA,False
-1,HK-1126193-A,Cytarabine,TREATMENT OF HYPERPROLIFERATIVE DISEASES WITH VINCA ALKALOID N-OXIDE AND ANALOGS,CA;CN;EP;HK;IL;JP;WO,False
-1,IN-2004DN03885-A,Cytarabine,STEALTH LIPID NANOCAPSULES AND ITS METHOD FOR PREPARATION,AT;AU;BR;CA;CN;DK;EP;ES;FR;HK;IL;IN;JP;KR;MX;NO;NZ;US;WO;ZA,True
-1,IN-2009CN05705-A,Cytarabine,HYDROXYMETHYL ETHER HYDROISOINDOLINE TACHYKININ RECEPTOR ANTAGONISTS,AU;CA;CN;EP;ES;IN;JP;US;WO,True
-1,IN-2003DN00532-A,Cytarabine,TREATMENT OF CANCERS[WO0230441A2],AT;AU;CA;CN;CZ;DE;EP;ES;HK;HU;IL;IN;JP;KR;MX;NO;NZ;PL;RU;US;WO,True
-1,IN-2009DN07562-A,Cytarabine,NOVEL ANTIBODY MOLECULES AND NUCLEIC ACIDS BINDING TO FUNGAL STRESS PROTEIN HSP90,AR;AU;BR;CA;CL;CN;CR;EA;EC;EP;GT;HK;IL;IN;JP;KR;MA;MX;MY;PE;TN;TW;US;VN;WO;ZA,False
-1,IN-2010MN00680-A,Cytarabine,PYRROLOTRIAZINE DERIVATIVES USEFUL FOR TREATING CANCER THROUGH INHIBITION OF AURORA KINASE,AU;CA;CN;EP;HK;IL;IN;JP;KR;MX;TW;US;WO;ZA,False
-1,IN-2009DN01144-A,Cytarabine,CYTOTOXICITY MEDIATION OF CELLS EVIDENCING SURFACE EXPRESSION OF CD63,AU;BR;CA;CN;EP;IN;JP;KR;MX;US;WO,False
41728118,WO-2010075372-A9,Cytarabine,"INHIBITORS OF MRE11, RAD50 AND/OR NBS1",WO,False
41166392,US-20100221221-A1,Cytarabine,N-PHENYL-2-PYRIMIDINEAMINE DERIVATIVES,US;WO,False
42728999,WO-2010104598-A2,Cytarabine,KINASE PROTEIN BINDING INHIBITORS,AU;BR;CA;CN;EA;EP;IN;JP;KR;US;WO,False
38961954,US-20100233082-A1,Cytarabine,68GA-Labeled Peptide-Based Radiopharmaceuticals,CN;EP;JP;US;WO,False
39494644,HK-1139411-A1,Cytarabine,HYDROXY SULFONATE OF QUINONE COMPOUNDS AND THEIR USES,AU;BR;CA;CN;DK;EP;ES;HK;IN;JP;KR;MX;TW;US;WO,True
40718419,EP-2229147-A2,Cytarabine,METHODS OF SYNTHESIS AND USE OF CHEMOSPHERES,EP;US;WO,False
42828920,WO-2010114919-A2,Cytarabine,METNASE AND INTNASE INHIBITORS AND THEIR USE IN TREATING CANCER,US;WO,False
42936870,WO-2010118200-A2,Cytarabine,LIPOSOMAL FORMULATIONS OF TOCOPHERYL AMIDES,WO,False
9945510,US-20100261726-A1,Cytarabine,TREATMENT OF AML,AU;CA;CN;EP;GB;JP;US;WO,False
40886691,EP-2241557-A1,Cytarabine,Chinoxalin derivatives and use thereof for treating malignant and benign tumour illnesses,AR;AU;BR;BY;CA;CN;CO;EC;EP;HK;IL;IN;JP;KR;MX;NZ;PE;RU;SG;TW;UA;US;WO,False
42983139,WO-2010120994-A2,Cytarabine,"UREIDOARYL-AND CARBAMOYLARYL-MORPHOLINO- PYRIMIDINE COMPOUNDS, THEIR USE AS MTOR KINASE AND PI3 KINASE INHIBITORS, AND THEIR SYNTHESIS",WO,False
42320750,WO-2010120991-A1,Cytarabine,"5, 6, 7, 8-TETRAHYDROPYRIDO[4,3-D]PYRIMIDINE COMPOUNDS, THEIR USE AS MTOR, PI3, AND HSMG-1 KINASE INHIBITORS, AND THEIR SYNTHESES",WO,False
42206810,WO-2010120987-A1,Cytarabine,"RING FUSED, UREIDOARYL- AND CARBAMOYLARYL-BRIDGED MORPHOLINO-PYRIMIDINE COMPOUNDS, THEIR USE AS MTOR KINASE AND PI3 KINASE INHIBITORS, AND THEIR SYNTHESES",WO,False
42981136,US-20100266587-A1,Cytarabine,Compositions and Methods to Treat Acute Myelogenous Leukemia,AU;BR;CA;CN;EP;IN;JP;MX;SG;US;WO,False
40276028,US-20100273711-A1,Cytarabine,INDIVIDUALIZED CANCER TREATMENTS,AU;CA;EP;US;WO,False
40564053,US-20100279957-A1,Cytarabine,PREDICTING RESPONSIVENESS TO CANCER THERAPEUTICS,US;WO,False
34103071,US-7829537-B2,Cytarabine,Receptor associated protein (RAP) conjugates,AU;CA;EP;HK;JP;US;WO,False
22588754,CA-2343102-C,Cytarabine,ANTISENSE MODULATION OF SURVIVIN EXPRESSION,AT;AU;CA;CY;DE;DK;EP;ES;JP;PT;US;WO,True
43050331,WO-2010129049-A1,Cytarabine,"BENZOFURAN-4,5-DIONES AS SELECTIVE PEPTIDE DEFORMYLASE INHIBITORS",EP;US;WO,False
40427544,US-20100292320-A1,Cytarabine,BENZOFURAN ANILIDE HISTONE DEACETYLASE INHIBITORS,CA;EP;US;WO,False
43068666,US-20100291025-A1,Cytarabine,INDAZOLE INHIBITORS OF TYROSINE KINASE,US,False
35428860,US-7837998-B2,Cytarabine,Anti-cancer activity of an anti-thymidine kinase monoclonal antibody,AU;CA;CN;EP;HK;JP;US;WO,False
24259802,US-20100297215-A1,Cytarabine,COMPOSITIONS AND METHODS FOR PROTECTING CELLS DURING CANCER CHEMOTHERAPY AND RADIOTHERAPY,AU;CA;EP;JP;MX;US;WO,False
43124682,US-20100297072-A1,Cytarabine,"Combinations of Immunostimulatory Agents, Oncolytic Virus, and Additional Anticancer Therapy",AU;CA;EP;JP;US;WO,False
-1,IN-244158-B,Cytarabine,A FORMULATION FOR DELIVERY OF BIOACTIVE AGENT,IN,False
-1,IN-2010CN03481-A,Cytarabine,TREATMENT OF BREAST CANCER WITH A PRAP INHIBITOR ALONE OR IN COMBINATION WITH ANTI-TUMOR AGENTS,AR;AU;CA;CN;CO;CR;DO;EC;EP;GT;HK;ID;IL;IN;JP;KR;MA;MX;MY;NI;NZ;RU;SG;TN;TW;US;VN;WO,False
43088123,WO-2010138661-A1,Cytarabine,NANOPARTICULATE ANTICANCER COMPOSITIONS AND METHODS FOR MAKING THE SAME,FR;WO,False
-1,IN-244359-B,Cytarabine,STABLE ANTIBODY FORMULATION,AR;AU;BR;CA;CN;EP;HK;IN;JP;KR;MX;NO;NZ;PE;TW;US;WO;ZA,False
34967249,US-7850962-B2,Cytarabine,Human monoclonal antibodies against CD20,EP;HK;JP;US;WO,False
41340744,EP-2259797-A2,Cytarabine,METHODS FOR TREATING OR PREVENTING COLORECTAL CANCER,CA;CL;EP;JP;MX;TW;US;WO,False
44484084,CA-2670301-A1,Cytarabine,INHIBITION OF METASTASIS USING ACTIVATED PROTEIN C,CA;US;WO,False
38694253,EP-2027266-B1,Cytarabine,MULTIMER FOR IMMUNOSTIMULATION,AT;AU;BR;CA;CN;DE;DK;EA;EP;ES;HK;IN;JP;KR;MX;MY;PT;US;WO,True
42272943,KR-101005079-B1,Cytarabine,Biodegradable Nanofiber sheet for Anti-adhesion Membrane and Process for Preparing the Same,KR,False
39620920,US-20110009342-A1,Cytarabine,USES OF PDCD5 POLYPEPTIDE FOR TUMOR CHEMOTHERAPY AND ORGAN PROTECTION,US,False
42668073,WO-2011009059-A2,Cytarabine,METHOD OF TREATING OR PREVENTING CANCER,WO,False
43497494,US-20110020272-A1,Cytarabine,COMBINATION THERAPY FOR TREATING HEPATITIS VIRAL INFECTION,EP;US;WO,False
34572914,US-7879360-B2,Cytarabine,Nanoparticulate compositions having a peptide as a surface stabilizer,AT;CA;EP;ES;JP;US;WO,True
42731828,WO-2011014726-A1,Cytarabine,MTOR INHIBITOR AND ANGIOGENESIS INHIBITOR COMBINATION THERAPY,EP;JP;US;WO,False
25646785,CA-2458856-C,Cytarabine,IMPROVED THERAPEUTIC PROTOCOLS,CA;CN;EP;JP;MX;US;WO,False
42799459,US-20110045088-A1,Cytarabine,INTRANASAL GRANISETRON AND NASAL APPLICATOR,GB;US;WO,False
42091077,KR-101017270-B1,Cytarabine,Microfabrication of neuronal chip to enhance the viability of neuron cells,KR,False
40668078,US-20110053991-A1,Cytarabine,Treatment of Histone Deacetylase Mediated Disorders,US;WO,False
-1,IN-2010DN03675-A,Cytarabine,COMBINATIONS OF THERAPEUTIC AGENTS FOR TREATING CANCER,AU;BR;CA;CN;EP;IN;JP;KR;RU;US;WO,False
-1,IN-2010CN07116-A,Cytarabine,PYRIDYL INHIBITORS OF HEDGEHOG SIGNALLING,AR;AU;BR;CA;CL;CN;CO;DK;EA;EP;ES;GC;GE;HK;ID;IL;IN;JP;KR;MX;NZ;PE;PL;SI;SM;TW;UA;US;WO;ZA,True
-1,IN-250333-B,Cytarabine,METHOD FOR THE BIOCOMPATIBLE COATING OF MEDICAL PRODUCTS,AU;BR;CA;CN;DE;EA;EP;ES;IL;IN;JP;KR;MX;PL;US;WO;ZA,True
-1,IN-2012CH00644-A,Cytarabine,"THE ART, METHOD, MANNER, PROCESS AND SYSTEM OF POLYMER-POLYMER AND POLYMER-PROTEIN CORE-SHELL NANOMEDICINE LOADED WITH MULTIPLE DRUG MOLECULES",IN;WO,False
-1,IN-2012CH00643-A,Cytarabine,"THE ART, METHOD, MANNER, PROCESS AND SYSTEM OF FIBROUS BIODEGRADABLE POLYMERIC WAFERS FOR THE LOCAL DELIVERY OF THERAPEUTIC AGENTS IN COMBINATIONS",IN;US;WO,False
-1,IN-2012CH00646-A,Cytarabine,"THE ART, METHOD, MANNER, PROCESS AND SYSTEM OF FIBROUS BIODEGRADABLE POLYMERIC WAFERS FOR THE LOCAL DELIVERY OF THERAPEUTIC AGENTS IN COMBINATIONS",IN,False
-1,IN-2011DN04196-A,Cytarabine,VESICLE PREPARATION,CN;HK;IN;JP;KR;WO,False
-1,HK-1148197-A,Cytarabine,COMBINATIONS OF SUBEROYLANILIDE HYDROXAMIC ACID AND ANTIMETBOLIC AGENTS FOR TREATING CANCER,AU;CA;CN;EP;HK;IN;JP;US;WO,False
-1,HK-1158939-A,Cytarabine,LOW DOSE METHODS FOR TREATING DISORDERS IN WHICH TNFALPHA ACTIVITY IS DETRIMENTAL,AR;AT;AU;BR;CA;CN;CY;DK;EP;ES;HK;IN;JP;KR;MX;MY;NZ;PE;PL;PT;SA;SI;TW;US;UY;WO;ZA,True
-1,IN-2011KN04897-A,Cytarabine,"3-([1,2,3]TRIAZOL-4-YL)-PYRROLO[2,3-B]PYRIDINE DERIVATIVES",AR;AU;BR;CA;CN;DE;EA;EP;ES;HK;IL;IN;JP;KR;MX;SG;US;WO;ZA,True
-1,IN-2011CN03180-A,Cytarabine,ALPHA HELIX MIMETICS IN THE TREATMENT OF CANCER,CN;EP;HK;IN;JP;US;WO,False
-1,IN-2011CN03968-A,Cytarabine,ANTI-PD-L1 ANTIBODIES AND THEIR USE TO ENHANCE T-CELL FUNCTION,AR;AU;BR;CA;CL;CN;CO;CR;CY;DK;EC;EP;ES;FI;FR;GC;HK;HR;HU;ID;IL;IN;JP;KR;LT;LU;MA;MX;MY;NL;NO;NZ;PE;PL;PT;RU;SG;SI;SM;TW;UA;US;VN;WO;ZA,True
-1,TH-127822-A,Cytarabine,สารรวมต้านเนื้องอกที่ประกอบด้วยแอนติบอดีที่จดจำ CD38 อย่างจำเพาะและไซทาราบีน,TH,False
-1,IN-2010DE02760-A,Cytarabine,NOVEL CONJUGATES FOR TARGETED DRUG DELIVERY,AU;CA;EP;IN;JP;KR;RU;SG;US;WO;ZA,False
-1,IN-2012MN02529-A,Cytarabine,NITRIC OXIDE RELEASING PRODRUGS OF THERAPEUTIC AGENTS,AU;CA;EP;IL;IN;MX;US;WO;ZA,False
-1,IN-2013KN03004-A,Cytarabine,"POLYPEPTIDES AND POLYNUCLEOTIDES, AND USES THEREOF FOR TREATMENT OF IMMUNE RELATED DISORDERS AND CANCER",AU;BR;CA;CN;EP;HK;IL;IN;JP;KR;MX;NZ;RU;SG;US;WO;ZA,False
-1,IN-2013KN03260-A,Cytarabine,AMINOPYRAZINE COMPOUNDS USEFUL AS INHIBITORS OF TRA KINASE,AU;CA;CN;EP;HK;IL;IN;JP;KR;MX;WO;ZA,False
-1,IN-2012CN09304-A,Cytarabine,Albumin derivatives and variants,CN;EP;IN;JP;KR;US;WO,False
-1,HK-1189348-A,Cytarabine,COMPOSITIONS FOR CANCER IMMUNOTHERAPY AND USE THEREOF,AU;CA;CN;EP;HK;JP;KR;US;WO,False
-1,IN-2013CN02467-A,Cytarabine,4 { [ ( PYRIDIN 3 YL METHYL) AMINOCARBONYL] AMINO} BENZENE SULFONE DERIVATIVES AS NAMPT INHIBITORS FOR THERAPY OF DISEASES SUCH AS CANCER,AR;AU;BR;CA;CN;EP;IN;JP;KR;MX;RU;TW;US;WO,False
-1,AU-2013337298-A1,Cytarabine,Dosing and administration of oligonucleotide cancer therapies,AU;BR;CA;CN;EP;HK;IL;IN;JP;KR;US;WO,False
-1,HK-1137352-B,Cytarabine,THERAPEUTIC USE OF AT LEAST ONE BOTULIC NEUROTOXIN IN THE TREATMENT OF PAIN INDUCED BY AT LEAST ONE ANTINEOPLASTIC AGENT,CA;CN;DK;EP;ES;FR;HK;JP;PL;PT;RU;US;WO,True
-1,IN-2014KN01903-A,Cytarabine,Furo [3 2 b] and thieno [3 2 b] pyridine derivatives as tbk1 and ikk inhibitors,AR;AU;BR;CA;CN;DK;EP;ES;HK;HR;HU;IL;IN;JP;KR;LT;MX;PL;PT;RS;RU;SG;SI;US;WO;ZA,True
-1,IN-2014KN01814-A,Cytarabine,Triazolo[4 5 d]pyrimidine derivatives,AR;AU;BR;CA;CN;EP;ES;IL;IN;JP;KR;MX;SG;US;WO;ZA,True
-1,OA-16606-A,Cytarabine,Pharmaceutical composition.,OA,False
-1,IN-2015DN05306-A,Cytarabine,ARYL SUBSTITUTED FUSED BICYCLIC PYRIDAZINE COMPOUNDS,AU;BR;CA;EP;IN;KR;US;WO,False
-1,IN-2015KN03893-A,Cytarabine,"Synthetic antibody mimetic compounds (syams) targeting cancer, especially prostate cancer",CN;EP;ES;HK;IN;JP;US;WO,True
-1,IN-2015DN04444-A,Cytarabine,TEC FAMILY KINASE INHIBITOR ADJUVANT THERAPY,AU;BR;CA;CL;CN;CR;DO;EA;EP;HK;ID;IL;IN;JP;KR;MA;MX;MY;NI;PE;PH;SG;TN;TW;US;VN;WO,False
-1,IN-2014CN05832-A,Cytarabine,INHIBITORS OF IAP,AR;AU;BR;CA;CL;CN;CO;CR;CY;DK;EC;EP;ES;HK;HR;HU;ID;IL;IN;JP;KR;LT;MA;ME;MX;MY;NO;NZ;PE;PH;PL;PT;RS;RU;SG;SI;SM;TR;TW;UA;US;VN;WO;ZA,True
-1,IN-2015DN08445-A,Cytarabine,Using truncated guide rnas (tru grnas) to increase specificity for rna guided genome editing,AU;BR;CA;CN;EP;ES;IL;IN;JP;KR;US;WO;ZA,True
-1,HK-1178153-B,Cytarabine,TRIAZOLOPYRIDINES,AR;AU;BR;CA;CL;CN;CR;CU;CY;DK;DO;EA;EC;EP;ES;GT;HK;HN;HR;ID;IL;IN;JP;KR;MA;MX;MY;NZ;PE;PH;PL;PT;RS;SI;TN;UA;US;VN;WO;ZA,True
-1,IN-2015DE01498-A,Cytarabine,A CONTROLLED RELEASE FORMULATION AND A METHOD OF PREPARATION THEREOF�,IN,False
-1,IN-278316-B,Cytarabine,A COMBINATION OF A CYTOTOXIC COMPOUND AND PYRAZOLE COMPOUNDS,AU;BR;CA;CN;EP;IN;JP;KR;MX;RU;US;WO,False
-1,HK-1180333-B,Cytarabine,SUBSTITUTED TRIAZOLOPYRIDINES,CA;CN;EP;ES;HK;JP;US;WO,True
-1,IN-201647041857-A,Cytarabine,HSP70 MODULATORS AND METHODS FOR MAKING AND USING THE SAME,AU;BR;CA;CN;EA;EP;ES;HK;IL;IN;JP;KR;MX;PH;SG;TW;US;WO,True
-1,NZ-626513-B2,Cytarabine,ANTI-CD98 ANTIBODIES AND METHODS OF USE THEREOF,AU;BR;CA;CN;EP;HK;IL;IN;JP;KR;MX;NZ;PH;RU;SG;WO;ZA,False
-1,HK-1224577-A1,Cytarabine,MATERIALS AND METHODS FOR IMPROVING GASTROINTESTINAL FUNCTION,AP;AU;BR;CA;CN;EA;EP;ES;HK;IL;IN;JP;KR;MX;NZ;PH;SG;US;WO,True
-1,IN-286844-B,Cytarabine,"NOVEL PYRAZOLOPYRIMIDI NES AS CYCLIN DEPENDENT KINASE INHIBITORS,",AR;AU;BR;CA;CN;EC;EP;ES;HK;IL;IN;JP;KR;MY;NO;NZ;PE;RU;TW;US;WO;ZA,True
-1,IN-201627044756-A,Cytarabine,COMPOSITIONS AND METHODS FOR TREATING CANCERS,AU;CA;CN;EP;ES;HK;IN;JP;KR;MX;US;WO,True
-1,IN-201717023297-A,Cytarabine,STENT HAVING FUNCTIONAL MATERIAL COATED ON CELL SPACE THEREOF,AU;CA;CN;EP;HK;IN;JP;KR;RU;US;WO,False
-1,IN-201747032980-A,Cytarabine,ANTIBODY DRUG CONJUGATES (ADC) THAT BIND TO FLT3 PROTEINS,AR;AU;BR;CA;CN;CO;EP;ES;ID;IL;IN;JP;KR;MX;MY;PH;RU;SG;TH;TW;UA;US;VN;WO;ZA,True
-1,IN-201717027312-A,Cytarabine,HETEROCYCLIC COMPOUND AND PHARMACEUTICAL COMPOSITION COMPRISING SAME,AU;BR;CA;CN;DK;EP;ES;IL;IN;JP;KR;NZ;RU;SG;US;WO,True
-1,IN-201717018059-A,Cytarabine,ELP FUSION PROTEINS FOR CONTROLLED AND SUSTAINED RELEASE,AU;CA;CN;EP;IN;JP;US;WO,False
-1,IN-201717026559-A,Cytarabine,GLYCAN THERAPEUTICS AND RELATED METHODS THEREOF,AU;BR;CA;CL;CN;DK;EA;EP;ES;HK;ID;IL;IN;JP;KR;LT;MX;MY;PH;PL;PT;SG;SI;US;WO;ZA,True
-1,HK-1231051-A,Cytarabine,PIPERIDINE DERIVATIVES AND COMPOSITIONS FOR THE INHIBITION OF NICOTINAMIDE PHOSPHORIBOSYLTRANSFERASE (NAMPT),AR;AU;BR;CA;CN;HK;IN;JP;KR;MX;RU;TW;US;WO,False
-1,IN-201727040228-A,Cytarabine,CROSS LINKED HYALURONIC ACID FOR DRUG DELIVERY AND PHARMACEUTICAL PREPARATION USING SAME,CA;EP;IN;JP;KR;RU;US;WO,False
-1,IN-201717046121-A,Cytarabine,HYDROPHILIC LINKERS FOR CONJUGATION,AU;CA;CN;EP;IN;NZ;WO,False
-1,IN-201611021486-A,Cytarabine,CONJUGATED ANTI-PROLIFERATIVE DRUG NANO-PARTICLES AND PROCESS FOR PREPARATION THEREOF,IN;WO,False
-1,IN-201827001916-A,Cytarabine,IMMUNE MODULATION AND TREATMENT OF SOLID TUMORS WITH ANTIBODIES THAT SPECIFICALLY BIND CD38,AR;AU;BR;CA;CL;CN;CO;DK;DO;EA;EC;EP;ES;FI;GT;HK;HR;HU;ID;IL;IN;JP;KR;LT;MA;MD;MX;MY;NI;NZ;PE;PH;PL;PT;RS;SI;SM;SV;TH;TW;UA;US;VN;WO;ZA,True
-1,IN-201817005054-A,Cytarabine,BRIDGE LINKERS FOR CONJUGATION OF CELL-BINDING MOLECULES�,AU;CA;CN;EP;ES;FI;ID;IN;JP;NZ;PH;WO;ZA,True
-1,IN-201817029096-A,Cytarabine,PRODRUGS OF CYTOTOXIC ACTIVE AGENTS HAVING ENZYMATICALLY CLEAVABLE GROUPS,AR;AU;BR;CA;CL;CN;CO;EP;GC;HK;ID;IL;IN;JP;KR;MX;MY;PE;RU;SG;TW;US;UY;VN;WO,False
-1,IN-201817023766-A,Cytarabine,COMPOSITIONS AND METHODS FOR IMMUNOONCOLOGY,AU;BR;CA;CN;EA;EP;HK;IL;IN;JP;KR;MX;MY;PH;RU;SG;UA;US;WO,False
-1,IN-201818048170-A,Cytarabine,OLIGOPEPTIDIC COMPOUNDS AND USES THEREOF,IN;US;WO,False
-1,IN-201721013862-A,Cytarabine,NOVEL PHARMACEUTICAL COMPOSITION COMPRISING COMBINATION OF ALCAFTADINE AND NEPAFENAC ALONG WITH ANTIBACTERIAL AND/OR ANTIFUNGAL DRUG.,IN;WO,False
-1,IN-201947017515-A,Cytarabine,REPLICATION-DEFICIENT ARENAVIRUS PARTICLES AND TRI-SEGMENTED ARENAVIRUS PARTICLES AS CANCER VACCINES,AU;CA;CN;EP;HK;IN;JP;US;WO,False
-1,IN-313360-B,Cytarabine,HPV PARTICLES AND USES THEREOF,CA;CN;EP;ES;HK;IN;JP;US;WO,True
66819489,WO-2019118411-A2,Cytarabine,"ANTI-CD22 ANTIBODY-MAYTANSINE CONJUGATES, COMBINATIONS, AND METHODS OF USE THEREOF",AU;BR;CA;CN;EA;EP;HK;IL;IN;JP;KR;MX;SG;US;WO,False
60477780,US-10335408-B2,Cytarabine,Compositions and methods of using nintedanib for improving glaucoma surgery success,AU;BR;CA;CN;EP;HK;IN;JP;KR;MO;MX;US;WO,False
-1,IN-201917021684-A,Cytarabine,TYROSINE DERIVATIVES AND COMPOSITIONS COMPRISING THEM,AU;BR;CA;CN;EA;EP;IL;IN;JP;KR;MX;PH;US;VN;WO,False
-1,HK-1206752-B,Cytarabine,SPECIFIC BINDING PROTEINS AND USES THEREOF,AU;BR;CA;CL;CN;CO;CY;DK;DO;EC;EP;ES;GT;HK;HR;HU;ID;IL;IN;JP;KR;LT;MX;MY;NO;NZ;PE;PH;PL;PT;RU;SG;SI;UA;US;VN;WO,True
-1,GC-0010752-A,Cytarabine,علاج اتحاد من أجسام مضادة تنشط CD40 آدمي وأجسام مضادة ضد PD-L1 آدمي,AR;AU;BR;CA;CN;EP;GC;HK;IL;JP;KR;MX;MY;RU;SG;TW;US;WO,False
-1,GC-0010744-A,Cytarabine,مشتقات 1-4- بيريميدينيل-1H- بيرولو [2،3-c] بيريدين جديدة كمثبطات NIK,AR;AU;BR;CA;CN;EA;EP;ES;GC;HK;IL;IN;JP;KR;MX;TW;US;WO,True
-1,IN-201948028926-A,Cytarabine,MONOCLONAL ANTIBODIES AGAINST HER2,AU;CA;CN;EP;ES;HK;IL;IN;JP;NZ;US;WO,True
-1,IN-327237-B,Cytarabine,HUMAN ANTIBODIES AND ANTIBODY DRUG CONJUGATES AGAINST CD74,AU;BR;CA;CN;EP;ES;HK;IL;IN;JP;MX;RU;SG;US;WO,True
-1,IN-328222-B,Cytarabine,CORE-SHELL NANOMEDICINE,IN,False
-1,IN-329550-B,Cytarabine,METHODS FOR INCREASING THE STABILIZATION OF HYPOXIA INDUCIBLE FACTOR-1 ALPHA,AU;BR;CA;CN;CY;DK;EP;ES;HK;HR;HU;ID;IL;IN;JP;KR;MX;MY;NO;NZ;PH;PL;PT;RS;RU;SI;SM;US;VN;WO;ZA,True
-1,IN-201927045780-A,Cytarabine,QUINIC ACID-MODIFIED NANOPARTICLES AND USES THEREOF,CA;CN;EP;IN;JP;US;WO,False
-1,IN-202048008158-A,Cytarabine,INTEGRIN RECEPTOR ANTAGONISTS AND COMPOSITIONS THEREOF,AU;BR;CA;CN;EP;ES;HK;IL;IN;JP;KR;MX;RU;WO;ZA,True
-1,IN-337370-B,Cytarabine,FOLIC ACID FUNCTIONALIZED LIQUID CRYSTALLINE NANOPARTICULATE FORMULATION,IN,False
-1,GC-0010846-A,Cytarabine,مركبات عضوية واستخداماتها في معالجة امراض المحسنة بمنع فوسفاتيديل لينوسيتول 3-كينيز,AR;AU;BR;CA;CL;CN;CO;CR;CU;CY;DK;DO;EA;EC;EP;ES;FI;GC;GE;HK;HN;HR;HU;ID;IL;IN;JO;JP;KR;LT;LU;MA;ME;MO;MX;MY;NI;NL;NO;NZ;PA;PE;PL;PT;RS;SI;SM;SV;TN;TW;UA;US;UY;VN;WO;ZA,True
-1,IN-201641027764-A,Cytarabine,DICHLOROACETATE GLUCURONIDE AND INOSITOL COMPOUNDS FOR USE IN PREVENTING OR TREATING CANCER,IN,False
-1,HK-40012895-A,Cytarabine,IMMUNOGENIC ARGINASE PEPTIDES,AU;CA;CN;DK;EP;ES;FI;HK;HR;HU;IL;JP;KR;LT;MX;PL;PT;SI;US;WO,True
-1,IN-344129-B,Cytarabine,PHARMACEUTICAL COMPOSITION FOR TREATMENT AND/OR PROPHYLAXIS OF CANCER,AU;BR;CA;CN;DK;EP;ES;HU;IN;JP;KR;MX;PL;PT;RU;US;WO,True
-1,IN-349333-B,Cytarabine,PHARMACEUTICAL COMPOSITION FOR TREATMENT AND/OR PREVENTION OF LIVER CANCER,AU;BR;CA;CN;DK;EP;ES;HU;IN;JP;KR;MX;PL;PT;RU;US;WO,True
-1,HK-40019879-A,Cytarabine,TRAILSHORT ANTIBODY AND METHODS OF USE,AU;CA;CN;EP;ES;HK;IL;JP;US;WO,True
-1,IN-201941022351-A,Cytarabine,NANOMICELLAR COMPOSITION OF LITHOCHOLIC ACID TRYPTOPHAN CONJUGATE AND PREPARATION METHODS THEREOF,IN,False
-1,IN-201921026150-A,Cytarabine,PH SENSITIVE LIPID-POLYMER HYBRID NANOPARTICULATE DELIVERY SYSTEM,IN,False
-1,NZ-756328-B2,Cytarabine,NUCLEIC ACIDS ENCODING HUMAN ANTIBODIES TO SIALYL-LEWISa,AU;BR;CA;CN;CY;DK;EP;ES;HK;HR;HU;IL;IN;JP;KR;LT;MO;NZ;PL;PT;RS;RU;SI;SM;US;WO;ZA,True
-1,HK-40026962-A,Cytarabine,COMPOSITIONS AND METHODS FOR INHIBITING ARGINASE ACTIVITY,AU;BR;CA;CL;CN;CO;CR;CY;DK;EA;EC;EP;ES;HK;HR;HU;ID;IL;IN;JP;KR;LT;MA;MD;MX;MY;NZ;PE;PH;PL;PT;RS;SG;SI;SM;TH;TW;UA;US;VN;WO;ZA,True
-1,HK-40026838-A,Cytarabine,HETEROCYCLIC COMPOUNDS AS LSD1 INHIBITORS,AR;AU;BR;CA;CL;CN;CO;CR;EA;EC;EP;ES;HK;ID;IL;IN;JP;KR;MA;MO;MX;MY;NZ;PE;PH;SG;TW;UA;US;VN;WO;ZA,True
-1,HK-1228469-B,Cytarabine,METHODS FOR DETERMINING CHEMOSENSITIVITY AND CHEMOTOXICITY,AU;EP;HK;JP;US;WO,False
-1,IN-202147001979-A,Cytarabine,SUCCINIC ACID AND DERIVATIVES FOR THE TREATMENT OF HAEMOTOLOGICAL DISORDERS,AU;CN;EP;IN;JP;KR;US;WO,False
-1,IN-359162-B,Cytarabine,Bispecific CD33 and CD3 Binding Proteins [US2016002333A1],AR;AU;BR;CA;CN;DK;EA;EP;ES;HK;IL;IN;JP;KR;MX;SG;TW;US;WO,True
-1,IN-202147017979-A,Cytarabine,INFUSION SYSTEM,CN;EP;IN;JP;KR;US;VN;WO,False
-1,IN-202117014254-A,Cytarabine,"APPLICATION OF AMINO ACID NUTRIENT, AND PHARMACEUTICAL COMPOSITION INCLUDING AMINO ACID NUTRIENT",IN,False
-1,HK-40035547-A,Cytarabine,COMPOSITIONS FOR PARENTERAL ADMINISTRATION OF THERAPEUTIC AGENTS,AU;BR;CA;CN;EA;EP;HK;IL;IN;JP;KR;MX;SG;US;WO,False
-1,HK-40039447-A,Cytarabine,CD123 BINDING AGENTS AND USES THEREOF,AR;AU;BR;CA;CL;CN;CO;CR;CY;DK;EA;EC;EP;ES;HK;HR;HU;ID;IL;IN;JO;JP;KR;LT;MA;ME;MO;MX;MY;NI;PE;PH;PL;PT;RS;SG;SI;SM;TW;UA;US;UY;VN;WO;ZA,True
-1,IN-202117015620-A,Cytarabine,QUINUCLIDINE-3-ONE DERIVATIVES AND THEIR USE IN CANCER TREATMENT,AU;BR;CA;CN;EP;HK;IL;IN;JP;KR;SG;TW;US;WO,False
-1,HK-40041458-A,Cytarabine,HETEROCYCLIC PROTEIN KINASE INHIBITORS,CY;DK;EP;ES;HK;HU;JP;PL;PT;US;WO,True
-1,HK-40042823-A,Cytarabine,ANTI-CD73 ANTIBODIES AND METHODS OF USE THEREOF,AR;AU;BR;CA;CL;CN;CR;EA;EP;HK;ID;IL;IN;JP;KR;MO;MX;MY;PE;PH;SG;TW;US;VN;WO,False
-1,IN-202027048214-A,Cytarabine,COMPOSITIONS AND METHODS RELATED TO ANTI-CD19 ANTIBODY DRUG CONJUGATES,IN,False
-1,HK-40044250-A,Cytarabine,TREATING ORAL LESIONS USING PLACENTAL EXTRACELLULAR MATRIX,BR;CA;CN;EP;HK;JP;RU;US;WO,False
-1,HK-40048031-A,Cytarabine,HIGHLY ACTIVE STING PROTEIN AGONIST COMPOUND,AU;CA;CN;EP;HK;JP;KR;TW;US;WO,False
-1,IN-202118050539-A,Cytarabine,"MODULATORS OF 5&apos;-NUCLEOTIDASE, ECTO AND THE USE THEREOF",AU;BR;CA;CL;CN;DK;EA;EP;ES;FI;HK;HR;HU;ID;IL;IN;JP;KR;LT;MO;MX;MY;NZ;PH;PL;PT;SA;SG;SI;TW;UA;US;VN;WO;ZA,True
-1,HK-1245328-B,Cytarabine,ANTI-HUMAN TRANSFERRIN RECEPTOR ANTIBODY PERMEATING BLOOD-BRAIN BARRIER,AU;BR;CA;CL;CN;CO;EA;EP;ES;HK;ID;IL;IN;JP;KR;MX;MY;NZ;PH;PL;SG;TH;TW;US;VN;WO;ZA,True
-1,IN-202247023192-A,Cytarabine,THERAPEUTIC DENDRIMER,AU;CA;CN;EP;ID;IN;JP;KR;US;WO,False
-1,HK-40064591-A,Cytarabine,COMBINING ADENOVIRUS AND CHEMOTHERAPEUTIC AGENTS FOR TREATING CANCER,CN;EP;ES;FI;HK;JP;PL;US;WO,True
-1,IN-202217022264-A,Cytarabine,BENZIMIDAZOLES AND METHODS OF USING SAME,BR;CA;CN;EP;IL;IN;JP;KR;MX;US;WO,False
-1,IN-202117040577-A,Cytarabine,BACTERIAL MEMBRANE PREPARATIONS,AR;AU;BR;CA;CN;CO;EP;HK;IN;JP;KR;MX;TW;US;WO,False
-1,IN-202217030544-A,Cytarabine,"SYNERGISTIC COMBINATIONS OF SYNTHETIC LYSINE ANALOGS, DERIVATIVES, MIMETICS, OR PRODRUGS AND PHARMACEUTICAL AGENTS FOR ENHANCED EFFICACY",AU;BR;CA;CN;EP;IN;JP;KR;MX;US;WO;ZA,False
-1,IN-202217020719-A,Cytarabine,BRUSH PRODRUGS AND USES THEREOF,AU;CA;CN;EP;HK;IN;JP;KR;US;WO,False
-1,IN-202217034922-A,Cytarabine,FORMULATIONS OF ANTI-CD38 ANTIBODIES FOR SUBCUTANEOUS ADMINISTRATION,AU;BR;CA;CN;CO;EP;HK;IL;IN;JP;KR;MX;RU;TW;US;WO,False
-1,IN-202247059711-A,Cytarabine,CYCLOPHILIN INHIBITORS AND USES THEREOF,AU;BR;CA;CN;EA;EP;ES;HK;ID;IL;IN;JP;KR;MX;TW;US;VN;WO,True
-1,HK-40072528-A,Cytarabine,BICYCLIC HETEROARYL DERIVATIVES AND PREPARATION AND USES THEREOF,AU;BR;CA;CN;EP;HK;JP;KR;RU;TW;US;WO,False
-1,HK-40075264-A,Cytarabine,METHODS AND KITS FOR IDENTIFYING SUBJECTS RESPONSIVE TO ARGININE DEPRIVATION THERAPY,CN;HK;US;WO,False
-1,HK-40000190-B,Cytarabine,"SUBSTITUTED 2,3-DIHYDROIMIDAZO[1,2-C]QUINAZOLINE DERIVATIVES",AR;AU;BR;CA;CL;CN;CO;CR;CU;CY;DK;DO;EA;EC;EP;ES;GC;GT;HK;HN;HU;IL;IN;JO;JP;KR;MA;MX;MY;NO;NZ;PA;PE;PL;RS;SG;SI;SV;TN;TW;UA;US;UY;VN;WO;ZA,True
-1,HK-1257617-B,Cytarabine,USE OF A COMPOSITION FOR INHIBITING TIE2 KINASE IN THE MANUFACTURE OF A MEDICAMENT FOR TREATING CANCER,AU;CA;CN;EP;HK;JP;KR;WO,False
-1,HK-40078509-A,Cytarabine,THERAPEUTIC AGENTS AND CONJUGATES THEREOF,AU;CA;CN;EP;HK;JP;KR;MX;TW;US;WO,False
-1,HK-40079362-A,Cytarabine,ANTI-VISTA ANTIBODIES AND FRAGMENTS,AR;AU;BR;CA;CL;CN;CR;CY;DK;DO;EA;EC;EP;ES;HK;HR;ID;IL;IN;JO;JP;KR;LT;MA;MO;MX;MY;NI;NZ;PE;PH;PL;PT;RS;SA;SG;SI;SM;TW;UA;US;UY;VN;WO,True
-1,HK-1257884-B,Cytarabine,METHODS FOR PREDICTING DRUG RESPONSIVENESS IN CANCER PATIENTS,AU;CA;CN;DK;EP;HK;IN;US,False
-1,RU-2797687-C1,Cytarabine,METHOD FOR THE TREATMENT OF ACUTE LYMPHOBLASTIC LEUKEMIA FROM PROGENITOR B-CELLS WITH REARRANGEMENTS IN THE KMT2A GENE IN CHILDREN OF THE FIRST YEAR OF LIFE,RU,False
-1,IN-202347037942-A,Cytarabine,MACROPINOCYTOSIS SELECTIVE MONOBODY-DRUG CONJUGATES,AU;CA;CN;EP;HK;IN;JP;MX;US;WO,False
-1,ID-P202305753-A,Cytarabine,SENYAWA POTENS DAN SELEKTIF BARU SEBAGAI MODULATOR RESEPTOR SEROTONIN 1B,AU;CA;CL;CN;DK;EP;ES;FI;HR;HU;ID;IL;IN;JP;KR;LT;MX;MY;PL;PT;RS;SI;US;VN;WO,True
-1,HK-40085501-A,Cytarabine,COMBINATION DRUG FOR TREATING KIDNEY CANCER,AU;CA;CN;EP;HK;ID;MO;RU;US;WO,False
-1,IN-202217058806-A,Cytarabine,QD DOSING OF GIP RECEPTOR AGONIST PEPTIDE COMPOUNDS AND USES THEREOF,AR;AU;BR;CA;CL;CN;CO;EC;EP;HK;ID;IL;IN;JP;KR;MX;MY;PE;PH;TW;US;VN;WO,False
-1,IN-202217065966-A,Cytarabine,COMPOSITION FOR TREATING BLOOD CANCER USING 4&apos;-THIO-5-AZA-2&apos;-DEOXYCYTIDINE AND USES THEREOF,AU;CA;CN;EP;IN;JP;KR;US;WO,False
-1,IN-202217069135-A,Cytarabine,B7H3-TARGETING PROTEINS AND METHODS OF USE THEREOF,AU;BR;CA;CN;EP;HK;IL;IN;JP;KR;US;WO,False
-1,IN-202217067733-A,Cytarabine,MONO- AND COMBINATION THERAPIES,AU;BR;CA;CN;EP;HK;IL;IN;JP;KR;MX;NZ;RU;TW;US;WO,False
-1,IN-202337041793-A,Cytarabine,BISPECIFIC ANTIBODY AND USE THEREOF,AU;CA;CN;EP;IN;JP;KR;US;WO,False
-1,IN-202217077186-A,Cytarabine,DRUG CONJUGATE HAVING ENHANCED DRUG DELIVERY AND INTERNALIZATION EFFICIENCY,AU;BR;CA;CN;EP;IN;JP;KR;US;WO,False
-1,IN-202317054203-A,Cytarabine,GPR84 ANTAGONISTS AND USES THEREOF,AU;BR;CA;CN;EP;HK;IL;IN;JP;KR;MX;TW;US;WO,False
-1,IN-202317056341-A,Cytarabine,ANTI-CD47 MONOCLONAL ANTIBODY AND USE THEREOF,AU;BR;CA;CN;EA;EP;HK;ID;IL;IN;JP;KR;MX;MY;US;VN;WO,False
-1,IN-202317055320-A,Cytarabine,GPR84 ANTAGONISTS AND USES THEREOF,AU;BR;CA;CN;EP;HK;IL;IN;JP;KR;MX;TW;US;WO,False
-1,IN-202241022573-A,Cytarabine,A NANOPARTICLE BASED DRUG DELIVERY SYSTEM FOR ACUTE MYELOID LEUKEMIA,IN,False
-1,IN-202321082269-A,Cytarabine,DIPLACOL AND DERIVATIVES FOR THE TREATMENT OF CANCER,IN,False
-1,HK-40093304-A,Cytarabine,PYRIDINECARBOXAMIDE COMPOUND USEFUL AS PIM KINASE INHIBITOR,AR;AU;BR;CA;CL;CN;CR;CY;DK;EA;EC;EP;ES;HK;HR;HU;ID;IL;IN;JP;KR;LT;ME;MX;MY;NZ;PE;PH;PL;PT;RS;SG;SI;SM;TW;UA;US;VN;WO;ZA,True
-1,IN-202218018685-A,Cytarabine,AUGMENTATION OF FIBROBLAST REGENERATIVE ACTIVITY,AU;CA;CN;EP;ES;IN;JP;US;WO,True
-1,IN-202417016365-A,Cytarabine,"ENDOSTATIN PEPTIDES FOR THE TREATMENT OF TUMORS, FIBROSIS AND ACUTE LUNG INJURY",AU;BR;CA;CN;EP;HK;ID;IL;IN;JO;JP;KR;MX;US;WO;ZA,False
-1,IN-202417009720-A,Cytarabine,"PEPTIDES AND ENGINEERED T CELL RECEPTORS TARGETING FANCI, RAD51, AND PBK ANTIGENS AND METHODS OF USE",AU;BR;CA;CN;EP;HK;IL;IN;JP;KR;MX;US;WO,False
-1,HK-40099690-A,Cytarabine,COMPOSITIONS AND METHODS FOR DELIVERY OF RNA,AU;CA;CN;EP;HK;IL;IN;JP;US;WO,False
-1,IN-202421030830-A,Cytarabine,IRILONE 4&apos;-O-GLUCOSIDE AND DERIVATIVES FOR THE TREATMENT OF CANCER,IN,False
-1,IN-202428008393-A,Cytarabine,ANTICANCER COMPOSITION COMPRISING RECOMBINANT ADENOVIRUS EXPRESSING DEGRADATION FACTOR FOR EXTRACELLULAR MATRIX,AU;CA;CN;EP;IN;JP;KR;RU;US;WO,False
-1,IN-202421028899-A,Cytarabine,SYNTHESIS AND SCREENING OF NOVEL CANCER-TARGETING PEPTIDE LIGANDS,IN,False
-1,IN-202318030481-A,Cytarabine,NOVEL PHARMACEUTICAL COMPOSITION,AR;AU;BR;CA;CL;CN;CR;CY;DK;DO;EA;EP;ES;FI;HK;HR;HU;ID;IL;IN;JO;JP;KR;LT;MA;MO;MX;MY;NZ;PE;PH;PL;PT;RS;SG;SI;TW;UA;US;UY;VN;WO;ZA,True
-1,HK-40104162-A,Cytarabine,SUBSTITUTED TRICYCLIC COMPOUNDS AS PARP INHIBITORS AND USE THEREOF,AU;BR;CA;CN;DK;EP;FI;HK;IL;JP;KR;MX;RU;US;WO,False
-1,HK-40103987-A,Cytarabine,HETEROCYCLIC COMPOUNDS AS IMMUNOMODULATORS,AU;BR;CA;CL;CN;CO;CR;CY;DK;EA;EP;ES;HK;HR;HU;ID;IL;IN;JP;KR;LT;MA;MD;MO;MX;MY;PE;PH;PL;PT;RS;SG;SI;SM;TH;TW;UA;US;VN;WO;ZA,True
-1,IN-202341006125-A,Cytarabine,HIGH-AFFINITY OLIGONUCLEOTIDE NANOMATRIX AND A NANOCARRIER SYSTEM,IN,False
-1,IN-202421042892-A,Cytarabine,"IMPROVED PROCESS FOR PREPARATION OF 2,2&apos;- CYCLOCYTIDINE HYDROCHLORIDE",IN,False
-1,HK-40106258-A,Cytarabine,"PHARMACEUTICAL COMPOSITION FOR PREVENTING OR TREATING TRIPLE-NEGATIVE BREAST CANCER, COMPRISING OLIGONUCLEOTIDE AS ACTIVE INGREDIENT",AU;CN;EP;HK;IN;JP;KR;US;WO,False
-1,IN-202317070139-A,Cytarabine,PURINE DERIVATIVES AS ANTICANCER AGENTS,AU;BR;CA;CN;EP;IL;IN;JP;KR;MX;MY;TH;US;WO,False
-1,RU-2024115627-A,Cytarabine,"Ε-ПОЛИ-L-ЛИЗИН ПРОИЗВОДНОЕ - КОНЪЮГАТ ЛЕКАРСТВЕННОГО СРЕДСТВА, ПРОМЕЖУТОЧНЫЕ СОЕДИНЕНИЯ И ИХ ПРИМЕНЕНИЕ",AU;BR;CA;CN;EP;JP;KR;MX;RU;US;WO,False
-1,IN-202317078273-A,Cytarabine,METHODS AND COMPOSITIONS COMPRISING MHC CLASS I PEPTIDES,AU;BR;CA;CN;EP;HK;IL;IN;JP;KR;MX;US;WO,False
-1,IN-202417001827-A,Cytarabine,DENDRIMER CONJUGATES AND METHODS OF USE THEREOF,AU;CA;CN;EP;HK;IL;IN;JP;TW;US;WO,False
-1,HK-40107981-A,Cytarabine,PYRIDOPYRIMIDINE DERIVATIVES USEFUL AS WEE1 KINASE INHIBITORS,AU;BR;CA;CN;EP;HK;IL;IN;JP;KR;MX;US;WO,False
-1,HK-40107897-A,Cytarabine,COMPOUNDS AND METHODS FOR THE ENHANCED DEGRADATION OF TARGETED PROTEINS,AU;BR;CA;CN;EP;HK;IN;JP;KR;MX;RU;US;WO,False
-1,IN-202447085345-A,Cytarabine,USE OF CELL-FREE DNA FRAGMENTOMES IN THE DIAGNOSTIC EVALUATION OF PATIENTS WITH SIGNS AND SYMPTOMS SUGGESTIVE OF CANCER,AU;BR;CA;CN;CO;EP;HK;IL;IN;JP;KR;MX;US;WO,False
-1,HK-40033024-B,Cytarabine,COMPOSITIONS AND METHODS FOR CANCER IMMUNOTHERAPY,AU;CA;CN;EP;ES;HK;JP;KR;NZ;SG;US;WO,True
-1,NZ-732753-B2,Cytarabine,ANTI-CD38 ANTIBODIES FOR TREATMENT OF ACUTE MYELOID LEUKEMIA,AR;AU;BR;CA;CL;CN;CR;DO;EA;EC;EP;ES;HK;ID;IL;IN;JO;JP;KR;MX;MY;NI;NZ;PE;PH;SG;TW;UA;US;UY;VN;WO;ZA,True
-1,IN-202417041718-A,Cytarabine,DRUG CONJUGATES AND METHODS OF PREPARING AND USING THE SAME,AU;BR;CA;CN;EP;HK;IL;IN;JP;KR;TW;US;VN;WO,False
-1,IN-202417041007-A,Cytarabine,NOVEL AURISTATIN ANALOGS AND IMMUNOCONJUGATES THEREOF,AU;CA;CN;EP;HK;ID;IL;IN;JP;KR;MX;TW;US;WO,False
-1,IN-202417058388-A,Cytarabine,COMPOUNDS AND METHODS OF USE,AU;BR;CA;CN;EP;HK;IL;IN;JP;KR;MX;MY;TH;TW;US;WO,False
-1,IN-202417054365-A,Cytarabine,OXER1 ANTAGONISTS AND USES THEREOF,AU;BR;CA;CN;EP;HK;IL;IN;JP;KR;MX;RU;TW;US;WO,False
-1,IN-202417054298-A,Cytarabine,"CRYSTALLINE FORM OF N-(6-AMINO-5-METHYLPYRIDIN-3-YL)-2-(BENZO[D]THIAZOL-5-YL)-5-METHYLPIPERIDIN-1-YL)- 2-OXOACETAMIDE, PHARMACEUTICAL COMPOSITIONS AND METHODS OF USE THEREOF",AU;BR;CA;CN;EP;HK;IL;IN;JP;KR;MX;US;WO,False
-1,IN-202417050917-A,Cytarabine,NOVEL AURISTATIN ANALOGS AND IMMUNOCONJUGATES THEREOF,AU;CA;CN;EP;HK;IL;IN;JP;KR;TW;US;WO,False
-1,IN-202417044978-A,Cytarabine,"NOVEL HETEROCYCLIC-SUBSTITUTED PYRIMIDINE DERIVATIVE EXHIBITING CANCER CELL GROWTH INHIBITORY EFFECT, AND PHARMACEUTICAL COMPOSITION CONTAINING SAME",AU;BR;CA;CN;EP;IN;JP;KR;RU;US;WO,False
-1,IN-202417043636-A,Cytarabine,NEW INJECTABLE COMBINATION FORMULATION,AU;CA;CN;EP;HK;IN;JP;KR;US;WO,False
-1,IN-202447070075-A,Cytarabine,METHOD OF MONITORING CANCER USING FRAGMENTATION PROFILES,AU;BR;CA;CN;CO;EP;HK;IL;IN;JP;KR;MX;US;WO,False
-1,IN-202447068603-A,Cytarabine,COMPOSITIONS AND METHODS FOR CANCER IMMUNOTHERAPY,AU;BR;CA;CN;EP;IL;IN;JP;KR;MX;US;WO,False
-1,IN-202417070523-A,Cytarabine,GROWTH HORMONE RECEPTOR TARGETING POLYPEPTIDES,BR;CA;CN;EP;IL;IN;JP;KR;MX;US;WO,False
-1,HK-40113151-A,Cytarabine,IMPROVED TREATMENTS FOR ADVANCED/METASTATIC CANCERS WITH CHECKPOINT INHIBITOR RESISTANCE OR RESISTANCE SUSCEPTIBILITY,CN;HK;TW;WO,False
-1,HK-40113247-A,Cytarabine,METHODS AND COMPOSITIONS BASED ON DIPHTHERIA TOXIN-INTERLEUKIN-3 CONJUGATES,HK,False
-1,HK-40045137-B,Cytarabine,SMAD3 INHIBITORS,AU;CA;CN;DK;EP;ES;FI;HK;IN;US;WO,True
-1,IN-202517018123-A,Cytarabine,HETEROARYL CARBOXAMIDE AND RELATED GPR84 ANTAGONISTS AND USES THEREOF,AU;BR;CA;CN;EP;HK;IL;IN;JP;KR;MX;RU;TW;US;WO,False
-1,IN-202517017915-A,Cytarabine,ARYL-TRIAZOLYL AND RELATED GPR84 ANTAGONISTS AND USES THEREOF,AU;BR;CA;CN;EP;IL;IN;JP;KR;MX;RU;TW;US;WO,False
-1,IN-202517017908-A,Cytarabine,SUBSTITUTED PYRIDONE GPR84 ANTAGONISTS AND USES THEREOF,AU;BR;CA;CN;EP;HK;IL;IN;JP;KR;MX;RU;TW;US;WO,False
-1,HK-40115331-A,Cytarabine,SUBSTITUTED TRICYCLIC COMPOUNDS AS PARP INHIBITORS AND THE USE THEREOF,AU;BR;CA;CN;EP;HK;IL;IN;JP;KR;MX;RU;TW;US;WO,False
-1,IN-202517015087-A,Cytarabine,COMPOUNDS AND METHODS FOR MODULATING HER2,AU;BR;CA;CN;EP;IL;IN;JP;KR;MX;TW;US;WO;ZA,False
-1,IN-565418-B,Cytarabine,GIP RECEPTOR ACTIVATING PEPTIDE,AR;AU;BR;CA;CL;CN;CO;EA;EC;EP;HK;ID;IL;IN;JO;JP;KR;MA;MY;PE;PH;SG;TH;TW;US;VN;WO;ZA,False
-1,IN-202517042676-A,Cytarabine,PHTHALAZINE DERIVATIVES AS PYRUVATE KINASE MODULATORS,AR;AU;BR;CA;CL;CN;EA;EP;HK;ID;IL;IN;JP;KR;MX;TW;US;WO,False
-1,IN-566790-B,Cytarabine,PROCESS FOR PREPARING NANO- OR MICROPARTICLES COMPRISING A CARRIER- POLYMER AND ONE OR MORE BIOLOGICALLY ACTIVE INGREDIENTS,BR;CA;EP;ES;HK;HU;IL;IN;JP;PL;SI;US;WO,True
-1,IN-202517043953-A,Cytarabine,GLYCOSYNTHASE VARIANTS FOR ANTIBODY-DRUG CONJUGATE ENGINEERING,AU;BR;CA;CN;EP;IL;IN;JP;KR;RU;TW;US;WO,False
-1,RU-2842720-C1,Cytarabine,METHOD FOR CONDITIONING AND TRANSPLANTATION IN MULTIPLE SCLEROSIS AND OTHER SYSTEMIC AUTOIMMUNE DISEASES,RU,False
-1,HK-40118806-A,Cytarabine,COMBINATION THERAPIES,AU;BR;CA;CL;CN;CO;DO;EA;EP;HK;ID;IL;IN;JP;KR;MX;MY;PE;TW;US;UY;VN;WO,False
-1,IN-202517050866-A,Cytarabine,ANTIOXIDANT COMPOSITIONS AND METHODS OF USE,AU;CA;EP;IN;JP;KR;MX;US;WO,False
-1,HK-40070099-B,Cytarabine,SUBSTITUTED FUSED HETEROAROMATIC BICYCLIC COMPOUNDS AS KINASE INHIBITORS AND THE USE THEREOF,AU;BR;CA;CN;EA;EP;HK;IL;JP;KR;US;WO,False
-1,CA-3105541-C,Cytarabine,CROSS-LINKED PYRROLOBENZODIAZEPINE DIMER (PBD) DERIVATIVE AND ITS CONJUGATES,AU;BR;CA;CL;CN;EA;EP;HK;ID;IL;IN;JP;KR;MX;MY;NZ;PH;SG;TH;US;VN;WO,False
-1,IN-202517074810-A,Cytarabine,DRUG CONJUGATES AND METHODS OF PREPARING AND USING THE SAME,AU;CA;CN;EP;IL;IN;JP;KR;TW;WO,False
68981317,IL-279475-B1,Cytarabine,ECTONUCLEOTIDASE INHIBITORS AND METHODS OF USE THEREOF,AU;BR;CA;CL;CN;CO;EA;EP;HK;ID;IL;IN;JP;KR;MX;MY;NZ;PH;SG;TW;US;VN;WO,False
-1,HK-40121299-A,Cytarabine,DOSING STRATEGY THAT MITIGATES CYTOKINE RELEASE SYNDROME FOR CD3/CD20 BISPECIFIC ANTIBODIES,AU;CA;CN;DK;EP;ES;FI;HK;HR;HU;IL;JP;KR;LT;MA;MO;MX;PL;PT;RS;RU;SI;US;WO,True
89901144,EP-4646432-A1,Cytarabine,ANTI-IL-18BP ANTIBODIES,AR;CN;EP;JP;TW;WO,False
-1,IN-202517106632-A,Cytarabine,"COMBINATION OF A MENIN-LL1 INHIBITOR, A DNA INTERCALATING AGENT AND A PYRIMIDINE ANALOGUE TO TREAT A HEMATOPOIETIC DISORDER.",AR;AU;BR;CA;CN;EP;HK;IL;IN;JP;KR;MX;RU;TW;WO,False
-1,IN-202517109391-A,Cytarabine,TREATMENT OF HAEMATOLOGICAL CANCER,AU;CN;EP;IN;JP;WO,False
